customerID,segment,customerName
JC-153402,Consumer,Jasper Cacioppo
TS-216552,Consumer,Trudy Schmidt
MO-175002,Consumer,Mary O'Rourke
JE-157152,Consumer,Joe Elijah
TB-215202,Consumer,Tracy Blumstein
RC-198252,Consumer,Roy Collins
DJ-136302,Consumer,Doug Jacobs
LL-168402,Consumer,Lauren Leatherbury
AA-6451,Consumer,Anna Andreadi
FH-43501,Consumer,Fred Harton
DB-32101,Consumer,Dean Braden
KA-65251,Consumer,Kelly Andreada
JF-54152,Consumer,Jennifer Ferguson
HG-50252,Consumer,Hunter Glantz
HM-49802,Consumer,Henry MacAllister
SG-200802,Consumer,Sandra Glassco
AG-2702,Consumer,Alejandro Grove
BD-16351,Consumer,Brian Derr
JL-155054,Consumer,Jeremy Lonsdale
LC-68702,Consumer,Lena Cacioppo
LS-72301,Consumer,Lycoris Saunders
JM-61951,Consumer,Justin MacKendrick
KT-64651,Consumer,Kean Takahito
SG-104701,Consumer,Sheri Gordon
EC-40501,Consumer,Erin Creighton
JC-57751,Consumer,John Castell
JC-53851,Consumer,Jenna Caffey
LC-68851,Consumer,Lena Creighton
EH-39451,Consumer,Eric Hoffmann
AM-7051,Consumer,Anne McFarland
HG-50251,Consumer,Hunter Glantz
SG-106051,Consumer,Speros Goranitis
NW-84001,Consumer,Natalie Webber
SF-102001,Consumer,Sarah Foster
MJ-77401,Consumer,Max Jones
DK-133754,Consumer,Dennis Kane
CS-18601,Consumer,Cari Schnelling
BM-17851,Consumer,Bryan Mills
SS-204103,Consumer,Shahid Shariari
BE-114103,Consumer,Bobby Elias
IM-50551,Consumer,Ionia McGrath
JK-56251,Consumer,Jim Karlsson
JH-61801,Consumer,Justin Hirsh
PB-91501,Consumer,Philip Brown
RE-94501,Consumer,Richard Eichhorn
DV-34651,Consumer,Dianna Vittorini
EG-39001,Consumer,Emily Grady
DP-31651,Consumer,David Philippe
CC-26701,Consumer,Craig Carreira
NF-83851,Consumer,Natalie Fritzler
TS-110851,Consumer,Thais Sissman
MS-78301,Consumer,Melanie Seite
MM-79201,Consumer,Michael Moore
TB-115951,Consumer,Troy Blackwell
JF-54151,Consumer,Jennifer Ferguson
GZ-44701,Consumer,Gary Zandusky
JJ-54451,Consumer,Jennifer Jackson
DB-36151,Consumer,Doug Bickford
RA-99451,Consumer,Ryan Akin
RD-95851,Consumer,Rob Dowd
AC-4501,Consumer,Amy Cox
MH-180252,Consumer,Michelle Huthwaite
CJ-120102,Consumer,Caroline Jumper
JL-151303,Consumer,Jack Lebron
CL-118903,Consumer,Carl Ludwig
DN-136903,Consumer,Duane Noonan
SV-207853,Consumer,Stewart Visinsky
AF-108853,Consumer,Art Foster
EH-41852,Consumer,Evan Henry
NP-86702,Consumer,Nora Paige
NP-83251,Consumer,Naresj Patel
RM-93751,Consumer,Raymond Messe
TS-116102,Consumer,Troy Staebel
DO-34352,Consumer,Denny Ordway
CS-23552,Consumer,Christine Sundaresam
EP-39152,Consumer,Emily Phan
CC-21452,Consumer,Charles Crestani
MO-79502,Consumer,Michael Oakman
LC-68853,Consumer,Lena Creighton
RA-92853,Consumer,Ralph Arnett
JE-54752,Consumer,Jeremy Ellison
AB-1653,Consumer,Alan Barnes
MC-181001,Consumer,Mick Crebagga
KH-163601,Consumer,Katherine Hughes
RB-193301,Consumer,Randy Bradley
AG-103301,Consumer,Alex Grayson
LD-170051,Consumer,Lisa DeCherney
EM-140651,Consumer,Erin Mull
MH-180251,Consumer,Michelle Huthwaite
GT-147101,Consumer,Greg Tran
RK-193001,Consumer,Ralph Kennedy
CM-121151,Consumer,Chad McGuire
AA-104801,Consumer,Andrew Allen
KD-162701,Consumer,Karen Daniels
BF-110801,Consumer,Bart Folk
BD-116051,Consumer,Brian Dahlen
CM-123851,Consumer,Christopher Martinez
DL-133301,Consumer,Denise Leinenbach
NR-185501,Consumer,Nick Radford
SJ-205001,Consumer,Shirley Jackson
TG-213101,Consumer,Toby Gnade
EM-139601,Consumer,Eric Murdock
CG-125201,Consumer,Claire Gute
AB-101051,Consumer,Adrian Barton
JL-158501,Consumer,John Lucas
VG-217901,Consumer,Vivek Gonzalez
CD-122801,Consumer,Christina DeMoss
SC-203051,Consumer,Sean Christensen
CM-124451,Consumer,Chuck Magee
BD-117251,Consumer,Bruce Degenhardt
EJ-141551,Consumer,Eva Jacobs
LS-172301,Consumer,Lycoris Saunders
GT-147551,Consumer,Guy Thornton
SG-200801,Consumer,Sandra Glassco
DW-35403,Consumer,Don Weiss
TB-112803,Consumer,Toby Braunhardt
NR-85502,Consumer,Nick Radford
JM-52502,Consumer,Janet Martin
KM-67201,Consumer,Kunst Miller
Co-26401,Consumer,Corey-Lock
JK-53701,Consumer,Jay Kimmel
LP-70951,Consumer,Liz Preis
DB-136151,Consumer,Doug Bickford
NC-183401,Consumer,Nat Carroll
JS-160301,Consumer,Joy Smith
TT-210701,Consumer,Ted Trevino
LH-169001,Consumer,Lena Hernandez
CA-122651,Consumer,Christina Anderson
AA-103151,Consumer,Alex Avila
LC-170503,Consumer,Liz Carlisle
CM-121153,Consumer,Chad McGuire
AB-1501,Consumer,Aimee Bixby
RF-97351,Consumer,Roland Fjeld
JO-52801,Consumer,Jas O'Carroll
TM-114902,Consumer,Tony Molinari
RD-94803,Consumer,Rick Duston
BO-14251,Consumer,Bobby Odegard
LC-170502,Consumer,Liz Carlisle
KL-166452,Consumer,Ken Lonsdale
DM-130152,Consumer,Darrin Martin
KH-165102,Consumer,Keith Herrera
EJ-141552,Consumer,Eva Jacobs
PG-88202,Consumer,Patrick Gardner
PO-88653,Consumer,Patrick O'Donnell
JD-57902,Consumer,John Dryer
JW-160751,Consumer,Julia West
HG-148451,Consumer,Harry Greene
JK-160901,Consumer,Juliana Krohn
LR-169151,Consumer,Lena Radford
AH-4652,Consumer,Amy Hunt
RL-96151,Consumer,Rob Lucas
JW-159551,Consumer,Joni Wasserman
RH-195551,Consumer,Ritsa Hightower
IM-150701,Consumer,Irene Maddox
KB-163154,Consumer,Karl Braun
MD-173504,Consumer,Maribeth Dona
TT-210704,Consumer,Ted Trevino
JM-158654,Consumer,John Murray
MB-173054,Consumer,Maria Bertelson
RL-196151,Consumer,Rob Lucas
DB-30601,Consumer,Dave Brooks
MB-73052,Consumer,Maria Bertelson
BD-16352,Consumer,Brian Derr
MH-74551,Consumer,Mark Hamilton
EH-41851,Consumer,Evan Henry
TT-112201,Consumer,Thomas Thornton
DL-29251,Consumer,Daniel Lacy
TP-114151,Consumer,Tom Prescott
FO-43051,Consumer,Frank Olsen
LP-70801,Consumer,Liz Pelletier
AR-5402,Consumer,Andy Reiter
IL-51002,Consumer,Ivan Liston
DO-36453,Consumer,Doug O'Connell
MC-78452,Consumer,Michael Chen
CC-23702,Consumer,Christopher Conant
AR-5702,Consumer,Anemone Ratner
IL-51001,Consumer,Ivan Liston
EM-39601,Consumer,Eric Murdock
EJ-41551,Consumer,Eva Jacobs
RO-97801,Consumer,Rose O'Brian
RB-93601,Consumer,Raymond Buch
RD-99301,Consumer,Russell DAscenzo
NP-87001,Consumer,Nora Preis
RB-93302,Consumer,Randy Bradley
SO-203352,Consumer,Sean O'Donnell
RD-195852,Consumer,Rob Dowd
RE-194051,Consumer,Ricardo Emerson
LT-171101,Consumer,Liz Thompson
DK-130901,Consumer,Dave Kipp
TR-213251,Consumer,Toby Ritter
JS-158801,Consumer,John Stevenson
AF-108701,Consumer,Art Ferguson
NC-183402,Consumer,Nat Carroll
EN-137802,Consumer,Edward Nazzal
ST-205304,Consumer,Shui Tom
SV-209354,Consumer,Susan Vittorini
GB-145751,Consumer,Giulietta Baptist
NP-187001,Consumer,Nora Preis
HA-149201,Consumer,Helen Andreada
KB-163151,Consumer,Karl Braun
TB-215201,Consumer,Tracy Blumstein
FP-143201,Consumer,Frank Preis
DP-131651,Consumer,David Philippe
JC-153852,Consumer,Jenna Caffey
RC-198254,Consumer,Roy Collins
TB-214004,Consumer,Tom Boeckenhauer
DD-135704,Consumer,Dorothy Dickinson
TP-111301,Consumer,Theone Pippenger
RH-96001,Consumer,Rob Haberlin
GB-45751,Consumer,Giulietta Baptist
IG-50851,Consumer,Ivan Gibson
CC-23701,Consumer,Christopher Conant
BS-16651,Consumer,Brian Stugart
RB-93301,Consumer,Randy Bradley
JS-58801,Consumer,John Stevenson
JW-59551,Consumer,Joni Wasserman
RD-94801,Consumer,Rick Duston
EB-41101,Consumer,Eugene Barchas
MG-76951,Consumer,Maureen Gnade
CC-25501,Consumer,Clay Cheatham
BG-17401,Consumer,Bruce Geld
FP-43201,Consumer,Frank Preis
JE-54751,Consumer,Jeremy Ellison
SC-100951,Consumer,Sanjit Chand
BD-16201,Consumer,Brian DeCherney
JF-53551,Consumer,Jay Fein
AH-2101,Consumer,Alan Hwang
KH-65101,Consumer,Keith Herrera
SK-99901,Consumer,Sally Knutson
PM-89401,Consumer,Paul MacIntyre
JH-58201,Consumer,John Huston
PW-92401,Consumer,Pierre Wener
NG-184302,Consumer,Nathan Gelder
RD-197202,Consumer,Roger Demir
RB-95701,Consumer,Rob Beeghly
TT-110701,Consumer,Ted Trevino
TB-112501,Consumer,Tim Brockman
JG-51601,Consumer,James Galang
CM-21601,Consumer,Charles McCrossin
MV-81901,Consumer,Mike Vittorini
CR-27301,Consumer,Craig Reiter
TS-115051,Consumer,Tony Sayre
MW-82201,Consumer,Mitch Webber
CD-119202,Consumer,Carlos Daly
LP-170802,Consumer,Liz Pelletier
NP-186702,Consumer,Nora Paige
IM-150552,Consumer,Ionia McGrath
JK-152051,Consumer,Jamie Kunitz
AS-102401,Consumer,Alan Shonely
CS-124601,Consumer,Chuck Sachs
AJ-109451,Consumer,Ashley Jarboe
HG-150251,Consumer,Hunter Glantz
EB-141701,Consumer,Evan Bailliet
GM-144401,Consumer,Gary McGarr
AG-106754,Consumer,Anna Gayman
AW-108404,Consumer,Anthony Witt
CJ-120104,Consumer,Caroline Jumper
JD-60152,Consumer,Joy Daniels
JJ-54452,Consumer,Jennifer Jackson
NP-83253,Consumer,Naresj Patel
SO-103352,Consumer,Sean O'Donnell
TS-115052,Consumer,Tony Sayre
SJ-202152,Consumer,Sarah Jordon
JH-154302,Consumer,Jennifer Halladay
HG-150253,Consumer,Hunter Glantz
AG-106753,Consumer,Anna Gayman
JM-158652,Consumer,John Murray
HA-149052,Consumer,Helen Abelman
AF-108852,Consumer,Art Foster
TS-216103,Consumer,Troy Staebel
LH-171552,Consumer,Logan Haushalter
JE-157454,Consumer,Joel Eaton
NM-185204,Consumer,Neoma Murray
NR-185504,Consumer,Nick Radford
FM-143804,Consumer,Fred McMath
HG-150254,Consumer,Hunter Glantz
HZ-49502,Consumer,Henia Zydlo
PJ-90152,Consumer,Pauline Johnson
BD-117253,Consumer,Bruce Degenhardt
RR-193153,Consumer,Ralph Ritter
CD-119803,Consumer,Carol Darley
PG-188953,Consumer,Paul Gonzalez
RH-194953,Consumer,Rick Hansen
KT-164653,Consumer,Kean Takahito
AJ-109601,Consumer,Astrea Jones
TB-214002,Consumer,Tom Boeckenhauer
GT-147552,Consumer,Guy Thornton
CC-125502,Consumer,Clay Cheatham
FO-43052,Consumer,Frank Olsen
PT-90902,Consumer,Pete Takahito
RD-99302,Consumer,Russell DAscenzo
CM-19352,Consumer,Carlos Meador
LH-67502,Consumer,Larry Hughes
WB-218501,Consumer,William Brown
SS-204101,Consumer,Shahid Shariari
GH-144251,Consumer,Gary Hwang
SS-204102,Consumer,Shahid Shariari
JB-159252,Consumer,Joni Blumstein
AW-108402,Consumer,Anthony Witt
JK-157302,Consumer,Joe Kamberova
CS-119502,Consumer,Carlos Soltero
GM-146802,Consumer,Greg Matthias
TC-212952,Consumer,Toby Carlisle
JH-159102,Consumer,Jonathan Howell
TS-216102,Consumer,Troy Staebel
AG-106752,Consumer,Anna Gayman
AJ-109452,Consumer,Ashley Jarboe
FO-143052,Consumer,Frank Olsen
EB-141102,Consumer,Eugene Barchas
LW-171252,Consumer,Liz Willingham
MM-179202,Consumer,Michael Moore
MV-181902,Consumer,Mike Vittorini
JE-57152,Consumer,Joe Elijah
MM-79202,Consumer,Michael Moore
WB-218504,Consumer,William Brown
AH-102104,Consumer,Alan Hwang
BD-116204,Consumer,Brian DeCherney
KH-163603,Consumer,Katherine Hughes
LC-171401,Consumer,Logan Currie
MS-77702,Consumer,Maxwell Schwartz
VD-116702,Consumer,Valerie Dominguez
PS-187604,Consumer,Pamela Stobb
SP-109202,Consumer,Susan Pistek
EC-40502,Consumer,Erin Creighton
RM-197501,Consumer,Roland Murray
AA-103752,Consumer,Allen Armold
SP-209202,Consumer,Susan Pistek
PT-190902,Consumer,Pete Takahito
BN-115152,Consumer,Bradley Nguyen
SV-203651,Consumer,Seth Vernon
JG-51152,Consumer,Jack Garza
NW-84003,Consumer,Natalie Webber
GH-44253,Consumer,Gary Hwang
DB-32102,Consumer,Dean Braden
MJ-77402,Consumer,Max Jones
AW-8401,Consumer,Anthony Witt
GT-47553,Consumer,Guy Thornton
MC-75752,Consumer,Matt Collins
AR-5102,Consumer,Andrew Roberts
SJ-105001,Consumer,Shirley Jackson
BS-16652,Consumer,Brian Stugart
BK-12602,Consumer,Berenike Kampe
SB-101702,Consumer,Sarah Bern
SG-106052,Consumer,Speros Goranitis
PM-89402,Consumer,Paul MacIntyre
DF-31352,Consumer,David Flashing
AB-1053,Consumer,Adrian Barton
EH-39902,Consumer,Erica Hackney
JE-57452,Consumer,Joel Eaton
CS-24602,Consumer,Chuck Sachs
LM-70651,Consumer,Liz MacKendrick
JW-159552,Consumer,Joni Wasserman
PM-189402,Consumer,Paul MacIntyre
AZ-107502,Consumer,Annie Zypern
SH-203952,Consumer,Shahid Hopkins
BG-110351,Consumer,Barry Gonzalez
XP-218651,Consumer,Xylona Preis
JA-159701,Consumer,Joseph Airdo
NP-183251,Consumer,Naresj Patel
ML-182651,Consumer,Muhammed Lee
LH-170201,Consumer,Lisa Hazard
BT-116801,Consumer,Brian Thompson
HM-149801,Consumer,Henry MacAllister
TS-215051,Consumer,Tony Sayre
CJ-120101,Consumer,Caroline Jumper
LS-172451,Consumer,Lynn Smith
VS-118202,Consumer,Vivek Sundaresam
CC-26852,Consumer,Craig Carroll
GZ-44703,Consumer,Gary Zandusky
FM-43802,Consumer,Fred McMath
DP-30003,Consumer,Darren Powers
MC-72751,Consumer,Marc Crier
NG-84301,Consumer,Nathan Gelder
MS-75301,Consumer,MaryBeth Skach
SV-107851,Consumer,Stewart Visinsky
JF-51901,Consumer,Jamie Frazer
SF-202003,Consumer,Sarah Foster
SH-203953,Consumer,Shahid Hopkins
CC-125503,Consumer,Clay Cheatham
KW-165703,Consumer,Kelly Williams
EH-139903,Consumer,Erica Hackney
SM-200053,Consumer,Sally Matthias
JK-153703,Consumer,Jay Kimmel
JM-158651,Consumer,John Murray
CS-119501,Consumer,Carlos Soltero
LP-170951,Consumer,Liz Preis
IG-150851,Consumer,Ivan Gibson
SV-207852,Consumer,Stewart Visinsky
JH-161802,Consumer,Justin Hirsh
CT-119952,Consumer,Carol Triggs
IG-150852,Consumer,Ivan Gibson
LH-167502,Consumer,Larry Hughes
RB-195702,Consumer,Rob Beeghly
MM-172602,Consumer,Magdelene Morse
TT-210702,Consumer,Ted Trevino
JD-160603,Consumer,Julia Dunbar
JW-160753,Consumer,Julia West
PB-191052,Consumer,Peter Buhler
JL-155052,Consumer,Jeremy Lonsdale
MC-178453,Consumer,Michael Chen
LR-169153,Consumer,Lena Radford
GH-144253,Consumer,Gary Hwang
VD-216703,Consumer,Valerie Dominguez
FO-143053,Consumer,Frank Olsen
JS-158803,Consumer,John Stevenson
NR-185503,Consumer,Nick Radford
BD-117703,Consumer,Bryan Davis
RL-196153,Consumer,Rob Lucas
PO-188653,Consumer,Patrick O'Donnell
WB-218503,Consumer,William Brown
PG-188203,Consumer,Patrick Gardner
LL-168403,Consumer,Lauren Leatherbury
TP-211303,Consumer,Theone Pippenger
CJ-120103,Consumer,Caroline Jumper
AB-100153,Consumer,Aaron Bergman
MM-179203,Consumer,Michael Moore
RH-196003,Consumer,Rob Haberlin
JL-155053,Consumer,Jeremy Lonsdale
BD-113203,Consumer,Bill Donatelli
MS-173653,Consumer,Maribeth Schnelling
JP-155203,Consumer,Jeremy Pistek
CK-122054,Consumer,Chloris Kastensmidt
NC-183404,Consumer,Nat Carroll
CT-119954,Consumer,Carol Triggs
PK-190754,Consumer,Pete Kriz
BE-114104,Consumer,Bobby Elias
JF-155652,Consumer,Jill Fjeld
MM-180553,Consumer,Michelle Moray
DD-135703,Consumer,Dorothy Dickinson
AA-106453,Consumer,Anna Andreadi
IM-50552,Consumer,Ionia McGrath
RD-195853,Consumer,Rob Dowd
RE-94502,Consumer,Richard Eichhorn
MT-78152,Consumer,Meg Tillman
MK-81603,Consumer,Mike Kennedy
JB-160003,Consumer,Joy Bell-
DO-134353,Consumer,Denny Ordway
RK-193003,Consumer,Ralph Kennedy
DP-130003,Consumer,Darren Powers
MO-175003,Consumer,Mary O'Rourke
RO-197803,Consumer,Rose O'Brian
MN-179353,Consumer,Michael Nguyen
DB-30602,Consumer,Dave Brooks
DL-33303,Consumer,Denise Leinenbach
JC-53852,Consumer,Jenna Caffey
BD-16202,Consumer,Brian DeCherney
BM-11402,Consumer,Becky Martin
TB-112502,Consumer,Tim Brockman
ZD-119252,Consumer,Zuschuss Donatelli
PF-91652,Consumer,Philip Fox
JK-156253,Consumer,Jim Karlsson
CD-19803,Consumer,Carol Darley
HA-49202,Consumer,Helen Andreada
JH-58202,Consumer,John Huston
JM-55802,Consumer,Jill Matthias
MV-81902,Consumer,Mike Vittorini
JK-56253,Consumer,Jim Karlsson
JL-51303,Consumer,Jack Lebron
RE-94052,Consumer,Ricardo Emerson
JB-59252,Consumer,Joni Blumstein
KB-163153,Consumer,Karl Braun
JK-152052,Consumer,Jamie Kunitz
JS-160302,Consumer,Joy Smith
AH-102102,Consumer,Alan Hwang
KD-162702,Consumer,Karen Daniels
MG-181453,Consumer,Mike Gockenbach
AS-102403,Consumer,Alan Shonely
MB-173053,Consumer,Maria Bertelson
MB-80852,Consumer,Mick Brown
GW-46052,Consumer,Giulietta Weimer
MB-173052,Consumer,Maria Bertelson
JM-155352,Consumer,Jessica Myrick
SE-201104,Consumer,Sanjit Engle
SH-203954,Consumer,Shahid Hopkins
GB-145754,Consumer,Giulietta Baptist
AG-103904,Consumer,Allen Goldenen
KH-165104,Consumer,Keith Herrera
JK-152054,Consumer,Jamie Kunitz
KH-163604,Consumer,Katherine Hughes
GZ-144704,Consumer,Gary Zandusky
RO-197804,Consumer,Rose O'Brian
LE-168104,Consumer,Laurel Elliston
MV-174854,Consumer,Mark Van Huff
CB-120254,Consumer,Cassandra Brandow
AB-100154,Consumer,Aaron Bergman
DC-128504,Consumer,Dan Campbell
SC-208454,Consumer,Sung Chung
MG-176953,Consumer,Maureen Gnade
BP-112303,Consumer,Benjamin Patterson
AR-105101,Consumer,Andrew Roberts
JJ-154451,Consumer,Jennifer Jackson
CC-125501,Consumer,Clay Cheatham
DL-133152,Consumer,Delfina Latchford
BD-116352,Consumer,Brian Derr
CC-121452,Consumer,Charles Crestani
SE-201103,Consumer,Sanjit Engle
KW-164353,Consumer,Katrina Willman
MC-175753,Consumer,Matt Collins
GM-145003,Consumer,Gene McClure
CB-124153,Consumer,Christy Brittain
ES-140202,Consumer,Erica Smith
JS-158802,Consumer,John Stevenson
AG-103903,Consumer,Allen Goldenen
BS-117551,Consumer,Bruce Stewart
JK-157304,Consumer,Joe Kamberova
SG-206054,Consumer,Speros Goranitis
DB-136154,Consumer,Doug Bickford
RC-199602,Consumer,Ryan Crowe
TZ-115802,Consumer,Tracy Zic
RW-96902,Consumer,Robert Waldorf
KT-64802,Consumer,Kean Thornton
PS-87602,Consumer,Pamela Stobb
BT-14402,Consumer,Bobby Trafton
LL-68402,Consumer,Lauren Leatherbury
DO-136452,Consumer,Doug O'Connell
RM-193752,Consumer,Raymond Messe
JM-55352,Consumer,Jessica Myrick
MS-75302,Consumer,MaryBeth Skach
RB-95702,Consumer,Rob Beeghly
CV-22952,Consumer,Christina VanderZanden
SB-201852,Consumer,Sarah Brown
BP-12302,Consumer,Benjamin Patterson
BD-17252,Consumer,Bruce Degenhardt
MM-72603,Consumer,Magdelene Morse
TB-115202,Consumer,Tracy Blumstein
MT-178153,Consumer,Meg Tillman
RD-97201,Consumer,Roger Demir
CK-25951,Consumer,Clytie Kelty
LS-72451,Consumer,Lynn Smith
SS-105901,Consumer,Sonia Sunley
RD-195854,Consumer,Rob Dowd
JF-154904,Consumer,Jeremy Farry
XP-218654,Consumer,Xylona Preis
SE-201102,Consumer,Sanjit Engle
SG-204704,Consumer,Sheri Gordon
CM-123854,Consumer,Christopher Martinez
FH-143504,Consumer,Fred Harton
JH-159104,Consumer,Jonathan Howell
JS-158804,Consumer,John Stevenson
JG-151604,Consumer,James Galang
AA-103754,Consumer,Allen Armold
JC-157754,Consumer,John Castell
SC-203804,Consumer,Shahid Collister
SS-204104,Consumer,Shahid Shariari
DL-133154,Consumer,Delfina Latchford
PF-192254,Consumer,Phillip Flathmann
LM-170651,Consumer,Liz MacKendrick
DC-132852,Consumer,Debra Catini
PF-192252,Consumer,Phillip Flathmann
TS-210852,Consumer,Thais Sissman
TM-210104,Consumer,Tamara Manning
RB-193604,Consumer,Raymond Buch
RE-194504,Consumer,Richard Eichhorn
MS-177104,Consumer,Maurice Satty
AM-107054,Consumer,Anne McFarland
LM-170654,Consumer,Liz MacKendrick
JD-160602,Consumer,Julia Dunbar
PO-188501,Consumer,Patrick O'Brill
MO-175001,Consumer,Mary O'Rourke
LC-170501,Consumer,Liz Carlisle
LH-167501,Consumer,Larry Hughes
MD-173501,Consumer,Maribeth Dona
RD-199001,Consumer,Ruben Dartt
SH-203951,Consumer,Shahid Hopkins
RO-197801,Consumer,Rose O'Brian
SG-206051,Consumer,Speros Goranitis
GA-147251,Consumer,Guy Armstrong
TH-211001,Consumer,Thea Hendricks
DL-133151,Consumer,Delfina Latchford
SW-202751,Consumer,Scott Williamson
KT-164801,Consumer,Kean Thornton
AP-109151,Consumer,Arthur Prichep
PG-188201,Consumer,Patrick Gardner
AW-108401,Consumer,Anthony Witt
SC-208451,Consumer,Sung Chung
MT-178151,Consumer,Meg Tillman
OT-187301,Consumer,Olvera Toch
CD-119802,Consumer,Carol Darley
TD-209952,Consumer,Tamara Dahlen
KM-166602,Consumer,Khloe Miller
MS-177702,Consumer,Maxwell Schwartz
TB-216252,Consumer,Trudy Brown
DL-133302,Consumer,Denise Leinenbach
CC-123702,Consumer,Christopher Conant
BD-115002,Consumer,Bradley Drucker
KM-166601,Consumer,Khloe Miller
SM-209051,Consumer,Susan MacKendrick
ZC-219104,Consumer,Zuschuss Carroll
LP-170954,Consumer,Liz Preis
SW-202454,Consumer,Scot Wooten
RR-193154,Consumer,Ralph Ritter
MM-180554,Consumer,Michelle Moray
LC-168704,Consumer,Lena Cacioppo
ME-177254,Consumer,Max Engle
JM-161954,Consumer,Justin MacKendrick
KA-165254,Consumer,Kelly Andreada
KW-164354,Consumer,Katrina Willman
TB-212504,Consumer,Tim Brockman
RB-193304,Consumer,Randy Bradley
EB-141704,Consumer,Evan Bailliet
JB-159254,Consumer,Joni Blumstein
CS-121304,Consumer,Chad Sievert
BG-110354,Consumer,Barry Gonzalez
RD-199304,Consumer,Russell DAscenzo
JF-153554,Consumer,Jay Fein
NG-184304,Consumer,Nathan Gelder
BG-117401,Consumer,Bruce Geld
SP-209203,Consumer,Susan Pistek
DL-133303,Consumer,Denise Leinenbach
RM-197503,Consumer,Roland Murray
BS-117552,Consumer,Bruce Stewart
JK-156252,Consumer,Jim Karlsson
AB-101052,Consumer,Adrian Barton
MV-174852,Consumer,Mark Van Huff
AC-104504,Consumer,Amy Cox
PB-191504,Consumer,Philip Brown
KM-167204,Consumer,Kunst Miller
DC-128503,Consumer,Dan Campbell
BS-17552,Consumer,Bruce Stewart
JM-61952,Consumer,Justin MacKendrick
LS-72302,Consumer,Lycoris Saunders
AG-103302,Consumer,Alex Grayson
CD-122803,Consumer,Christina DeMoss
AW-108403,Consumer,Anthony Witt
MH-174553,Consumer,Mark Hamilton
JF-155653,Consumer,Jill Fjeld
CC-126703,Consumer,Craig Carreira
CM-121903,Consumer,Charlotte Melton
PF-92252,Consumer,Phillip Flathmann
KM-66602,Consumer,Khloe Miller
GH-46653,Consumer,Greg Hansen
KH-165101,Consumer,Keith Herrera
CM-121601,Consumer,Charles McCrossin
DL-128651,Consumer,Dan Lawera
SA-208301,Consumer,Sue Ann Reed
DC-128501,Consumer,Dan Campbell
EN-137801,Consumer,Edward Nazzal
AG-106751,Consumer,Anna Gayman
AM-107052,Consumer,Anne McFarland
LW-172152,Consumer,Luke Weiss
GM-44401,Consumer,Gary McGarr
TB-116252,Consumer,Trudy Brown
CM-24452,Consumer,Chuck Magee
JH-61803,Consumer,Justin Hirsh
JS-58802,Consumer,John Stevenson
DK-28952,Consumer,Dana Kaydos
GM-45002,Consumer,Gene McClure
JL-55052,Consumer,Jeremy Lonsdale
JR-56702,Consumer,Jim Radford
SC-100952,Consumer,Sanjit Chand
CA-22652,Consumer,Christina Anderson
SC-108452,Consumer,Sung Chung
TT-112202,Consumer,Thomas Thornton
BD-13202,Consumer,Bill Donatelli
CM-22352,Consumer,Chris McAfee
DC-28503,Consumer,Dan Campbell
PB-91502,Consumer,Philip Brown
RD-97202,Consumer,Roger Demir
BP-11553,Consumer,Becky Pak
GM-46802,Consumer,Greg Matthias
BE-14102,Consumer,Bobby Elias
PG-88952,Consumer,Paul Gonzalez
EB-41102,Consumer,Eugene Barchas
KB-63152,Consumer,Karl Braun
CB-20251,Consumer,Cassandra Brandow
SC-105751,Consumer,Sonia Cooley
ME-77253,Consumer,Max Engle
LT-67653,Consumer,Larry Tron
MS-77102,Consumer,Maurice Satty
CS-25052,Consumer,Cindy Stewart
TB-115952,Consumer,Troy Blackwell
MC-81001,Consumer,Mick Crebagga
EJ-41552,Consumer,Eva Jacobs
RD-99002,Consumer,Ruben Dartt
SG-100803,Consumer,Sandra Glassco
CB-24152,Consumer,Christy Brittain
AR-105102,Consumer,Andrew Roberts
JC-157752,Consumer,John Castell
PB-191502,Consumer,Philip Brown
KD-163452,Consumer,Katherine Ducich
LF-171851,Consumer,Luke Foster
LW-172151,Consumer,Luke Weiss
BE-114101,Consumer,Bobby Elias
CR-27302,Consumer,Craig Reiter
MV-174853,Consumer,Mark Van Huff
LW-171253,Consumer,Liz Willingham
TH-211003,Consumer,Thea Hendricks
PG-188204,Consumer,Patrick Gardner
GM-145004,Consumer,Gene McClure
JM-155354,Consumer,Jessica Myrick
BG-117404,Consumer,Bruce Geld
NC-83403,Consumer,Nat Carroll
JL-58352,Consumer,John Lee
GM-44402,Consumer,Gary McGarr
MS-73652,Consumer,Maribeth Schnelling
DC-32852,Consumer,Debra Catini
JR-57002,Consumer,Jocasta Rupert
MO-75002,Consumer,Mary O'Rourke
AA-3152,Consumer,Alex Avila
CS-121301,Consumer,Chad Sievert
BM-111401,Consumer,Becky Martin
JM-155351,Consumer,Jessica Myrick
JR-156701,Consumer,Jim Radford
EB-139301,Consumer,Eric Barreto
NF-183851,Consumer,Natalie Fritzler
GA-145151,Consumer,George Ashbrook
SF-202001,Consumer,Sarah Foster
HF-149953,Consumer,Herbert Flentye
JM-155803,Consumer,Jill Matthias
KC-65402,Consumer,Kelly Collister
RP-193904,Consumer,Resi Polking
EM-139604,Consumer,Eric Murdock
JM-155804,Consumer,Jill Matthias
HF-149954,Consumer,Herbert Flentye
SV-207854,Consumer,Stewart Visinsky
BF-110804,Consumer,Bart Folk
CC-124754,Consumer,Cindy Chapman
CM-121604,Consumer,Charles McCrossin
RC-199604,Consumer,Ryan Crowe
JM-152504,Consumer,Janet Martin
MS-178304,Consumer,Melanie Seite
NR-85501,Consumer,Nick Radford
CC-22201,Consumer,Chris Cortes
BD-17701,Consumer,Bryan Davis
CL-25651,Consumer,Clay Ludtke
GW-46051,Consumer,Giulietta Weimer
AZ-7501,Consumer,Annie Zypern
TM-114901,Consumer,Tony Molinari
RK-93001,Consumer,Ralph Kennedy
TB-112801,Consumer,Toby Braunhardt
SW-202452,Consumer,Scot Wooten
DL-33301,Consumer,Denise Leinenbach
LB-67351,Consumer,Larry Blacks
TS-213401,Consumer,Toby Swindell
LC-168851,Consumer,Lena Creighton
RK-93002,Consumer,Ralph Kennedy
SA-108303,Consumer,Sue Ann Reed
OT-87301,Consumer,Olvera Toch
SB-201851,Consumer,Sarah Brown
JK-157301,Consumer,Joe Kamberova
PS-187601,Consumer,Pamela Stobb
AM-107051,Consumer,Anne McFarland
JC-153401,Consumer,Jasper Cacioppo
MS-178301,Consumer,Melanie Seite
TS-216551,Consumer,Trudy Schmidt
DB-130601,Consumer,Dave Brooks
SC-208001,Consumer,Stuart Calhoun
AI-108551,Consumer,Arianne Irving
MG-176951,Consumer,Maureen Gnade
ES-140201,Consumer,Erica Smith
RC-199601,Consumer,Ryan Crowe
MV-174851,Consumer,Mark Van Huff
NP-186701,Consumer,Nora Paige
DM-130151,Consumer,Darrin Martin
AR-105701,Consumer,Anemone Ratner
Co-126401,Consumer,Corey-Lock
MH-174551,Consumer,Mark Hamilton
CM-121901,Consumer,Charlotte Melton
RM-193751,Consumer,Raymond Messe
AH-105851,Consumer,Angele Hood
JF-154901,Consumer,Jeremy Farry
TP-214151,Consumer,Tom Prescott
TC-212951,Consumer,Toby Carlisle
PG-188951,Consumer,Paul Gonzalez
LE-168101,Consumer,Laurel Elliston
CD-119801,Consumer,Carol Darley
JH-159851,Consumer,Joseph Holt
PB-191501,Consumer,Philip Brown
DO-134351,Consumer,Denny Ordway
GM-145001,Consumer,Gene McClure
AC-106601,Consumer,Anna Chung
DB-134051,Consumer,Denny Blanton
VM-218351,Consumer,Vivian Mathis
JL-151301,Consumer,Jack Lebron
MC-175751,Consumer,Matt Collins
DJ-136301,Consumer,Doug Jacobs
PW-192401,Consumer,Pierre Wener
CM-119351,Consumer,Carlos Meador
SC-203801,Consumer,Shahid Collister
MC-178451,Consumer,Michael Chen
TD-209951,Consumer,Tamara Dahlen
AB-100151,Consumer,Aaron Bergman
TZ-215801,Consumer,Tracy Zic
TB-214001,Consumer,Tom Boeckenhauer
NC-184151,Consumer,Nathan Cano
SP-209201,Consumer,Susan Pistek
TB-212801,Consumer,Toby Braunhardt
BP-112901,Consumer,Beth Paige
TP-211301,Consumer,Theone Pippenger
VD-216701,Consumer,Valerie Dominguez
JF-152951,Consumer,Jason Fortune-
RA-199451,Consumer,Ryan Akin
SC-107251,Consumer,Steven Cartwright
JL-158503,Consumer,John Lucas
DO-136451,Consumer,Doug O'Connell
LB-167351,Consumer,Larry Blacks
AH-102101,Consumer,Alan Hwang
BD-117701,Consumer,Bryan Davis
NW-184001,Consumer,Natalie Webber
ML-174101,Consumer,Maris LaWare
AF-108851,Consumer,Art Foster
DC-32851,Consumer,Debra Catini
CB-120251,Consumer,Cassandra Brandow
AR-105401,Consumer,Andy Reiter
ST-205302,Consumer,Shui Tom
KT-164652,Consumer,Kean Takahito
BP-112302,Consumer,Benjamin Patterson
CM-119352,Consumer,Carlos Meador
AC-106602,Consumer,Anna Chung
BO-114252,Consumer,Bobby Odegard
CL-118902,Consumer,Carl Ludwig
GT-147102,Consumer,Greg Tran
RA-192852,Consumer,Ralph Arnett
AB-101502,Consumer,Aimee Bixby
RA-199452,Consumer,Ryan Akin
KA-165252,Consumer,Kelly Andreada
AA-106452,Consumer,Anna Andreadi
BD-116202,Consumer,Brian DeCherney
VG-217902,Consumer,Vivek Gonzalez
JA-159702,Consumer,Joseph Airdo
CK-122052,Consumer,Chloris Kastensmidt
MB-180852,Consumer,Mick Brown
PK-190752,Consumer,Pete Kriz
EM-139603,Consumer,Eric Murdock
MS-177703,Consumer,Maxwell Schwartz
RP-193903,Consumer,Resi Polking
PR-188803,Consumer,Patrick Ryan
AS-100903,Consumer,Adam Shillingsburg
RB-194353,Consumer,Richard Bierner
MS-177103,Consumer,Maurice Satty
CK-122053,Consumer,Chloris Kastensmidt
SC-200953,Consumer,Sanjit Chand
HM-149803,Consumer,Henry MacAllister
EB-141703,Consumer,Evan Bailliet
PW-192403,Consumer,Pierre Wener
LS-172303,Consumer,Lycoris Saunders
CD-19802,Consumer,Carol Darley
BG-117402,Consumer,Bruce Geld
PW-192402,Consumer,Pierre Wener
AH-104654,Consumer,Amy Hunt
MC-181003,Consumer,Mick Crebagga
JD-160152,Consumer,Joy Daniels
CC-126702,Consumer,Craig Carreira
SC-200952,Consumer,Sanjit Chand
AF-8703,Consumer,Art Ferguson
CD-19202,Consumer,Carlos Daly
EM-39603,Consumer,Eric Murdock
DM-30152,Consumer,Darrin Martin
IG-50852,Consumer,Ivan Gibson
TB-110552,Consumer,Ted Butterfield
CM-21602,Consumer,Charles McCrossin
RH-94952,Consumer,Rick Hansen
PW-92402,Consumer,Pierre Wener
SC-100202,Consumer,Sam Craven
LC-71403,Consumer,Logan Currie
BH-17102,Consumer,Brosina Hoffman
CK-22052,Consumer,Chloris Kastensmidt
RM-97502,Consumer,Roland Murray
ML-174102,Consumer,Maris LaWare
EP-39151,Consumer,Emily Phan
WB-218502,Consumer,William Brown
MS-177102,Consumer,Maurice Satty
LC-70501,Consumer,Liz Carlisle
SB-101701,Consumer,Sarah Bern
MC-178452,Consumer,Michael Chen
MG-81451,Consumer,Mike Gockenbach
RF-197353,Consumer,Roland Fjeld
CM-119353,Consumer,Carlos Meador
EH-141853,Consumer,Evan Henry
EJ-141553,Consumer,Eva Jacobs
TB-212803,Consumer,Toby Braunhardt
ST-205303,Consumer,Shui Tom
BG-117403,Consumer,Bruce Geld
GM-144402,Consumer,Gary McGarr
AS-102402,Consumer,Alan Shonely
SV-203652,Consumer,Seth Vernon
SC-203054,Consumer,Sean Christensen
TB-215204,Consumer,Tracy Blumstein
HZ-149502,Consumer,Henia Zydlo
AA-4801,Consumer,Andrew Allen
MH-174552,Consumer,Mark Hamilton
TH-111002,Consumer,Thea Hendricks
EJ-37202,Consumer,Ed Jacobs
TG-116403,Consumer,Trudy Glocke
CK-122051,Consumer,Chloris Kastensmidt
SC-205751,Consumer,Sonia Cooley
JM-161951,Consumer,Justin MacKendrick
JH-159101,Consumer,Jonathan Howell
AS-100901,Consumer,Adam Shillingsburg
GW-146051,Consumer,Giulietta Weimer
TS-116101,Consumer,Troy Staebel
HG-48451,Consumer,Harry Greene
CC-26702,Consumer,Craig Carreira
JH-59851,Consumer,Joseph Holt
EC-140501,Consumer,Erin Creighton
EB-138701,Consumer,Emily Burns
KC-165401,Consumer,Kelly Collister
KA-165251,Consumer,Kelly Andreada
DF-131351,Consumer,David Flashing
BW-112001,Consumer,Ben Wallace
JC-157751,Consumer,John Castell
TM-214901,Consumer,Tony Molinari
RD-197201,Consumer,Roger Demir
NS-185052,Consumer,Neola Schneider
KB-163152,Consumer,Karl Braun
AH-104651,Consumer,Amy Hunt
KD-163451,Consumer,Katherine Ducich
KT-164651,Consumer,Kean Takahito
SS-104103,Consumer,Shahid Shariari
MH-74552,Consumer,Mark Hamilton
TR-213254,Consumer,Toby Ritter
JD-157904,Consumer,John Dryer
EH-139904,Consumer,Erica Hackney
RD-199004,Consumer,Ruben Dartt
AB-101654,Consumer,Alan Barnes
SF-202004,Consumer,Sarah Foster
PB-191503,Consumer,Philip Brown
DB-136603,Consumer,Duane Benoit
BM-111403,Consumer,Becky Martin
GM-146803,Consumer,Greg Matthias
SG-206053,Consumer,Speros Goranitis
TZ-215803,Consumer,Tracy Zic
DL-129253,Consumer,Daniel Lacy
RR-193151,Consumer,Ralph Ritter
SW-202451,Consumer,Scot Wooten
AA-106451,Consumer,Anna Andreadi
DB-132101,Consumer,Dean Braden
KH-65102,Consumer,Keith Herrera
DV-134652,Consumer,Dianna Vittorini
SM-200052,Consumer,Sally Matthias
HZ-149501,Consumer,Henia Zydlo
JM-152501,Consumer,Janet Martin
BN-15151,Consumer,Bradley Nguyen
MS-73651,Consumer,Maribeth Schnelling
MB-80851,Consumer,Mick Brown
SA-108301,Consumer,Sue Ann Reed
RE-94051,Consumer,Ricardo Emerson
GM-45001,Consumer,Gene McClure
HZ-49501,Consumer,Henia Zydlo
JH-54301,Consumer,Jennifer Halladay
GH-44251,Consumer,Gary Hwang
SC-203052,Consumer,Sean Christensen
SM-109051,Consumer,Susan MacKendrick
PJ-90151,Consumer,Pauline Johnson
SC-108001,Consumer,Stuart Calhoun
JF-52951,Consumer,Jason Fortune-
EJ-37201,Consumer,Ed Jacobs
AB-152,Consumer,Aaron Bergman
AA-104802,Consumer,Andrew Allen
OT-187302,Consumer,Olvera Toch
SC-207252,Consumer,Steven Cartwright
DB-136152,Consumer,Doug Bickford
DP-130002,Consumer,Darren Powers
TG-213102,Consumer,Toby Gnade
JF-152952,Consumer,Jason Fortune-
ZC-219102,Consumer,Zuschuss Carroll
CC-122202,Consumer,Chris Cortes
NP-187002,Consumer,Nora Preis
CC-126852,Consumer,Craig Carroll
RB-193602,Consumer,Raymond Buch
SK-199902,Consumer,Sally Knutson
JH-159852,Consumer,Joseph Holt
TG-216402,Consumer,Trudy Glocke
SS-205902,Consumer,Sonia Sunley
JH-158202,Consumer,John Huston
BH-117102,Consumer,Brosina Hoffman
DP-131652,Consumer,David Philippe
LT-171102,Consumer,Liz Thompson
FM-143802,Consumer,Fred McMath
GH-144252,Consumer,Gary Hwang
DL-128652,Consumer,Dan Lawera
SC-208002,Consumer,Stuart Calhoun
MO-179502,Consumer,Michael Oakman
MS-175302,Consumer,MaryBeth Skach
DB-132102,Consumer,Dean Braden
MS-178302,Consumer,Melanie Seite
SF-200652,Consumer,Sandra Flanagan
AA-103152,Consumer,Alex Avila
EB-138702,Consumer,Emily Burns
JL-152352,Consumer,Janet Lee
CM-122352,Consumer,Chris McAfee
TM-210102,Consumer,Tamara Manning
AI-108552,Consumer,Arianne Irving
ZD-219252,Consumer,Zuschuss Donatelli
CL-125652,Consumer,Clay Ludtke
CS-118602,Consumer,Cari Schnelling
CM-121152,Consumer,Chad McGuire
MH-80251,Consumer,Michelle Huthwaite
AC-6601,Consumer,Anna Chung
AG-2701,Consumer,Alejandro Grove
OT-187304,Consumer,Olvera Toch
LT-171103,Consumer,Liz Thompson
CS-119503,Consumer,Carlos Soltero
JF-51902,Consumer,Jamie Frazer
LB-167353,Consumer,Larry Blacks
DW-135403,Consumer,Don Weiss
CT-119951,Consumer,Carol Triggs
RW-196901,Consumer,Robert Waldorf
NG-184301,Consumer,Nathan Gelder
TM-210101,Consumer,Tamara Manning
BS-116651,Consumer,Brian Stugart
SV-209351,Consumer,Susan Vittorini
EG-139001,Consumer,Emily Grady
CC-124751,Consumer,Cindy Chapman
JH-158201,Consumer,John Huston
IL-151001,Consumer,Ivan Liston
MG-181451,Consumer,Mike Gockenbach
ST-205301,Consumer,Shui Tom
TG-216401,Consumer,Trudy Glocke
RB-193601,Consumer,Raymond Buch
JG-151151,Consumer,Jack Garza
SC-200201,Consumer,Sam Craven
SG-204701,Consumer,Sheri Gordon
CC-22203,Consumer,Chris Cortes
LD-170052,Consumer,Lisa DeCherney
JB-160002,Consumer,Joy Bell-
MM-179201,Consumer,Michael Moore
JH-154301,Consumer,Jennifer Halladay
LT-167651,Consumer,Larry Tron
BO-114251,Consumer,Bobby Odegard
CC-124752,Consumer,Cindy Chapman
RH-195552,Consumer,Ritsa Hightower
TG-216403,Consumer,Trudy Glocke
TS-216553,Consumer,Trudy Schmidt
MH-80253,Consumer,Michelle Huthwaite
Co-126402,Consumer,Corey-Lock
TS-213402,Consumer,Toby Swindell
NF-183852,Consumer,Natalie Fritzler
BT-116802,Consumer,Brian Thompson
HF-149952,Consumer,Herbert Flentye
TB-212502,Consumer,Tim Brockman
RH-95552,Consumer,Ritsa Hightower
SH-103953,Consumer,Shahid Hopkins
RO-97802,Consumer,Rose O'Brian
JF-52953,Consumer,Jason Fortune-
AA-6452,Consumer,Anna Andreadi
TG-113103,Consumer,Toby Gnade
BM-17852,Consumer,Bryan Mills
TS-113401,Consumer,Toby Swindell
NW-184002,Consumer,Natalie Webber
RC-99602,Consumer,Ryan Crowe
JP-155202,Consumer,Jeremy Pistek
CL-18901,Consumer,Carl Ludwig
CC-126704,Consumer,Craig Carreira
PF-191654,Consumer,Philip Fox
LT-171104,Consumer,Liz Thompson
MC-181004,Consumer,Mick Crebagga
AB-101054,Consumer,Adrian Barton
CC-21451,Consumer,Charles Crestani
SC-205753,Consumer,Sonia Cooley
RD-197203,Consumer,Roger Demir
CA-122653,Consumer,Christina Anderson
VM-218354,Consumer,Vivian Mathis
MS-173654,Consumer,Maribeth Schnelling
BM-111402,Consumer,Becky Martin
JG-151602,Consumer,James Galang
EP-139152,Consumer,Emily Phan
DB-130602,Consumer,Dave Brooks
BM-117852,Consumer,Bryan Mills
AC-104502,Consumer,Amy Cox
PF-91651,Consumer,Philip Fox
VD-216702,Consumer,Valerie Dominguez
AB-100152,Consumer,Aaron Bergman
MK-181601,Consumer,Mike Kennedy
CC-123701,Consumer,Christopher Conant
EH-141851,Consumer,Evan Henry
RH-194951,Consumer,Rick Hansen
JB-160001,Consumer,Joy Bell-
HL-150401,Consumer,Hunter Lopez
KW-165701,Consumer,Kelly Williams
LP-170953,Consumer,Liz Preis
JH-154303,Consumer,Jennifer Halladay
LH-170203,Consumer,Lisa Hazard
AH-104653,Consumer,Amy Hunt
JL-152353,Consumer,Janet Lee
KA-165253,Consumer,Kelly Andreada
JC-153853,Consumer,Jenna Caffey
LS-172453,Consumer,Lynn Smith
RA-199453,Consumer,Ryan Akin
RB-193303,Consumer,Randy Bradley
AF-108703,Consumer,Art Ferguson
RC-198253,Consumer,Roy Collins
SC-208453,Consumer,Sung Chung
PF-191203,Consumer,Peter Fuller
PO-188503,Consumer,Patrick O'Brill
CT-119953,Consumer,Carol Triggs
SF-200653,Consumer,Sandra Flanagan
JK-156251,Consumer,Jim Karlsson
TD-209954,Consumer,Tamara Dahlen
SJ-205002,Consumer,Shirley Jackson
SW-204552,Consumer,Shaun Weien
DK-129852,Consumer,Darren Koutras
RB-193302,Consumer,Randy Bradley
JL-158502,Consumer,John Lucas
AJ-109602,Consumer,Astrea Jones
NW-184003,Consumer,Natalie Webber
DJ-136303,Consumer,Doug Jacobs
GZ-144703,Consumer,Gary Zandusky
BK-112602,Consumer,Berenike Kampe
BS-116652,Consumer,Brian Stugart
SG-206052,Consumer,Speros Goranitis
PR-188802,Consumer,Patrick Ryan
LC-171402,Consumer,Logan Currie
LT-167652,Consumer,Larry Tron
DK-33753,Consumer,Dennis Kane
CM-121602,Consumer,Charles McCrossin
JF-53552,Consumer,Jay Fein
AJ-9602,Consumer,Astrea Jones
SC-103052,Consumer,Sean Christensen
MC-181002,Consumer,Mick Crebagga
MC-175752,Consumer,Matt Collins
RP-93901,Consumer,Resi Polking
MS-77701,Consumer,Maxwell Schwartz
VS-218202,Consumer,Vivek Sundaresam
AG-103902,Consumer,Allen Goldenen
TS-215052,Consumer,Tony Sayre
AF-108702,Consumer,Art Ferguson
SM-209052,Consumer,Susan MacKendrick
AB-101652,Consumer,Alan Barnes
BD-116354,Consumer,Brian Derr
NP-187004,Consumer,Nora Preis
DO-136454,Consumer,Doug O'Connell
BW-112004,Consumer,Ben Wallace
PJ-190152,Consumer,Pauline Johnson
MS-173652,Consumer,Maribeth Schnelling
KM-167203,Consumer,Kunst Miller
RE-194501,Consumer,Richard Eichhorn
SE-101102,Consumer,Sanjit Engle
SS-104102,Consumer,Shahid Shariari
DL-33302,Consumer,Denise Leinenbach
TS-113402,Consumer,Toby Swindell
LB-67352,Consumer,Larry Blacks
TH-211002,Consumer,Thea Hendricks
KW-165702,Consumer,Kelly Williams
RO-197802,Consumer,Rose O'Brian
BS-116653,Consumer,Brian Stugart
EC-140503,Consumer,Erin Creighton
MD-173503,Consumer,Maribeth Dona
EJ-137203,Consumer,Ed Jacobs
AH-102103,Consumer,Alan Hwang
ZC-219103,Consumer,Zuschuss Carroll
SF-100652,Consumer,Sandra Flanagan
KW-65702,Consumer,Kelly Williams
SJ-102153,Consumer,Sarah Jordon
AS-100902,Consumer,Adam Shillingsburg
IM-150702,Consumer,Irene Maddox
EG-139002,Consumer,Emily Grady
EM-140652,Consumer,Erin Mull
JF-154152,Consumer,Jennifer Ferguson
DW-135402,Consumer,Don Weiss
KC-165402,Consumer,Kelly Collister
AI-108554,Consumer,Arianne Irving
BD-117702,Consumer,Bryan Davis
LC-70502,Consumer,Liz Carlisle
KH-63602,Consumer,Katherine Hughes
JK-57302,Consumer,Joe Kamberova
ES-40203,Consumer,Erica Smith
ML-74101,Consumer,Maris LaWare
MW-182203,Consumer,Mitch Webber
FH-143503,Consumer,Fred Harton
JG-151603,Consumer,James Galang
AG-103303,Consumer,Alex Grayson
DO-136453,Consumer,Doug O'Connell
AT-107351,Consumer,Annie Thurman
TB-215951,Consumer,Troy Blackwell
TS-210851,Consumer,Thais Sissman
RP-193901,Consumer,Resi Polking
JE-157151,Consumer,Joe Elijah
TB-216251,Consumer,Trudy Brown
JE-154751,Consumer,Jeremy Ellison
GH-146651,Consumer,Greg Hansen
SB-201701,Consumer,Sarah Bern
JD-160601,Consumer,Julia Dunbar
BP-111551,Consumer,Becky Pak
SF-200651,Consumer,Sandra Flanagan
ZD-219251,Consumer,Zuschuss Donatelli
AG-109001,Consumer,Arthur Gainer
TT-212201,Consumer,Thomas Thornton
CC-126851,Consumer,Craig Carroll
MV-181901,Consumer,Mike Vittorini
CV-122951,Consumer,Christina VanderZanden
CR-127301,Consumer,Craig Reiter
PF-191651,Consumer,Philip Fox
CL-118901,Consumer,Carl Ludwig
MB-180851,Consumer,Mick Brown
EJ-137201,Consumer,Ed Jacobs
JG-151601,Consumer,James Galang
AT-107354,Consumer,Annie Thurman
DK-133752,Consumer,Dennis Kane
BP-112304,Consumer,Benjamin Patterson
RF-198401,Consumer,Roy Franzosisch
JE-157154,Consumer,Joe Elijah
JB-160004,Consumer,Joy Bell-
PK-190753,Consumer,Pete Kriz
VG-217903,Consumer,Vivek Gonzalez
DJ-36302,Consumer,Doug Jacobs
GA-45152,Consumer,George Ashbrook
NM-185203,Consumer,Neoma Murray
ES-140203,Consumer,Erica Smith
NF-83853,Consumer,Natalie Fritzler
AT-7352,Consumer,Annie Thurman
RC-98251,Consumer,Roy Collins
JP-55203,Consumer,Jeremy Pistek
SV-103652,Consumer,Seth Vernon
BN-15152,Consumer,Bradley Nguyen
GA-145153,Consumer,George Ashbrook
CR-127303,Consumer,Craig Reiter
JH-159853,Consumer,Joseph Holt
BW-112003,Consumer,Ben Wallace
DK-129853,Consumer,Darren Koutras
PJ-190153,Consumer,Pauline Johnson
JH-161803,Consumer,Justin Hirsh
DF-131353,Consumer,David Flashing
CA-127753,Consumer,Cynthia Arntzen
JC-153403,Consumer,Jasper Cacioppo
PF-191653,Consumer,Philip Fox
CC-122203,Consumer,Chris Cortes
CS-123553,Consumer,Christine Sundaresam
GA-147253,Consumer,Guy Armstrong
DL-128653,Consumer,Dan Lawera
SS-208753,Consumer,Sung Shariari
FP-143203,Consumer,Frank Preis
CM-121603,Consumer,Charles McCrossin
JK-160903,Consumer,Juliana Krohn
SV-209353,Consumer,Susan Vittorini
LC-171403,Consumer,Logan Currie
AJ-109453,Consumer,Ashley Jarboe
CD-119203,Consumer,Carlos Daly
JK-152053,Consumer,Jamie Kunitz
NP-183253,Consumer,Naresj Patel
RD-194803,Consumer,Rick Duston
KT-164804,Consumer,Kean Thornton
MG-176954,Consumer,Maureen Gnade
MH-180254,Consumer,Michelle Huthwaite
GT-147104,Consumer,Greg Tran
BM-117854,Consumer,Bryan Mills
MV-74851,Consumer,Mark Van Huff
AF-8701,Consumer,Art Ferguson
CS-24601,Consumer,Chuck Sachs
BD-15001,Consumer,Bradley Drucker
LP-170801,Consumer,Liz Pelletier
TB-210551,Consumer,Ted Butterfield
HF-149951,Consumer,Herbert Flentye
PT-190901,Consumer,Pete Takahito
BM-117851,Consumer,Bryan Mills
VS-218201,Consumer,Vivek Sundaresam
BD-116201,Consumer,Brian DeCherney
MS-177101,Consumer,Maurice Satty
JM-52501,Consumer,Janet Martin
BD-17251,Consumer,Bruce Degenhardt
CA-22651,Consumer,Christina Anderson
EB-41701,Consumer,Evan Bailliet
EM-139602,Consumer,Eric Murdock
RD-194802,Consumer,Rick Duston
RM-193754,Consumer,Raymond Messe
PO-188504,Consumer,Patrick O'Brill
SJ-102152,Consumer,Sarah Jordon
JH-154304,Consumer,Jennifer Halladay
HM-149804,Consumer,Henry MacAllister
NG-84302,Consumer,Nathan Gelder
AC-104501,Consumer,Amy Cox
BP-112301,Consumer,Benjamin Patterson
SV-107852,Consumer,Stewart Visinsky
JA-59702,Consumer,Joseph Airdo
RF-98402,Consumer,Roy Franzosisch
SF-102002,Consumer,Sarah Foster
BF-10803,Consumer,Bart Folk
LD-70053,Consumer,Lisa DeCherney
AA-3753,Consumer,Allen Armold
IM-50702,Consumer,Irene Maddox
PF-91203,Consumer,Peter Fuller
TB-210552,Consumer,Ted Butterfield
NP-183252,Consumer,Naresj Patel
DP-30001,Consumer,Darren Powers
AF-8852,Consumer,Art Foster
CG-25202,Consumer,Claire Gute
DB-36602,Consumer,Duane Benoit
DB-36152,Consumer,Doug Bickford
XP-218653,Consumer,Xylona Preis
BH-117103,Consumer,Brosina Hoffman
AT-107353,Consumer,Annie Thurman
TT-210703,Consumer,Ted Trevino
CK-125952,Consumer,Clytie Kelty
RP-193902,Consumer,Resi Polking
AP-109152,Consumer,Arthur Prichep
PF-191652,Consumer,Philip Fox
HM-149802,Consumer,Henry MacAllister
NS-185051,Consumer,Neola Schneider
JL-158351,Consumer,John Lee
JE-157451,Consumer,Joel Eaton
JH-161801,Consumer,Justin Hirsh
SS-205901,Consumer,Sonia Sunley
GH-46651,Consumer,Greg Hansen
JR-56701,Consumer,Jim Radford
ST-105301,Consumer,Shui Tom
VG-117901,Consumer,Vivek Gonzalez
MK-81601,Consumer,Mike Kennedy
RA-92851,Consumer,Ralph Arnett
ZD-119251,Consumer,Zuschuss Donatelli
TG-116401,Consumer,Trudy Glocke
CM-21151,Consumer,Chad McGuire
KW-64351,Consumer,Katrina Willman
DK-30901,Consumer,Dave Kipp
AJ-9451,Consumer,Ashley Jarboe
CV-22951,Consumer,Christina VanderZanden
KT-64801,Consumer,Kean Thornton
JC-53401,Consumer,Jasper Cacioppo
AP-9151,Consumer,Arthur Prichep
ML-82651,Consumer,Muhammed Lee
JB-59251,Consumer,Joni Blumstein
EM-40651,Consumer,Erin Mull
JL-51301,Consumer,Jack Lebron
RW-96901,Consumer,Robert Waldorf
MS-77101,Consumer,Maurice Satty
CS-23551,Consumer,Christine Sundaresam
VM-118351,Consumer,Vivian Mathis
AJ-9601,Consumer,Astrea Jones
BH-17101,Consumer,Brosina Hoffman
DM-30151,Consumer,Darrin Martin
TM-110101,Consumer,Tamara Manning
DB-36601,Consumer,Duane Benoit
KW-65701,Consumer,Kelly Williams
PT-90901,Consumer,Pete Takahito
SB-101851,Consumer,Sarah Brown
NP-86701,Consumer,Nora Paige
BF-10801,Consumer,Bart Folk
HL-50401,Consumer,Hunter Lopez
DJ-36301,Consumer,Doug Jacobs
SW-104551,Consumer,Shaun Weien
RC-99601,Consumer,Ryan Crowe
PR-88801,Consumer,Patrick Ryan
PO-88501,Consumer,Patrick O'Brill
FP-143202,Consumer,Frank Preis
HA-49201,Consumer,Helen Andreada
MD-73502,Consumer,Maribeth Dona
GH-44252,Consumer,Gary Hwang
TB-112802,Consumer,Toby Braunhardt
DO-36452,Consumer,Doug O'Connell
TS-110852,Consumer,Thais Sissman
PF-91202,Consumer,Peter Fuller
SM-200051,Consumer,Sally Matthias
GM-146801,Consumer,Greg Matthias
RB-194351,Consumer,Richard Bierner
RD-195851,Consumer,Rob Dowd
SS-208751,Consumer,Sung Shariari
DK-129851,Consumer,Darren Koutras
GZ-144701,Consumer,Gary Zandusky
BD-115001,Consumer,Bradley Drucker
EB-141101,Consumer,Eugene Barchas
LC-168701,Consumer,Lena Cacioppo
JR-157001,Consumer,Jocasta Rupert
TM-214903,Consumer,Tony Molinari
OT-187303,Consumer,Olvera Toch
LP-170803,Consumer,Liz Pelletier
JE-157453,Consumer,Joel Eaton
BP-112903,Consumer,Beth Paige
ML-174103,Consumer,Maris LaWare
CM-123853,Consumer,Christopher Martinez
SO-203353,Consumer,Sean O'Donnell
KM-166603,Consumer,Khloe Miller
BD-115003,Consumer,Bradley Drucker
SS-205903,Consumer,Sonia Sunley
RE-194503,Consumer,Richard Eichhorn
MC-172754,Consumer,Marc Crier
TB-215953,Consumer,Troy Blackwell
SK-199903,Consumer,Sally Knutson
SC-200203,Consumer,Sam Craven
NP-187003,Consumer,Nora Preis
LB-67353,Consumer,Larry Blacks
CC-121451,Consumer,Charles Crestani
DP-130001,Consumer,Darren Powers
PO-188651,Consumer,Patrick O'Donnell
JF-151901,Consumer,Jamie Frazer
AB-101651,Consumer,Alan Barnes
BT-114401,Consumer,Bobby Trafton
SO-203351,Consumer,Sean O'Donnell
JD-157901,Consumer,John Dryer
PM-189401,Consumer,Paul MacIntyre
ZC-219101,Consumer,Zuschuss Carroll
JL-155051,Consumer,Jeremy Lonsdale
NM-185201,Consumer,Neoma Murray
DB-136601,Consumer,Duane Benoit
KL-166451,Consumer,Ken Lonsdale
JM-158653,Consumer,John Murray
BP-111553,Consumer,Becky Pak
LF-71852,Consumer,Luke Foster
RD-199003,Consumer,Ruben Dartt
BW-10651,Consumer,Barry Weirich
BM-11401,Consumer,Becky Martin
MB-73051,Consumer,Maria Bertelson
AS-901,Consumer,Adam Shillingsburg
MC-78451,Consumer,Michael Chen
DK-33751,Consumer,Dennis Kane
DO-134352,Consumer,Denny Ordway
SC-203803,Consumer,Shahid Collister
CB-120252,Consumer,Cassandra Brandow
SC-203053,Consumer,Sean Christensen
KD-162703,Consumer,Karen Daniels
CA-122652,Consumer,Christina Anderson
CV-122952,Consumer,Christina VanderZanden
LF-171852,Consumer,Luke Foster
BD-116052,Consumer,Brian Dahlen
RH-196004,Consumer,Rob Haberlin
Co-126403,Consumer,Corey-Lock
NR-185502,Consumer,Nick Radford
JK-160902,Consumer,Juliana Krohn
CM-124453,Consumer,Chuck Magee
SJ-202153,Consumer,Sarah Jordon
JR-156703,Consumer,Jim Radford
JE-154753,Consumer,Jeremy Ellison
BS-117553,Consumer,Bruce Stewart
MJ-177403,Consumer,Max Jones
AA-103753,Consumer,Allen Armold
SG-200803,Consumer,Sandra Glassco
AC-106603,Consumer,Anna Chung
DP-130004,Consumer,Darren Powers
AB-101504,Consumer,Aimee Bixby
CM-122354,Consumer,Chris McAfee
DK-130904,Consumer,Dave Kipp
DN-136902,Consumer,Duane Noonan
PO-188502,Consumer,Patrick O'Brill
NS-185053,Consumer,Neola Schneider
GM-145002,Consumer,Gene McClure
PG-88951,Consumer,Paul Gonzalez
LL-68401,Consumer,Lauren Leatherbury
JH-59101,Consumer,Jonathan Howell
BT-14401,Consumer,Bobby Trafton
AI-8551,Consumer,Arianne Irving
BS-17551,Consumer,Bruce Stewart
AR-5401,Consumer,Andy Reiter
DF-31351,Consumer,David Flashing
LC-71401,Consumer,Logan Currie
CC-26851,Consumer,Craig Carroll
KH-63601,Consumer,Katherine Hughes
KD-63451,Consumer,Katherine Ducich
BW-12001,Consumer,Ben Wallace
LW-72151,Consumer,Luke Weiss
JD-60601,Consumer,Julia Dunbar
RA-199152,Consumer,Russell Applegate
JF-151902,Consumer,Jamie Frazer
DL-129252,Consumer,Daniel Lacy
KW-164352,Consumer,Katrina Willman
DB-136153,Consumer,Doug Bickford
BW-110652,Consumer,Barry Weirich
PO-188652,Consumer,Patrick O'Donnell
BP-112902,Consumer,Beth Paige
AP-109153,Consumer,Arthur Prichep
MS-175303,Consumer,MaryBeth Skach
JD-157903,Consumer,John Dryer
NC-184152,Consumer,Nathan Cano
HA-49051,Consumer,Helen Abelman
PF-191202,Consumer,Peter Fuller
JJ-154452,Consumer,Jennifer Jackson
LC-168854,Consumer,Lena Creighton
AT-107352,Consumer,Annie Thurman
FH-143502,Consumer,Fred Harton
LH-167504,Consumer,Larry Hughes
AJ-109454,Consumer,Ashley Jarboe
JF-155651,Consumer,Jill Fjeld
JM-155801,Consumer,Jill Matthias
SC-207251,Consumer,Steven Cartwright
LC-168703,Consumer,Lena Cacioppo
ML-182652,Consumer,Muhammed Lee
JL-158354,Consumer,John Lee
MB-180854,Consumer,Mick Brown
RH-195554,Consumer,Ritsa Hightower
JG-151154,Consumer,Jack Garza
AG-103304,Consumer,Alex Grayson
NF-183854,Consumer,Natalie Fritzler
GA-147254,Consumer,Guy Armstrong
CK-125954,Consumer,Clytie Kelty
AS-100904,Consumer,Adam Shillingsburg
NM-185202,Consumer,Neoma Murray
CA-122654,Consumer,Christina Anderson
ZD-219254,Consumer,Zuschuss Donatelli
CA-127752,Consumer,Cynthia Arntzen
RF-198402,Consumer,Roy Franzosisch
LS-172452,Consumer,Lynn Smith
SC-200202,Consumer,Sam Craven
RW-196902,Consumer,Robert Waldorf
BE-114102,Consumer,Bobby Elias
EG-39002,Consumer,Emily Grady
LH-71553,Consumer,Logan Haushalter
NG-84303,Consumer,Nathan Gelder
AG-102702,Consumer,Alejandro Grove
CS-118601,Consumer,Cari Schnelling
PR-188801,Consumer,Patrick Ryan
DV-34652,Consumer,Dianna Vittorini
MV-74852,Consumer,Mark Van Huff
MM-179204,Consumer,Michael Moore
CC-122204,Consumer,Chris Cortes
EG-139004,Consumer,Emily Grady
RF-198404,Consumer,Roy Franzosisch
AA-106454,Consumer,Anna Andreadi
ND-183703,Consumer,Natalie DeCherney
CR-127304,Consumer,Craig Reiter
SB-201854,Consumer,Sarah Brown
MC-175754,Consumer,Matt Collins
RL-196154,Consumer,Rob Lucas
AG-109004,Consumer,Arthur Gainer
HA-149054,Consumer,Helen Abelman
LW-172154,Consumer,Luke Weiss
KL-166454,Consumer,Ken Lonsdale
TS-216104,Consumer,Troy Staebel
CM-121904,Consumer,Charlotte Melton
EP-139154,Consumer,Emily Phan
JL-152354,Consumer,Janet Lee
SB-201704,Consumer,Sarah Bern
BD-115004,Consumer,Bradley Drucker
BH-117104,Consumer,Brosina Hoffman
BK-112604,Consumer,Berenike Kampe
JD-160154,Consumer,Joy Daniels
FO-143054,Consumer,Frank Olsen
JW-160754,Consumer,Julia West
KD-163454,Consumer,Katherine Ducich
KT-164654,Consumer,Kean Takahito
CB-124154,Consumer,Christy Brittain
AF-108704,Consumer,Art Ferguson
BS-116654,Consumer,Brian Stugart
RB-195704,Consumer,Rob Beeghly
CS-119504,Consumer,Carlos Soltero
SJ-202154,Consumer,Sarah Jordon
PT-190904,Consumer,Pete Takahito
EB-139304,Consumer,Eric Barreto
SC-205754,Consumer,Sonia Cooley
MO-175004,Consumer,Mary O'Rourke
SP-209204,Consumer,Susan Pistek
CV-122954,Consumer,Christina VanderZanden
SA-208304,Consumer,Sue Ann Reed
RF-197354,Consumer,Roland Fjeld
RD-197204,Consumer,Roger Demir
DB-130604,Consumer,Dave Brooks
JF-154154,Consumer,Jennifer Ferguson
RA-199154,Consumer,Russell Applegate
CL-118904,Consumer,Carl Ludwig
DK-129854,Consumer,Darren Koutras
DP-131654,Consumer,David Philippe
JH-158204,Consumer,John Huston
HA-149204,Consumer,Helen Andreada
MH-174554,Consumer,Mark Hamilton
JJ-154454,Consumer,Jennifer Jackson
GH-146654,Consumer,Greg Hansen
ML-174104,Consumer,Maris LaWare
AH-105854,Consumer,Angele Hood
RE-194502,Consumer,Richard Eichhorn
CC-123703,Consumer,Christopher Conant
TB-215203,Consumer,Tracy Blumstein
JG-151153,Consumer,Jack Garza
LH-171553,Consumer,Logan Haushalter
AZ-107503,Consumer,Annie Zypern
JS-160303,Consumer,Joy Smith
BG-110353,Consumer,Barry Gonzalez
RD-199303,Consumer,Russell DAscenzo
RM-193753,Consumer,Raymond Messe
TB-216253,Consumer,Trudy Brown
CS-19501,Consumer,Carlos Soltero
MS-178303,Consumer,Melanie Seite
JO-152803,Consumer,Jas O'Carroll
CS-118603,Consumer,Cari Schnelling
KL-166453,Consumer,Ken Lonsdale
EM-140653,Consumer,Erin Mull
JW-159553,Consumer,Joni Wasserman
JA-159703,Consumer,Joseph Airdo
PS-187603,Consumer,Pamela Stobb
SM-100051,Consumer,Sally Matthias
DC-28501,Consumer,Dan Campbell
DD-35701,Consumer,Dorothy Dickinson
PG-88201,Consumer,Patrick Gardner
JK-52052,Consumer,Jamie Kunitz
GB-45752,Consumer,Giulietta Baptist
AP-9152,Consumer,Arthur Prichep
LH-171551,Consumer,Logan Haushalter
DN-36901,Consumer,Duane Noonan
MN-79351,Consumer,Michael Nguyen
HA-149202,Consumer,Helen Andreada
TT-212203,Consumer,Thomas Thornton
DL-133153,Consumer,Delfina Latchford
TS-215053,Consumer,Tony Sayre
CC-126853,Consumer,Craig Carroll
LH-167503,Consumer,Larry Hughes
SW-202753,Consumer,Scott Williamson
TS-213403,Consumer,Toby Swindell
MM-172601,Consumer,Magdelene Morse
CA-127751,Consumer,Cynthia Arntzen
JD-160151,Consumer,Joy Daniels
PF-191201,Consumer,Peter Fuller
MS-173651,Consumer,Maribeth Schnelling
TT-212204,Consumer,Thomas Thornton
NC-184153,Consumer,Nathan Cano
RF-198403,Consumer,Roy Franzosisch
AB-101653,Consumer,Alan Barnes
CL-125653,Consumer,Clay Ludtke
PT-190903,Consumer,Pete Takahito
MB-180853,Consumer,Mick Brown
DC-132853,Consumer,Debra Catini
DL-128654,Consumer,Dan Lawera
LH-171554,Consumer,Logan Haushalter
PM-189403,Consumer,Paul MacIntyre
NC-183403,Consumer,Nat Carroll
XP-218652,Consumer,Xylona Preis
MN-179352,Consumer,Michael Nguyen
RH-196002,Consumer,Rob Haberlin
IL-151002,Consumer,Ivan Liston
KW-165704,Consumer,Kelly Williams
CS-125052,Consumer,Cindy Stewart
SV-203654,Consumer,Seth Vernon
BS-117554,Consumer,Bruce Stewart
AS-102404,Consumer,Alan Shonely
RA-199454,Consumer,Ryan Akin
CL-125654,Consumer,Clay Ludtke
TS-215054,Consumer,Tony Sayre
LC-171404,Consumer,Logan Currie
TR-213252,Consumer,Toby Ritter
SF-200654,Consumer,Sandra Flanagan
BT-116804,Consumer,Brian Thompson
MN-179354,Consumer,Michael Nguyen
SG-204703,Consumer,Sheri Gordon
JM-161953,Consumer,Justin MacKendrick
EH-139453,Consumer,Eric Hoffmann
RB-193603,Consumer,Raymond Buch
HA-149203,Consumer,Helen Andreada
RA-199151,Consumer,Russell Applegate
TS-216101,Consumer,Troy Staebel
JG-151152,Consumer,Jack Garza
TT-212202,Consumer,Thomas Thornton
TB-215952,Consumer,Troy Blackwell
JL-151302,Consumer,Jack Lebron
BT-114402,Consumer,Bobby Trafton
LC-168852,Consumer,Lena Creighton
TZ-215802,Consumer,Tracy Zic
HG-148452,Consumer,Harry Greene
RR-193152,Consumer,Ralph Ritter
HL-150402,Consumer,Hunter Lopez
DC-128502,Consumer,Dan Campbell
JE-157452,Consumer,Joel Eaton
BD-116053,Consumer,Brian Dahlen
GH-146653,Consumer,Greg Hansen
TD-209953,Consumer,Tamara Dahlen
BT-114403,Consumer,Bobby Trafton
IM-150704,Consumer,Irene Maddox
JR-156704,Consumer,Jim Radford
PW-192404,Consumer,Pierre Wener
DN-136904,Consumer,Duane Noonan
PO-188654,Consumer,Patrick O'Donnell
VD-216704,Consumer,Valerie Dominguez
SO-203354,Consumer,Sean O'Donnell
GA-145154,Consumer,George Ashbrook
LH-169004,Consumer,Lena Hernandez
AP-109154,Consumer,Arthur Prichep
AR-105704,Consumer,Anemone Ratner
TP-211304,Consumer,Theone Pippenger
EC-140504,Consumer,Erin Creighton
BD-117254,Consumer,Bruce Degenhardt
IL-151004,Consumer,Ivan Liston
TB-215954,Consumer,Troy Blackwell
CS-125054,Consumer,Cindy Stewart
CS-124604,Consumer,Chuck Sachs
BP-111554,Consumer,Becky Pak
LH-170204,Consumer,Lisa Hazard
RB-194354,Consumer,Richard Bierner
MS-177704,Consumer,Maxwell Schwartz
BP-112904,Consumer,Beth Paige
JS-160304,Consumer,Joy Smith
AR-105104,Consumer,Andrew Roberts
JK-156254,Consumer,Jim Karlsson
DO-134354,Consumer,Denny Ordway
EB-141104,Consumer,Eugene Barchas
HZ-149504,Consumer,Henia Zydlo
MM-172604,Consumer,Magdelene Morse
PJ-190154,Consumer,Pauline Johnson
JH-159854,Consumer,Joseph Holt
DL-133304,Consumer,Denise Leinenbach
AA-104804,Consumer,Andrew Allen
SC-200954,Consumer,Sanjit Chand
LF-171853,Consumer,Luke Foster
SJ-205003,Consumer,Shirley Jackson
SB-201703,Consumer,Sarah Bern
MS-175304,Consumer,MaryBeth Skach
MW-182204,Consumer,Mitch Webber
BF-110802,Consumer,Bart Folk
LH-169002,Consumer,Lena Hernandez
CJ-20102,Consumer,Caroline Jumper
JD-160153,Consumer,Joy Daniels
EN-137803,Consumer,Edward Nazzal
CS-124603,Consumer,Chuck Sachs
JF-152953,Consumer,Jason Fortune-
BP-111552,Consumer,Becky Pak
EH-139454,Consumer,Eric Hoffmann
DC-132854,Consumer,Debra Catini
GW-146052,Consumer,Giulietta Weimer
CM-124452,Consumer,Chuck Magee
MT-178152,Consumer,Meg Tillman
TM-214902,Consumer,Tony Molinari
VM-218352,Consumer,Vivian Mathis
JM-152502,Consumer,Janet Martin
AR-105703,Consumer,Anemone Ratner
LT-167653,Consumer,Larry Tron
OT-87302,Consumer,Olvera Toch
CS-123552,Consumer,Christine Sundaresam
MM-180552,Consumer,Michelle Moray
SM-209053,Consumer,Susan MacKendrick
TP-111302,Consumer,Theone Pippenger
KT-164803,Consumer,Kean Thornton
KH-165103,Consumer,Keith Herrera
AA-103153,Consumer,Alex Avila
CC-124753,Consumer,Cindy Chapman
LE-168103,Consumer,Laurel Elliston
AB-101503,Consumer,Aimee Bixby
MH-180253,Consumer,Michelle Huthwaite
JK-157303,Consumer,Joe Kamberova
SW-204553,Consumer,Shaun Weien
TC-212953,Consumer,Toby Carlisle
RC-199603,Consumer,Ryan Crowe
JH-158203,Consumer,John Huston
JA-159704,Consumer,Joseph Airdo
SJ-202151,Consumer,Sarah Jordon
AB-101501,Consumer,Aimee Bixby
LF-71851,Consumer,Luke Foster
JG-51151,Consumer,Jack Garza
TC-112951,Consumer,Toby Carlisle
CD-19801,Consumer,Carol Darley
AG-6751,Consumer,Anna Gayman
ME-77251,Consumer,Max Engle
CM-24451,Consumer,Chuck Magee
HF-49951,Consumer,Herbert Flentye
BE-14101,Consumer,Bobby Elias
TS-116551,Consumer,Trudy Schmidt
MM-80551,Consumer,Michelle Moray
CB-24151,Consumer,Christy Brittain
JE-57151,Consumer,Joe Elijah
RH-94951,Consumer,Rick Hansen
PF-192251,Consumer,Phillip Flathmann
PJ-190151,Consumer,Pauline Johnson
CG-125204,Consumer,Claire Gute
TP-214154,Consumer,Tom Prescott
MC-178454,Consumer,Michael Chen
LC-170504,Consumer,Liz Carlisle
MO-179504,Consumer,Michael Oakman
CS-118604,Consumer,Cari Schnelling
NS-185054,Consumer,Neola Schneider
AZ-107504,Consumer,Annie Zypern
JF-155654,Consumer,Jill Fjeld
SS-208754,Consumer,Sung Shariari
DW-135404,Consumer,Don Weiss
EN-137804,Consumer,Edward Nazzal
DB-136604,Consumer,Duane Benoit
HG-148454,Consumer,Harry Greene
JK-57301,Consumer,Joe Kamberova
JP-55201,Consumer,Jeremy Pistek
AG-3301,Consumer,Alex Grayson
TR-113251,Consumer,Toby Ritter
CG-25201,Consumer,Claire Gute
AG-9001,Consumer,Arthur Gainer
SG-100801,Consumer,Sandra Glassco
JL-58351,Consumer,John Lee
JA-59701,Consumer,Joseph Airdo
XP-118651,Consumer,Xylona Preis
GH-46652,Consumer,Greg Hansen
DK-128953,Consumer,Dana Kaydos
JJ-154453,Consumer,Jennifer Jackson
JP-155204,Consumer,Jeremy Pistek
SC-107252,Consumer,Steven Cartwright
EH-141854,Consumer,Evan Henry
LD-170053,Consumer,Lisa DeCherney
JR-157003,Consumer,Jocasta Rupert
BF-110803,Consumer,Bart Folk
JB-159251,Consumer,Joni Blumstein
MS-177701,Consumer,Maxwell Schwartz
JL-58502,Consumer,John Lucas
JO-152801,Consumer,Jas O'Carroll
DV-134654,Consumer,Dianna Vittorini
RH-194954,Consumer,Rick Hansen
LL-168401,Consumer,Lauren Leatherbury
JK-153701,Consumer,Jay Kimmel
MS-175301,Consumer,MaryBeth Skach
LW-71252,Consumer,Liz Willingham
CC-25502,Consumer,Clay Cheatham
BM-111404,Consumer,Becky Martin
TG-213104,Consumer,Toby Gnade
MV-181904,Consumer,Mike Vittorini
BT-114404,Consumer,Bobby Trafton
BD-113204,Consumer,Bill Donatelli
CA-127754,Consumer,Cynthia Arntzen
MJ-177404,Consumer,Max Jones
DB-132104,Consumer,Dean Braden
LD-170054,Consumer,Lisa DeCherney
EH-139901,Consumer,Erica Hackney
BD-113201,Consumer,Bill Donatelli
HA-149051,Consumer,Helen Abelman
MC-172751,Consumer,Marc Crier
BW-112002,Consumer,Ben Wallace
SJ-102151,Consumer,Sarah Jordon
JS-60303,Consumer,Joy Smith
TS-116552,Consumer,Trudy Schmidt
RB-93602,Consumer,Raymond Buch
HF-49952,Consumer,Herbert Flentye
DK-28951,Consumer,Dana Kaydos
KB-63151,Consumer,Karl Braun
KA-65252,Consumer,Kelly Andreada
AZ-7503,Consumer,Annie Zypern
TB-114002,Consumer,Tom Boeckenhauer
RA-99452,Consumer,Ryan Akin
JF-54902,Consumer,Jeremy Farry
DL-29252,Consumer,Daniel Lacy
SG-204702,Consumer,Sheri Gordon
CS-18602,Consumer,Cari Schnelling
AH-2102,Consumer,Alan Hwang
LM-70652,Consumer,Liz MacKendrick
JK-153702,Consumer,Jay Kimmel
GZ-144702,Consumer,Gary Zandusky
RL-96152,Consumer,Rob Lucas
CT-19951,Consumer,Carol Triggs
LE-168102,Consumer,Laurel Elliston
GH-146652,Consumer,Greg Hansen
LS-172304,Consumer,Lycoris Saunders
SC-205752,Consumer,Sonia Cooley
CB-124152,Consumer,Christy Brittain
AG-109002,Consumer,Arthur Gainer
BD-113202,Consumer,Bill Donatelli
EH-139902,Consumer,Erica Hackney
SW-104552,Consumer,Shaun Weien
DB-34051,Consumer,Denny Blanton
LE-68101,Consumer,Laurel Elliston
JF-153551,Consumer,Jay Fein
CM-123852,Consumer,Christopher Martinez
JR-157002,Consumer,Jocasta Rupert
CS-123554,Consumer,Christine Sundaresam
JD-157902,Consumer,John Dryer
TP-211302,Consumer,Theone Pippenger
AR-105702,Consumer,Anemone Ratner
AH-104652,Consumer,Amy Hunt
CS-123551,Consumer,Christine Sundaresam
JE-154752,Consumer,Jeremy Ellison
PK-190751,Consumer,Pete Kriz
BD-116353,Consumer,Brian Derr
LT-67651,Consumer,Larry Tron
LR-169154,Consumer,Lena Radford
JH-54303,Consumer,Jennifer Halladay
DL-129254,Consumer,Daniel Lacy
LW-71251,Consumer,Liz Willingham
JL-58501,Consumer,John Lucas
LH-71551,Consumer,Logan Haushalter
SC-208004,Consumer,Stuart Calhoun
CG-125202,Consumer,Claire Gute
NP-186704,Consumer,Nora Paige
BD-117704,Consumer,Bryan Davis
BP-11552,Consumer,Becky Pak
BF-10802,Consumer,Bart Folk
PO-88652,Consumer,Patrick O'Donnell
CS-21302,Consumer,Chad Sievert
JW-60751,Consumer,Julia West
CC-121454,Consumer,Charles Crestani
TS-216554,Consumer,Trudy Schmidt
LH-170202,Consumer,Lisa Hazard
BD-117252,Consumer,Bruce Degenhardt
DM-130154,Consumer,Darrin Martin
KH-163602,Consumer,Katherine Hughes
AA-104803,Consumer,Andrew Allen
CB-120253,Consumer,Cassandra Brandow
MG-176952,Consumer,Maureen Gnade
ND-183702,Consumer,Natalie DeCherney
SA-208302,Consumer,Sue Ann Reed
RB-194352,Consumer,Richard Bierner
DB-134052,Consumer,Denny Blanton
LT-167654,Consumer,Larry Tron
MM-172603,Consumer,Magdelene Morse
EM-40653,Consumer,Erin Mull
Co-26402,Consumer,Corey-Lock
MW-82202,Consumer,Mitch Webber
DN-36903,Consumer,Duane Noonan
BG-110352,Consumer,Barry Gonzalez
DD-135702,Consumer,Dorothy Dickinson
MV-181903,Consumer,Mike Vittorini
KL-66452,Consumer,Ken Lonsdale
PS-187602,Consumer,Pamela Stobb
PB-191054,Consumer,Peter Buhler
TC-212954,Consumer,Toby Carlisle
LP-170952,Consumer,Liz Preis
RM-197502,Consumer,Roland Murray
SK-199904,Consumer,Sally Knutson
SJ-205004,Consumer,Shirley Jackson
AF-108854,Consumer,Art Foster
TB-210554,Consumer,Ted Butterfield
JM-155802,Consumer,Jill Matthias
ND-183701,Consumer,Natalie DeCherney
SB-201853,Consumer,Sarah Brown
ML-182654,Consumer,Muhammed Lee
CC-123704,Consumer,Christopher Conant
CM-119354,Consumer,Carlos Meador
AH-105852,Consumer,Angele Hood
NC-83401,Consumer,Nat Carroll
MO-79501,Consumer,Michael Oakman
Co-126404,Consumer,Corey-Lock
SC-203802,Consumer,Shahid Collister
SC-208452,Consumer,Sung Chung
CM-121902,Consumer,Charlotte Melton
GT-147553,Consumer,Guy Thornton
PG-188954,Consumer,Paul Gonzalez
LB-167354,Consumer,Larry Blacks
NC-184154,Consumer,Nathan Cano
TB-210553,Consumer,Ted Butterfield
CC-121453,Consumer,Charles Crestani
RA-199153,Consumer,Russell Applegate
KT-164802,Consumer,Kean Thornton
EJ-141554,Consumer,Eva Jacobs
EB-138704,Consumer,Emily Burns
DK-128954,Consumer,Dana Kaydos
CD-122802,Consumer,Christina DeMoss
IL-151003,Consumer,Ivan Liston
JK-153704,Consumer,Jay Kimmel
EM-140654,Consumer,Erin Mull
GA-145152,Consumer,George Ashbrook
MG-181452,Consumer,Mike Gockenbach
PF-92251,Consumer,Phillip Flathmann
CS-21301,Consumer,Chad Sievert
RE-194052,Consumer,Ricardo Emerson
CS-19502,Consumer,Carlos Soltero
AG-103901,Consumer,Allen Goldenen
ME-177251,Consumer,Max Engle
MN-79352,Consumer,Michael Nguyen
ND-83702,Consumer,Natalie DeCherney
JF-55652,Consumer,Jill Fjeld
JD-60602,Consumer,Julia Dunbar
MG-76952,Consumer,Maureen Gnade
LT-71102,Consumer,Liz Thompson
PR-88803,Consumer,Patrick Ryan
EP-139151,Consumer,Emily Phan
BD-116351,Consumer,Brian Derr
RB-195701,Consumer,Rob Beeghly
DW-135401,Consumer,Don Weiss
MW-182202,Consumer,Mitch Webber
PB-191053,Consumer,Peter Buhler
RD-199302,Consumer,Russell DAscenzo
ME-177252,Consumer,Max Engle
LB-167352,Consumer,Larry Blacks
EH-139452,Consumer,Eric Hoffmann
LC-168702,Consumer,Lena Cacioppo
RF-197351,Consumer,Roland Fjeld
MW-182201,Consumer,Mitch Webber
JR-156702,Consumer,Jim Radford
EC-140502,Consumer,Erin Creighton
PF-191204,Consumer,Peter Fuller
AG-3901,Consumer,Allen Goldenen
LS-172454,Consumer,Lynn Smith
FO-143051,Consumer,Frank Olsen
ND-183704,Consumer,Natalie DeCherney
TH-211004,Consumer,Thea Hendricks
PR-188804,Consumer,Patrick Ryan
DN-136901,Consumer,Duane Noonan
JL-152351,Consumer,Janet Lee
TB-212501,Consumer,Tim Brockman
BH-117101,Consumer,Brosina Hoffman
MJ-177401,Consumer,Max Jones
MM-180551,Consumer,Michelle Moray
SF-100651,Consumer,Sandra Flanagan
CS-125051,Consumer,Cindy Stewart
LR-69152,Consumer,Lena Radford
TB-216254,Consumer,Trudy Brown
CC-126854,Consumer,Craig Carroll
MD-173502,Consumer,Maribeth Dona
JH-161804,Consumer,Justin Hirsh
JF-154902,Consumer,Jeremy Farry
PG-188952,Consumer,Paul Gonzalez
JF-153553,Consumer,Jay Fein
IM-150703,Consumer,Irene Maddox
TP-214153,Consumer,Tom Prescott
IM-150553,Consumer,Ionia McGrath
AR-105103,Consumer,Andrew Roberts
JE-157153,Consumer,Joe Elijah
FH-143501,Consumer,Fred Harton
CG-125203,Consumer,Claire Gute
SA-208303,Consumer,Sue Ann Reed
JL-158353,Consumer,John Lee
SW-202453,Consumer,Scot Wooten
RA-192853,Consumer,Ralph Arnett
JM-155353,Consumer,Jessica Myrick
AC-104503,Consumer,Amy Cox
RE-194053,Consumer,Ricardo Emerson
BK-112603,Consumer,Berenike Kampe
PO-88651,Consumer,Patrick O'Donnell
NC-83402,Consumer,Nat Carroll
LS-172302,Consumer,Lycoris Saunders
EH-139451,Consumer,Eric Hoffmann
CC-126701,Consumer,Craig Carreira
CM-21902,Consumer,Charlotte Melton
SB-201702,Consumer,Sarah Bern
CS-121302,Consumer,Chad Sievert
SS-208752,Consumer,Sung Shariari
DD-35702,Consumer,Dorothy Dickinson
SM-100052,Consumer,Sally Matthias
RM-93752,Consumer,Raymond Messe
DK-133751,Consumer,Dennis Kane
HA-49052,Consumer,Helen Abelman
CK-25952,Consumer,Clytie Kelty
AH-5852,Consumer,Angele Hood
DL-28653,Consumer,Dan Lawera
GB-145752,Consumer,Giulietta Baptist
MJ-177402,Consumer,Max Jones
AB-1652,Consumer,Alan Barnes
BN-115151,Consumer,Bradley Nguyen
JM-161952,Consumer,Justin MacKendrick
JL-158352,Consumer,John Lee
KM-167202,Consumer,Kunst Miller
CL-125651,Consumer,Clay Ludtke
CS-25051,Consumer,Cindy Stewart
KM-66601,Consumer,Khloe Miller
GT-147554,Consumer,Guy Thornton
CR-127302,Consumer,Craig Reiter
MN-179351,Consumer,Michael Nguyen
DF-131352,Consumer,David Flashing
SV-209352,Consumer,Susan Vittorini
TP-214152,Consumer,Tom Prescott
GW-146054,Consumer,Giulietta Weimer
DD-135701,Consumer,Dorothy Dickinson
ME-177253,Consumer,Max Engle
JM-152503,Consumer,Janet Martin
GM-144403,Consumer,Gary McGarr
MK-181603,Consumer,Mike Kennedy
EH-141852,Consumer,Evan Henry
CC-122201,Consumer,Chris Cortes
MB-173051,Consumer,Maria Bertelson
SK-199901,Consumer,Sally Knutson
RH-196001,Consumer,Rob Haberlin
SV-207851,Consumer,Stewart Visinsky
BK-112601,Consumer,Berenike Kampe
RD-199301,Consumer,Russell DAscenzo
GT-147103,Consumer,Greg Tran
AG-102703,Consumer,Alejandro Grove
DP-131653,Consumer,David Philippe
ML-182653,Consumer,Muhammed Lee
BD-16052,Consumer,Brian Dahlen
SC-103802,Consumer,Shahid Collister
VG-117902,Consumer,Vivek Gonzalez
GA-47251,Consumer,Guy Armstrong
SC-200204,Consumer,Sam Craven
JL-151304,Consumer,Jack Lebron
SC-207254,Consumer,Steven Cartwright
KD-162704,Consumer,Karen Daniels
TS-213404,Consumer,Toby Swindell
KC-165404,Consumer,Kelly Collister
JE-154754,Consumer,Jeremy Ellison
LF-171854,Consumer,Luke Foster
JD-160604,Consumer,Julia Dunbar
CM-124454,Consumer,Chuck Magee
SM-200054,Consumer,Sally Matthias
JL-158504,Consumer,John Lucas
ES-140204,Consumer,Erica Smith
RA-192854,Consumer,Ralph Arnett
HL-150404,Consumer,Hunter Lopez
RD-194804,Consumer,Rick Duston
SS-105902,Consumer,Sonia Sunley
DL-33152,Consumer,Delfina Latchford
ML-82652,Consumer,Muhammed Lee
MO-75001,Consumer,Mary O'Rourke
BN-115153,Consumer,Bradley Nguyen
DK-130903,Consumer,Dave Kipp
CV-122953,Consumer,Christina VanderZanden
VS-218204,Consumer,Vivek Sundaresam
EJ-137204,Consumer,Ed Jacobs
FP-143204,Consumer,Frank Preis
AC-106604,Consumer,Anna Chung
JF-55651,Consumer,Jill Fjeld
KC-65401,Consumer,Kelly Collister
DV-134651,Consumer,Dianna Vittorini
SW-102753,Consumer,Scott Williamson
CM-19351,Consumer,Carlos Meador
CM-21901,Consumer,Charlotte Melton
DW-35401,Consumer,Don Weiss
DO-34351,Consumer,Denny Ordway
GA-45151,Consumer,George Ashbrook
BT-16801,Consumer,Brian Thompson
SV-109351,Consumer,Susan Vittorini
TB-116251,Consumer,Trudy Brown
HG-148453,Consumer,Harry Greene
LH-69001,Consumer,Lena Hernandez
SG-200804,Consumer,Sandra Glassco
KM-166604,Consumer,Khloe Miller
HG-150252,Consumer,Hunter Glantz
AH-105853,Consumer,Angele Hood
TB-214003,Consumer,Tom Boeckenhauer
JD-57901,Consumer,John Dryer
KD-63452,Consumer,Katherine Ducich
LR-169152,Consumer,Lena Radford
NP-87002,Consumer,Nora Preis
RB-94352,Consumer,Richard Bierner
PK-90752,Consumer,Pete Kriz
EB-38702,Consumer,Emily Burns
BG-17402,Consumer,Bruce Geld
MS-78302,Consumer,Melanie Seite
WB-118502,Consumer,William Brown
SK-99902,Consumer,Sally Knutson
LP-70953,Consumer,Liz Preis
CS-19503,Consumer,Carlos Soltero
JW-59552,Consumer,Joni Wasserman
EN-37802,Consumer,Edward Nazzal
DP-31652,Consumer,David Philippe
BD-17702,Consumer,Bryan Davis
SS-108752,Consumer,Sung Shariari
CS-21303,Consumer,Chad Sievert
HL-50402,Consumer,Hunter Lopez
CA-27752,Consumer,Cynthia Arntzen
AG-6752,Consumer,Anna Gayman
FP-43202,Consumer,Frank Preis
CL-25652,Consumer,Clay Ludtke
TB-212503,Consumer,Tim Brockman
TM-210103,Consumer,Tamara Manning
SB-101852,Consumer,Sarah Brown
SC-208003,Consumer,Stuart Calhoun
TD-109953,Consumer,Tamara Dahlen
TS-113403,Consumer,Toby Swindell
CC-24753,Consumer,Cindy Chapman
TR-113252,Consumer,Toby Ritter
NC-84152,Consumer,Nathan Cano
KD-62701,Consumer,Karen Daniels
MT-178154,Consumer,Meg Tillman
SW-202754,Consumer,Scott Williamson
PM-189404,Consumer,Paul MacIntyre
AR-105404,Consumer,Andy Reiter
MK-181604,Consumer,Mike Kennedy
GH-144254,Consumer,Gary Hwang
TB-212804,Consumer,Toby Braunhardt
VG-217904,Consumer,Vivek Gonzalez
MG-181454,Consumer,Mike Gockenbach
JR-157004,Consumer,Jocasta Rupert
JP-155201,Consumer,Jeremy Pistek
CK-125951,Consumer,Clytie Kelty
DK-128951,Consumer,Dana Kaydos
SE-201101,Consumer,Sanjit Engle
IM-150551,Consumer,Ionia McGrath
JL-52352,Consumer,Janet Lee
AS-2402,Consumer,Alan Shonely
AG-3302,Consumer,Alex Grayson
LW-72153,Consumer,Luke Weiss
TS-110853,Consumer,Thais Sissman
PB-191051,Consumer,Peter Buhler
NP-186703,Consumer,Nora Paige
AG-109003,Consumer,Arthur Gainer
CM-23851,Consumer,Christopher Martinez
VS-118201,Consumer,Vivek Sundaresam
RR-93151,Consumer,Ralph Ritter
RH-95551,Consumer,Ritsa Hightower
JF-151904,Consumer,Jamie Frazer
JH-159103,Consumer,Jonathan Howell
EN-37801,Consumer,Edward Nazzal
ND-83701,Consumer,Natalie DeCherney
TR-213253,Consumer,Toby Ritter
CS-121303,Consumer,Chad Sievert
RH-195553,Consumer,Ritsa Hightower
JB-159253,Consumer,Joni Blumstein
BT-116803,Consumer,Brian Thompson
AM-107053,Consumer,Anne McFarland
NF-183853,Consumer,Natalie Fritzler
MC-172753,Consumer,Marc Crier
AA-103751,Consumer,Allen Armold
JD-60151,Consumer,Joy Daniels
FM-43801,Consumer,Fred McMath
AI-8552,Consumer,Arianne Irving
CD-22801,Consumer,Christina DeMoss
LH-67501,Consumer,Larry Hughes
EH-39901,Consumer,Erica Hackney
AA-3151,Consumer,Alex Avila
TB-114001,Consumer,Tom Boeckenhauer
NS-85051,Consumer,Neola Schneider
RF-98401,Consumer,Roy Franzosisch
LD-70051,Consumer,Lisa DeCherney
CD-19201,Consumer,Carlos Daly
CC-24751,Consumer,Cindy Chapman
TB-110551,Consumer,Ted Butterfield
JM-58651,Consumer,John Murray
GT-47101,Consumer,Greg Tran
SC-103051,Consumer,Sean Christensen
NC-84151,Consumer,Nathan Cano
DK-29851,Consumer,Darren Koutras
LT-71101,Consumer,Liz Thompson
DL-28651,Consumer,Dan Lawera
JM-55351,Consumer,Jessica Myrick
SH-103951,Consumer,Shahid Hopkins
AG-3902,Consumer,Allen Goldenen
KT-64653,Consumer,Kean Takahito
LP-70802,Consumer,Liz Pelletier
JG-51602,Consumer,James Galang
DL-129251,Consumer,Daniel Lacy
JC-153854,Consumer,Jenna Caffey
RE-194054,Consumer,Ricardo Emerson
ST-105302,Consumer,Shui Tom
CD-22802,Consumer,Christina DeMoss
SC-108002,Consumer,Stuart Calhoun
TZ-115801,Consumer,Tracy Zic
JR-57001,Consumer,Jocasta Rupert
JK-60901,Consumer,Juliana Krohn
RA-99152,Consumer,Russell Applegate
MD-73501,Consumer,Maribeth Dona
PS-87601,Consumer,Pamela Stobb
EB-39301,Consumer,Eric Barreto
AR-5701,Consumer,Anemone Ratner
HM-49801,Consumer,Henry MacAllister
JK-60902,Consumer,Juliana Krohn
GT-47551,Consumer,Guy Thornton
SO-103351,Consumer,Sean O'Donnell
JF-54901,Consumer,Jeremy Farry
PK-90751,Consumer,Pete Kriz
RB-94351,Consumer,Richard Bierner
AF-8851,Consumer,Art Foster
BD-16051,Consumer,Brian Dahlen
JS-60301,Consumer,Joy Smith
LH-70201,Consumer,Lisa Hazard
XP-118652,Consumer,Xylona Preis
BT-16802,Consumer,Brian Thompson
JB-60001,Consumer,Joy Bell-
AB-1051,Consumer,Adrian Barton
VD-116701,Consumer,Valerie Dominguez
ES-40201,Consumer,Erica Smith
SW-102752,Consumer,Scott Williamson
JS-60302,Consumer,Joy Smith
DP-30002,Consumer,Darren Powers
GM-144404,Consumer,Gary McGarr
TH-111001,Consumer,Thea Hendricks
RD-99001,Consumer,Ruben Dartt
HG-48452,Consumer,Harry Greene
TC-112953,Consumer,Toby Carlisle
JK-60903,Consumer,Juliana Krohn
KM-167201,Consumer,Kunst Miller
JF-153552,Consumer,Jay Fein
MC-172752,Consumer,Marc Crier
EB-39302,Consumer,Eric Barreto
RC-198251,Consumer,Roy Collins
JE-57451,Consumer,Joel Eaton
TM-110102,Consumer,Tamara Manning
CM-122351,Consumer,Chris McAfee
JH-59103,Consumer,Jonathan Howell
JF-151903,Consumer,Jamie Frazer
LM-170653,Consumer,Liz MacKendrick
MK-181602,Consumer,Mike Kennedy
RB-195703,Consumer,Rob Beeghly
DB-134054,Consumer,Denny Blanton
AB-101053,Consumer,Adrian Barton
DB-132103,Consumer,Dean Braden
EB-141103,Consumer,Eugene Barchas
RW-196904,Consumer,Robert Waldorf
SW-204554,Consumer,Shaun Weien
LL-168404,Consumer,Lauren Leatherbury
BP-12301,Consumer,Benjamin Patterson
SP-109201,Consumer,Susan Pistek
MT-78151,Consumer,Meg Tillman
DO-36451,Consumer,Doug O'Connell
KL-66451,Consumer,Ken Lonsdale
TG-113101,Consumer,Toby Gnade
SS-108751,Consumer,Sung Shariari
CK-22051,Consumer,Chloris Kastensmidt
JM-55801,Consumer,Jill Matthias
AA-3751,Consumer,Allen Armold
EB-38701,Consumer,Emily Burns
LC-68701,Consumer,Lena Cacioppo
TB-115201,Consumer,Tracy Blumstein
CM-22351,Consumer,Chris McAfee
MC-75751,Consumer,Matt Collins
BW-110651,Consumer,Barry Weirich
DC-132851,Consumer,Debra Catini
CD-119204,Consumer,Carlos Daly
BN-115154,Consumer,Bradley Nguyen
TZ-215804,Consumer,Tracy Zic
BD-116054,Consumer,Brian Dahlen
SF-202002,Consumer,Sarah Foster
JF-154151,Consumer,Jennifer Ferguson
CS-125053,Consumer,Cindy Stewart
IM-150554,Consumer,Ionia McGrath
NW-184004,Consumer,Natalie Webber
RL-196152,Consumer,Rob Lucas
RD-94802,Consumer,Rick Duston
CC-22202,Consumer,Chris Cortes
JL-52351,Consumer,Janet Lee
NP-83252,Consumer,Naresj Patel
AG-102704,Consumer,Alejandro Grove
RF-197352,Consumer,Roland Fjeld
RK-193002,Consumer,Ralph Kennedy
DK-133753,Consumer,Dennis Kane
MO-179503,Consumer,Michael Oakman
HZ-149503,Consumer,Henia Zydlo
RH-194952,Consumer,Rick Hansen
PB-91051,Consumer,Peter Buhler
BW-110653,Consumer,Barry Weirich
LC-168853,Consumer,Lena Creighton
IG-150853,Consumer,Ivan Gibson
IG-150854,Consumer,Ivan Gibson
JF-152954,Consumer,Jason Fortune-
RA-99151,Consumer,Russell Applegate
JK-56252,Consumer,Jim Karlsson
TG-116402,Consumer,Trudy Glocke
EH-39452,Consumer,Eric Hoffmann
CC-24752,Consumer,Cindy Chapman
ES-40202,Consumer,Erica Smith
TG-216404,Consumer,Trudy Glocke
JW-159554,Consumer,Joni Wasserman
RA-92852,Consumer,Ralph Arnett
JO-152804,Consumer,Jas O'Carroll
CC-125504,Consumer,Clay Cheatham
CM-121154,Consumer,Chad McGuire
JC-153404,Consumer,Jasper Cacioppo
GM-146804,Consumer,Greg Matthias
DB-136602,Consumer,Duane Benoit
JK-160904,Consumer,Juliana Krohn
JC-153851,Consumer,Jenna Caffey
BP-12901,Consumer,Beth Paige
SC-100201,Consumer,Sam Craven
AH-5851,Consumer,Angele Hood
EJ-137202,Consumer,Ed Jacobs
EH-39453,Consumer,Eric Hoffmann
AJ-9452,Consumer,Ashley Jarboe
AA-4803,Consumer,Andrew Allen
MC-72752,Consumer,Marc Crier
JM-58653,Consumer,John Murray
EB-139302,Consumer,Eric Barreto
DK-130902,Consumer,Dave Kipp
VS-218203,Consumer,Vivek Sundaresam
ZD-219253,Consumer,Zuschuss Donatelli
SS-205904,Consumer,Sonia Sunley
JW-160752,Consumer,Julia West
PG-188202,Consumer,Patrick Gardner
SC-103801,Consumer,Shahid Collister
ZC-119101,Consumer,Zuschuss Carroll
MM-80552,Consumer,Michelle Moray
CM-122353,Consumer,Chris McAfee
HL-150403,Consumer,Hunter Lopez
DV-134653,Consumer,Dianna Vittorini
KC-165403,Consumer,Kelly Collister
DM-130153,Consumer,Darrin Martin
SC-207253,Consumer,Steven Cartwright
BM-117853,Consumer,Bryan Mills
SW-202752,Consumer,Scott Williamson
CS-124602,Consumer,Chuck Sachs
RA-192851,Consumer,Ralph Arnett
FM-143801,Consumer,Fred McMath
CD-119201,Consumer,Carlos Daly
LW-171251,Consumer,Liz Willingham
SW-204551,Consumer,Shaun Weien
SC-200951,Consumer,Sanjit Chand
SS-104101,Consumer,Shahid Shariari
PR-88802,Consumer,Patrick Ryan
ME-77252,Consumer,Max Engle
AH-4651,Consumer,Amy Hunt
BO-14252,Consumer,Bobby Odegard
PO-88502,Consumer,Patrick O'Brill
TS-210853,Consumer,Thais Sissman
BO-114253,Consumer,Bobby Odegard
AM-7053,Consumer,Anne McFarland
SE-101101,Consumer,Sanjit Engle
PF-91201,Consumer,Peter Fuller
JB-60002,Consumer,Joy Bell-
RH-96003,Consumer,Rob Haberlin
CD-119804,Consumer,Carol Darley
EG-139003,Consumer,Emily Grady
DL-33151,Consumer,Delfina Latchford
CJ-20101,Consumer,Caroline Jumper
AZ-107501,Consumer,Annie Zypern
KW-164351,Consumer,Katrina Willman
FH-43502,Consumer,Fred Harton
LM-170652,Consumer,Liz MacKendrick
NG-184303,Consumer,Nathan Gelder
TG-213103,Consumer,Toby Gnade
LH-169003,Consumer,Lena Hernandez
RW-196903,Consumer,Robert Waldorf
HA-149053,Consumer,Helen Abelman
JF-154903,Consumer,Jeremy Farry
GT-47102,Consumer,Greg Tran
EB-141702,Consumer,Evan Bailliet
DK-128952,Consumer,Dana Kaydos
AA-103154,Consumer,Alex Avila
DB-134053,Consumer,Denny Blanton
BK-12601,Consumer,Berenike Kampe
LH-71552,Consumer,Logan Haushalter
MH-80252,Consumer,Michelle Huthwaite
AC-4502,Consumer,Amy Cox
TD-109952,Consumer,Tamara Dahlen
KT-64652,Consumer,Kean Takahito
AM-7052,Consumer,Anne McFarland
JH-54302,Consumer,Jennifer Halladay
AJ-109603,Consumer,Astrea Jones
JF-154153,Consumer,Jennifer Ferguson
JC-157753,Consumer,John Castell
SW-102451,Consumer,Scot Wooten
AR-5101,Consumer,Andrew Roberts
JL-55051,Consumer,Jeremy Lonsdale
GA-147252,Consumer,Guy Armstrong
GB-145753,Consumer,Giulietta Baptist
EP-139153,Consumer,Emily Phan
CK-125953,Consumer,Clytie Kelty
EB-138703,Consumer,Emily Burns
AR-105402,Consumer,Andy Reiter
TC-112952,Consumer,Toby Carlisle
NF-83852,Consumer,Natalie Fritzler
SH-103952,Consumer,Shahid Hopkins
GZ-44702,Consumer,Gary Zandusky
SG-100802,Consumer,Sandra Glassco
AA-3752,Consumer,Allen Armold
LT-67652,Consumer,Larry Tron
LS-72452,Consumer,Lynn Smith
GT-47552,Consumer,Guy Thornton
AC-6602,Consumer,Anna Chung
AB-151,Consumer,Aaron Bergman
SW-102751,Consumer,Scott Williamson
JH-59852,Consumer,Joseph Holt
RD-199002,Consumer,Ruben Dartt
AJ-109604,Consumer,Astrea Jones
NP-183254,Consumer,Naresj Patel
DJ-136304,Consumer,Doug Jacobs
BO-114254,Consumer,Bobby Odegard
BW-110654,Consumer,Barry Weirich
DF-131354,Consumer,David Flashing
RM-197504,Consumer,Roland Murray
CD-122804,Consumer,Christina DeMoss
SM-209054,Consumer,Susan MacKendrick
AB-1651,Consumer,Alan Barnes
JC-57752,Consumer,John Castell
NW-84002,Consumer,Natalie Webber
DC-28502,Consumer,Dan Campbell
SA-108302,Consumer,Sue Ann Reed
JH-59102,Consumer,Jonathan Howell
BW-10652,Consumer,Barry Weirich
JO-152802,Consumer,Jas O'Carroll
LW-171254,Consumer,Liz Willingham
SC-108451,Consumer,Sung Chung
EB-139303,Consumer,Eric Barreto
TM-214904,Consumer,Tony Molinari
RR-93152,Consumer,Ralph Ritter
LW-172153,Consumer,Luke Weiss
TS-210854,Consumer,Thais Sissman
JL-51302,Consumer,Jack Lebron
LH-69002,Consumer,Lena Hernandez
AZ-7502,Consumer,Annie Zypern
JM-58652,Consumer,John Murray
BG-10351,Consumer,Barry Gonzalez
TB-212802,Consumer,Toby Braunhardt
AF-8702,Consumer,Art Ferguson
RK-193004,Consumer,Ralph Kennedy
JP-55202,Consumer,Jeremy Pistek
EB-41702,Consumer,Evan Bailliet
CA-27751,Consumer,Cynthia Arntzen
JK-52051,Consumer,Jamie Kunitz
NS-85052,Consumer,Neola Schneider
BW-12002,Consumer,Ben Wallace
AG-2703,Consumer,Alejandro Grove
MM-72601,Consumer,Magdelene Morse
SV-203653,Consumer,Seth Vernon
FM-143803,Consumer,Fred McMath
SM-109052,Consumer,Susan MacKendrick
AC-4503,Consumer,Amy Cox
EM-39602,Consumer,Eric Murdock
RM-97501,Consumer,Roland Murray
BP-11551,Consumer,Becky Pak
AT-7351,Consumer,Annie Thurman
AG-102701,Consumer,Alejandro Grove
RP-93902,Consumer,Resi Polking
TG-113102,Consumer,Toby Gnade
PF-192253,Consumer,Phillip Flathmann
DN-36902,Consumer,Duane Noonan
KD-163453,Consumer,Katherine Ducich
CM-23852,Consumer,Christopher Martinez
CL-18903,Consumer,Carl Ludwig
JW-60752,Consumer,Julia West
SW-102452,Consumer,Scot Wooten
MG-81452,Consumer,Mike Gockenbach
BP-12902,Consumer,Beth Paige
BD-13201,Consumer,Bill Donatelli
LP-170804,Consumer,Liz Pelletier
BD-116203,Consumer,Brian DeCherney
DB-130603,Consumer,Dave Brooks
AR-105403,Consumer,Andy Reiter
MD-73503,Consumer,Maribeth Dona
JH-61802,Consumer,Justin Hirsh
JK-53702,Consumer,Jay Kimmel
GW-146053,Consumer,Giulietta Weimer
AI-108553,Consumer,Arianne Irving
LP-70952,Consumer,Liz Preis
MM-72602,Consumer,Magdelene Morse
LC-71402,Consumer,Logan Currie
LD-70052,Consumer,Lisa DeCherney
EM-40652,Consumer,Erin Mull
RD-194801,Consumer,Rick Duston
MO-179501,Consumer,Michael Oakman
CB-124151,Consumer,Christy Brittain
SV-109352,Consumer,Susan Vittorini
SG-104702,Consumer,Sheri Gordon
NM-85201,Consumer,Neoma Murray
TP-114152,Consumer,Tom Prescott
AB-1052,Consumer,Adrian Barton
MK-81602,Consumer,Mike Kennedy
AA-4802,Consumer,Andrew Allen
DW-35402,Consumer,Don Weiss
CL-18902,Consumer,Carl Ludwig
GM-46801,Consumer,Greg Matthias
WB-118501,Consumer,William Brown
DK-30902,Consumer,Dave Kipp
LH-70202,Consumer,Lisa Hazard
RH-96002,Consumer,Rob Haberlin
SV-103651,Consumer,Seth Vernon
DL-28652,Consumer,Dan Lawera
RD-95852,Consumer,Rob Dowd
DK-33752,Consumer,Dennis Kane
JC-53402,Consumer,Jasper Cacioppo
AS-2401,Consumer,Alan Shonely
VM-218353,Consumer,Vivian Mathis
CM-21152,Consumer,Chad McGuire
TD-109951,Consumer,Tamara Dahlen
IM-50701,Consumer,Irene Maddox
JF-52952,Consumer,Jason Fortune-
VM-118352,Consumer,Vivian Mathis
LC-68852,Consumer,Lena Creighton
LW-72152,Consumer,Luke Weiss
LR-69151,Consumer,Lena Radford
GZ-145452,Corporate,George Zrebassa
VP-217602,Corporate,Victoria Pisteka
JM-152652,Corporate,Janet Molinari
TC-109801,Corporate,Tamara Chand
DJ-34201,Corporate,Denny Joy
BP-10501,Corporate,Barry Pond
DM-35253,Corporate,Don Miller
SF-109652,Corporate,Sylvia Foulston
Dl-36001,Corporate,Dorris liebe
ON-187152,Corporate,Odella Nelson
LD-68551,Corporate,Lela Donovan
DW-35851,Corporate,Dorothy Wardle
MC-176352,Corporate,Matthew Clasen
GT-146352,Corporate,Grant Thornton
CS-18452,Corporate,Cari Sayre
CK-27602,Corporate,Cyma Kinney
SW-107551,Corporate,Steven Ward
BW-11101,Corporate,Bart Watters
MP-79651,Corporate,Michael Paige
DM-29551,Corporate,Dario Medina
MW-82351,Corporate,Mitch Willingham
CA-19651,Corporate,Carol Adams
JB-54001,Corporate,Jennifer Braxton
DH-30751,Corporate,Dave Hallsten
ML-80401,Corporate,Michelle Lonsdale
TZ-214453,Corporate,Tom Zandusky
FA-42301,Corporate,Frank Atkinson
MH-74401,Corporate,Mark Haberlin
BS-13651,Corporate,Bill Shonely
MY-82951,Corporate,Muhammed Yedwab
KD-66151,Corporate,Ken Dana
HW-49351,Corporate,Helen Wasserman
KB-62401,Corporate,Karen Bern
TS-111601,Corporate,Theresa Swint
SP-106201,Corporate,Stefania Perrino
HM-48601,Corporate,Harry Marie
RS-97651,Corporate,Roland Schwarz
AR-103452,Corporate,Alex Russell
FH-143652,Corporate,Fred Hopkins
VG-218052,Corporate,Vivek Grady
SS-201402,Corporate,Saphhira Shifley
DJ-135103,Corporate,Don Jones
BF-112753,Corporate,Beth Fritzler
BV-112453,Corporate,Benjamin Venier
EB-139753,Corporate,Erica Bern
TB-211753,Corporate,Thomas Boland
CM-27152,Corporate,Craig Molinari
CS-24902,Corporate,Cindy Schnelling
GM-46952,Corporate,Greg Maxwell
DK-32252,Corporate,Dean Katz
MM-82802,Corporate,Muhammed MacIntyre
BF-9751,Corporate,Barbara Fisher
LO-71702,Corporate,Lori Olson
MY-82952,Corporate,Muhammed Yedwab
SB-102901,Corporate,Sean Braxton
TH-112352,Corporate,Tiffany House
JG-58052,Corporate,John Grady
JO-51452,Corporate,Jack O'Briant
LS-69453,Corporate,Linda Southworth
SC-206951,Corporate,Steve Chapman
DW-135851,Corporate,Dorothy Wardle
JE-161651,Corporate,Justin Ellison
KM-162251,Corporate,Kalyca Meade
DM-129551,Corporate,Dario Medina
MD-178601,Corporate,Michael Dominguez
BP-111851,Corporate,Ben Peterman
KS-163001,Corporate,Karen Seio
JK-153251,Corporate,Jason Klamczynski
RP-192701,Corporate,Rachel Payne
GD-145901,Corporate,Giulietta Dortch
EH-137651,Corporate,Edward Hooks
LC-169301,Corporate,Linda Cazamias
CS-118451,Corporate,Cari Sayre
AG-103001,Corporate,Aleksandra Gannaway
TZ-214451,Corporate,Tom Zandusky
CM-118151,Corporate,Candace McMahon
BT-113951,Corporate,Bill Tyler
TC-211451,Corporate,Theresa Coyne
AJ-107951,Corporate,Anthony Johnson
MP-179651,Corporate,Michael Paige
HG-149651,Corporate,Henry Goldwyn
BM-116501,Corporate,Brian Moss
LS-169451,Corporate,Linda Southworth
EM-138101,Corporate,Eleni McCrary
NH-186101,Corporate,Nicole Hansen
BN-114702,Corporate,Brad Norvell
LR-70351,Corporate,Lisa Ryan
SP-105451,Corporate,Sibella Parks
YC-218952,Corporate,Yoseph Carroll
ML-173952,Corporate,Marina Lichtenstein
KN-164502,Corporate,Kean Nguyen
LR-170351,Corporate,Lisa Ryan
LS-172001,Corporate,Luke Schmidt
JG-158051,Corporate,John Grady
AO-108101,Corporate,Anthony O'Donnell
DG-133001,Corporate,Deirdre Greer
DK-132252,Corporate,Dean Katz
LW-69902,Corporate,Lindsay Williams
JE-61652,Corporate,Justin Ellison
ND-84603,Corporate,Neil Ducich
BS-13652,Corporate,Bill Shonely
GR-45602,Corporate,Georgia Rosenberg
ML-180402,Corporate,Michelle Lonsdale
SW-207552,Corporate,Steven Ward
JD-158952,Corporate,Jonathan Doherty
TH-212352,Corporate,Tiffany House
RW-196302,Corporate,Rob Williams
AC-106151,Corporate,Ann Chong
CS-122501,Corporate,Chris Selesnick
SP-206504,Corporate,Stephanie Phelps
EB-137054,Corporate,Ed Braxton
KH-166304,Corporate,Ken Heidel
JS-55953,Corporate,Jill Stevenson
SB-202901,Corporate,Sean Braxton
TS-113701,Corporate,Todd Sumrall
CM-18301,Corporate,Cari MacIntyre
MH-76201,Corporate,Matt Hagelstein
BP-10952,Corporate,Bart Pistole
JW-52202,Corporate,Jane Waco
KH-63302,Corporate,Katharine Harms
SW-107553,Corporate,Steven Ward
SC-102602,Corporate,Scott Cohen
DK-32251,Corporate,Dean Katz
DR-28801,Corporate,Dan Reichenbach
AS-2851,Corporate,Alejandro Savely
MC-74251,Corporate,Mark Cousins
LD-68552,Corporate,Lela Donovan
ES-40802,Corporate,Erin Smith
KH-66302,Corporate,Ken Heidel
AG-3002,Corporate,Aleksandra Gannaway
FM-42152,Corporate,Filia McAdams
EA-140352,Corporate,Erin Ashbrook
CS-121751,Corporate,Charles Sheldon
CA-123102,Corporate,Christine Abelman
FC-143354,Corporate,Fred Chung
DW-131954,Corporate,David Wiener
ML-180404,Corporate,Michelle Lonsdale
VW-217751,Corporate,Victoria Wilson
HM-148601,Corporate,Harry Marie
MY-182951,Corporate,Muhammed Yedwab
KH-166902,Corporate,Kristen Hastings
JC-161052,Corporate,Julie Creighton
GM-146954,Corporate,Greg Maxwell
LS-69451,Corporate,Linda Southworth
GH-44851,Corporate,Gene Hale
JK-53251,Corporate,Jason Klamczynski
LC-69301,Corporate,Linda Cazamias
JD-58951,Corporate,Jonathan Doherty
AC-4201,Corporate,Alyssa Crouse
AR-8251,Corporate,Anthony Rawles
SC-104401,Corporate,Shaun Chance
VG-118051,Corporate,Vivek Grady
AG-104954,Corporate,Andrew Gjertsen
JW-152202,Corporate,Jane Waco
DS-31801,Corporate,David Smith
MS-79801,Corporate,Michael Stewart
YS-118801,Corporate,Yana Sorensen
AM-3601,Corporate,Alice McCarthy
DJ-35101,Corporate,Don Jones
RW-195402,Corporate,Rick Wilson
DP-131051,Corporate,Dave Poirier
AH-753,Corporate,Adam Hart
MF-182502,Corporate,Monica Federle
MF-182501,Corporate,Monica Federle
NC-186251,Corporate,Noah Childs
GT-46352,Corporate,Grant Thornton
SP-106202,Corporate,Stefania Perrino
MH-76203,Corporate,Matt Hagelstein
CA-19652,Corporate,Carol Adams
MG-82053,Corporate,Mitch Gastineau
JC-61052,Corporate,Julie Creighton
NG-183552,Corporate,Nat Gilpin
CY-127452,Corporate,Craig Yedwab
BF-110202,Corporate,Barry Franzosisch
BT-113954,Corporate,Bill Tyler
AB-106002,Corporate,Ann Blume
DS-131804,Corporate,David Smith
SG-208904,Corporate,Susan Gilcrest
FM-142153,Corporate,Filia McAdams
CB-125353,Corporate,Claudia Bergmann
GB-145301,Corporate,George Bell
LD-168551,Corporate,Lela Donovan
BS-113653,Corporate,Bill Shonely
JB-154002,Corporate,Jennifer Braxton
BM-115752,Corporate,Brendan Murry
BP-110502,Corporate,Barry Pond
BW-11103,Corporate,Bart Watters
DV-30452,Corporate,Darrin Van Huff
SG-108902,Corporate,Susan Gilcrest
SM-109502,Corporate,Suzanne McNair
JE-156101,Corporate,Jim Epp
AR-103451,Corporate,Alex Russell
DL-134952,Corporate,Dionis Lloyd
SC-207702,Corporate,Stewart Carmichael
CM-118302,Corporate,Cari MacIntyre
EB-39752,Corporate,Erica Bern
BF-12752,Corporate,Beth Fritzler
DK-132254,Corporate,Dean Katz
CA-123104,Corporate,Christine Abelman
KD-166154,Corporate,Ken Dana
BP-111854,Corporate,Ben Peterman
ER-138553,Corporate,Elpida Rittenbach
BP-110953,Corporate,Bart Pistole
EM-138103,Corporate,Eleni McCrary
AS-102852,Corporate,Alejandro Savely
HE-48002,Corporate,Harold Engle
CM-18302,Corporate,Cari MacIntyre
BS-115901,Corporate,Brendan Sweed
GG-146502,Corporate,Greg Guthrie
CA-119652,Corporate,Carol Adams
CV-128052,Corporate,Cynthia Voltz
RP-98552,Corporate,Roy Phan
LA-67802,Corporate,Laura Armstrong
SC-104402,Corporate,Shaun Chance
MD-78601,Corporate,Michael Dominguez
DB-35552,Corporate,Dorothy Badders
TB-113552,Corporate,Todd Boyes
DL-34952,Corporate,Dionis Lloyd
DP-31052,Corporate,Dave Poirier
BF-10202,Corporate,Barry Franzosisch
FH-43652,Corporate,Fred Hopkins
BM-116504,Corporate,Brian Moss
ES-40801,Corporate,Erin Smith
DJ-134202,Corporate,Denny Joy
MH-177852,Corporate,Maya Herman
JD-161501,Corporate,Justin Deggeller
NC-85352,Corporate,Nick Crebassa
EB-37502,Corporate,Edward Becker
EM-40953,Corporate,Eudokia Martin
JG-53101,Corporate,Jason Gross
DW-31952,Corporate,David Wiener
BO-13502,Corporate,Bill Overfelt
JO-51451,Corporate,Jack O'Briant
BF-12751,Corporate,Beth Fritzler
EM-40951,Corporate,Eudokia Martin
TZ-114451,Corporate,Tom Zandusky
FW-143953,Corporate,Fred Wasserman
BO-113503,Corporate,Bill Overfelt
NB-186553,Corporate,Nona Balk
GG-146504,Corporate,Greg Guthrie
PC-187451,Corporate,Pamela Coakley
KD-166151,Corporate,Ken Dana
AH-101951,Corporate,Alan Haines
BT-113952,Corporate,Bill Tyler
JM-52651,Corporate,Janet Molinari
KB-66001,Corporate,Ken Brennan
HE-148002,Corporate,Harold Engle
KC-162552,Corporate,Karen Carlisle
MM-182802,Corporate,Muhammed MacIntyre
DM-129552,Corporate,Dario Medina
MD-178602,Corporate,Michael Dominguez
LW-168252,Corporate,Laurel Workman
JW-152201,Corporate,Jane Waco
JM-156552,Corporate,Jim Mitchum
GH-144851,Corporate,Gene Hale
DK-132251,Corporate,Dean Katz
EB-137053,Corporate,Ed Braxton
FA-142302,Corporate,Frank Atkinson
MZ-175152,Corporate,Mary Zewe
MC-181303,Corporate,Mike Caudle
AC-104203,Corporate,Alyssa Crouse
FH-142753,Corporate,Frank Hawley
DL-134953,Corporate,Dionis Lloyd
CP-120853,Corporate,Cathy Prescott
MW-182353,Corporate,Mitch Willingham
HK-148903,Corporate,Heather Kirkland
MZ-175153,Corporate,Mary Zewe
VP-217603,Corporate,Victoria Pisteka
SB-202903,Corporate,Sean Braxton
GB-145303,Corporate,George Bell
MS-179803,Corporate,Michael Stewart
DW-131953,Corporate,David Wiener
AY-105553,Corporate,Andy Yotov
GZ-145453,Corporate,George Zrebassa
RP-198554,Corporate,Roy Phan
AJ-107954,Corporate,Anthony Johnson
KB-162402,Corporate,Karen Bern
AH-100752,Corporate,Adam Hart
AR-103453,Corporate,Alex Russell
BB-115453,Corporate,Brenda Bowman
EH-137653,Corporate,Edward Hooks
SS-201403,Corporate,Saphhira Shifley
NB-86552,Corporate,Nona Balk
JM-156553,Corporate,Jim Mitchum
MG-182053,Corporate,Mitch Gastineau
DW-135853,Corporate,Dorothy Wardle
FH-42752,Corporate,Frank Hawley
TS-112052,Corporate,Thomas Seio
AG-5252,Corporate,Andy Gerbode
MC-81302,Corporate,Mike Caudle
DW-135852,Corporate,Dorothy Wardle
KS-163002,Corporate,Karen Seio
MC-181302,Corporate,Mike Caudle
MP-79652,Corporate,Michael Paige
MP-179652,Corporate,Michael Paige
GD-145904,Corporate,Giulietta Dortch
EB-137504,Corporate,Edward Becker
CK-127604,Corporate,Cyma Kinney
AS-100454,Corporate,Aaron Smayling
MC-175904,Corporate,Matt Collister
MZ-175154,Corporate,Mary Zewe
BF-110204,Corporate,Barry Franzosisch
SC-202604,Corporate,Scott Cohen
SC-202304,Corporate,Scot Coram
AH-100754,Corporate,Adam Hart
HW-149351,Corporate,Helen Wasserman
DK-128353,Corporate,Damala Kotsonis
RB-196453,Corporate,Robert Barroso
TS-214303,Corporate,Tom Stivers
KL-165553,Corporate,Kelly Lampkin
DB-135553,Corporate,Dorothy Badders
EB-137502,Corporate,Edward Becker
KD-164952,Corporate,Keith Dawkins
SC-204403,Corporate,Shaun Chance
CK-27601,Corporate,Cyma Kinney
VP-117601,Corporate,Victoria Pisteka
JE-56101,Corporate,Jim Epp
CS-21751,Corporate,Charles Sheldon
BS-113651,Corporate,Bill Shonely
NS-186402,Corporate,Noel Staavos
MD-178604,Corporate,Michael Dominguez
DM-133454,Corporate,Denise Monton
TS-212054,Corporate,Thomas Seio
SC-107703,Corporate,Stewart Carmichael
MF-82502,Corporate,Monica Federle
JS-56852,Corporate,Jim Sink
DM-29553,Corporate,Dario Medina
CP-20853,Corporate,Cathy Prescott
AJ-7803,Corporate,Anthony Jacobs
VW-117751,Corporate,Victoria Wilson
JO-151454,Corporate,Jack O'Briant
RA-198854,Corporate,Ruben Ausman
RB-196454,Corporate,Robert Barroso
JE-156104,Corporate,Jim Epp
JC-161054,Corporate,Julie Creighton
JK-153254,Corporate,Jason Klamczynski
MD-178603,Corporate,Michael Dominguez
AH-101953,Corporate,Alan Haines
LA-167802,Corporate,Laura Armstrong
SH-199752,Corporate,Sally Hughsby
JG-158054,Corporate,John Grady
GB-145304,Corporate,George Bell
EB-139751,Corporate,Erica Bern
KB-166001,Corporate,Ken Brennan
BF-109751,Corporate,Barbara Fisher
MG-182051,Corporate,Mitch Gastineau
KE-164201,Corporate,Katrina Edelman
TS-213701,Corporate,Todd Sumrall
GR-145602,Corporate,Georgia Rosenberg
TS-213702,Corporate,Todd Sumrall
CP-123402,Corporate,Christine Phan
CP-123401,Corporate,Christine Phan
RA-198851,Corporate,Ruben Ausman
KL-165554,Corporate,Kelly Lampkin
NC-186254,Corporate,Noah Childs
KE-164204,Corporate,Katrina Edelman
TP-215654,Corporate,Tracy Poddar
SC-204404,Corporate,Shaun Chance
FH-142754,Corporate,Frank Hawley
AR-103454,Corporate,Alex Russell
AR-108254,Corporate,Anthony Rawles
CV-128054,Corporate,Cynthia Voltz
LA-167804,Corporate,Laura Armstrong
CP-120852,Corporate,Cathy Prescott
DW-131951,Corporate,David Wiener
SC-202301,Corporate,Scot Coram
AS-102851,Corporate,Alejandro Savely
AO-108102,Corporate,Anthony O'Donnell
KC-166752,Corporate,Kimberly Carter
MY-173802,Corporate,Maribeth Yedwab
HH-150102,Corporate,Hilary Holden
KD-164953,Corporate,Keith Dawkins
GT-146353,Corporate,Grant Thornton
AH-100753,Corporate,Adam Hart
KB-162403,Corporate,Karen Bern
NG-83553,Corporate,Nat Gilpin
HW-49352,Corporate,Helen Wasserman
BM-115751,Corporate,Brendan Murry
DJ-134201,Corporate,Denny Joy
JS-156851,Corporate,Jim Sink
SM-209502,Corporate,Suzanne McNair
LD-168552,Corporate,Lela Donovan
AS-452,Corporate,Aaron Smayling
BM-16503,Corporate,Brian Moss
TZ-114453,Corporate,Tom Zandusky
DK-31502,Corporate,David Kendrick
TC-111452,Corporate,Theresa Coyne
JP-54603,Corporate,Jennifer Patt
FW-43952,Corporate,Fred Wasserman
EM-38253,Corporate,Elizabeth Moffitt
FC-43352,Corporate,Fred Chung
BS-13802,Corporate,Bill Stewart
CP-23402,Corporate,Christine Phan
JD-61502,Corporate,Justin Deggeller
AY-5552,Corporate,Andy Yotov
VG-118052,Corporate,Vivek Grady
SH-99752,Corporate,Sally Hughsby
DK-28352,Corporate,Damala Kotsonis
Dl-36002,Corporate,Dorris liebe
SS-101403,Corporate,Saphhira Shifley
RP-92702,Corporate,Rachel Payne
KC-62552,Corporate,Karen Carlisle
HG-149652,Corporate,Henry Goldwyn
MH-174402,Corporate,Mark Haberlin
RS-197651,Corporate,Roland Schwarz
BS-113801,Corporate,Bill Stewart
SC-202601,Corporate,Scott Cohen
TH-212351,Corporate,Tiffany House
BN-14702,Corporate,Brad Norvell
RP-198553,Corporate,Roy Phan
FM-142154,Corporate,Filia McAdams
DJ-34202,Corporate,Denny Joy
TC-109802,Corporate,Tamara Chand
GZ-45453,Corporate,George Zrebassa
LW-68252,Corporate,Laurel Workman
DR-28802,Corporate,Dan Reichenbach
GG-46502,Corporate,Greg Guthrie
CA-23102,Corporate,Christine Abelman
MZ-175151,Corporate,Mary Zewe
SP-206501,Corporate,Stephanie Phelps
CA-119651,Corporate,Carol Adams
ES-140801,Corporate,Erin Smith
FM-142151,Corporate,Filia McAdams
ND-184601,Corporate,Neil Ducich
CC-126101,Corporate,Corey Catlett
MY-182954,Corporate,Muhammed Yedwab
NS-186404,Corporate,Noel Staavos
KM-162254,Corporate,Kalyca Meade
AJ-107804,Corporate,Anthony Jacobs
KN-164504,Corporate,Kean Nguyen
GM-46951,Corporate,Greg Maxwell
ND-84601,Corporate,Neil Ducich
KH-66301,Corporate,Ken Heidel
GP-47401,Corporate,Guy Phonely
MC-75901,Corporate,Matt Collister
MF-176651,Corporate,Maureen Fritzler
KB-62402,Corporate,Karen Bern
ME-80101,Corporate,Michelle Ellison
MH-177851,Corporate,Maya Herman
KL-165551,Corporate,Kelly Lampkin
AH-100751,Corporate,Adam Hart
VB-217451,Corporate,Victoria Brennan
HK-148901,Corporate,Heather Kirkland
EA-140351,Corporate,Erin Ashbrook
DK-131501,Corporate,David Kendrick
JP-154601,Corporate,Jennifer Patt
TS-214301,Corporate,Tom Stivers
NB-186551,Corporate,Nona Balk
KC-162551,Corporate,Karen Carlisle
RR-195251,Corporate,Rick Reed
DJ-135101,Corporate,Don Jones
Dl-136001,Corporate,Dorris liebe
SP-208601,Corporate,Sung Pak
YC-218951,Corporate,Yoseph Carroll
SW-207551,Corporate,Steven Ward
KH-166901,Corporate,Kristen Hastings
BO-113501,Corporate,Bill Overfelt
MC-181301,Corporate,Mike Caudle
ML-173951,Corporate,Marina Lichtenstein
ON-187151,Corporate,Odella Nelson
YS-218801,Corporate,Yana Sorensen
CY-127451,Corporate,Craig Yedwab
CK-127601,Corporate,Cyma Kinney
BN-114701,Corporate,Brad Norvell
QJ-192551,Corporate,Quincy Jones
JG-153101,Corporate,Jason Gross
PW-190301,Corporate,Pauline Webber
GZ-145451,Corporate,George Zrebassa
GK-146201,Corporate,Grace Kelly
SC-207701,Corporate,Stewart Carmichael
BV-112451,Corporate,Benjamin Venier
BP-110951,Corporate,Bart Pistole
MC-174251,Corporate,Mark Cousins
KH-163301,Corporate,Katharine Harms
SH-199751,Corporate,Sally Hughsby
CP-120851,Corporate,Cathy Prescott
SG-208901,Corporate,Susan Gilcrest
JS-155951,Corporate,Jill Stevenson
RP-198551,Corporate,Roy Phan
AB-106001,Corporate,Ann Blume
PB-192101,Corporate,Phillip Breyer
BB-109901,Corporate,Barry Blumstein
KN-164501,Corporate,Kean Nguyen
AC-104201,Corporate,Alyssa Crouse
ML-173954,Corporate,Marina Lichtenstein
JE-61651,Corporate,Justin Ellison
BS-15901,Corporate,Brendan Sweed
LR-170353,Corporate,Lisa Ryan
AC-106153,Corporate,Ann Chong
BW-111103,Corporate,Bart Watters
FC-143351,Corporate,Fred Chung
NS-186401,Corporate,Noel Staavos
LA-167801,Corporate,Laura Armstrong
TC-211452,Corporate,Theresa Coyne
SC-206953,Corporate,Steve Chapman
RF-193452,Corporate,Randy Ferguson
TS-211602,Corporate,Theresa Swint
AJ-107952,Corporate,Anthony Johnson
MK-179052,Corporate,Michael Kennedy
SC-204402,Corporate,Shaun Chance
MG-182052,Corporate,Mitch Gastineau
BW-111102,Corporate,Bart Watters
SP-206202,Corporate,Stefania Perrino
AY-105551,Corporate,Andy Yotov
GT-146351,Corporate,Grant Thornton
Dl-136002,Corporate,Dorris liebe
AH-101952,Corporate,Alan Haines
AG-103002,Corporate,Aleksandra Gannaway
EM-138252,Corporate,Elizabeth Moffitt
CA-23101,Corporate,Christine Abelman
RB-96451,Corporate,Robert Barroso
DW-131952,Corporate,David Wiener
AS-102252,Corporate,Alan Schoenberger
AR-108253,Corporate,Anthony Rawles
DM-129553,Corporate,Dario Medina
LO-171703,Corporate,Lori Olson
AB-106003,Corporate,Ann Blume
RF-193453,Corporate,Randy Ferguson
ML-173953,Corporate,Marina Lichtenstein
BN-114703,Corporate,Brad Norvell
KC-166753,Corporate,Kimberly Carter
TP-215652,Corporate,Tracy Poddar
HM-148602,Corporate,Harry Marie
HK-148902,Corporate,Heather Kirkland
JP-154602,Corporate,Jennifer Patt
AS-100452,Corporate,Aaron Smayling
AG-4953,Corporate,Andrew Gjertsen
DJ-35103,Corporate,Don Jones
AS-2852,Corporate,Alejandro Savely
MH-74403,Corporate,Mark Haberlin
CS-22502,Corporate,Chris Selesnick
AC-4202,Corporate,Alyssa Crouse
LC-69302,Corporate,Linda Cazamias
ON-87152,Corporate,Odella Nelson
AJ-7801,Corporate,Anthony Jacobs
AC-6151,Corporate,Ann Chong
BP-11851,Corporate,Ben Peterman
CY-127453,Corporate,Craig Yedwab
GH-144853,Corporate,Gene Hale
LS-169453,Corporate,Linda Southworth
CK-127602,Corporate,Cyma Kinney
KB-165852,Corporate,Ken Black
SF-209654,Corporate,Sylvia Foulston
AC-106154,Corporate,Ann Chong
KH-166302,Corporate,Ken Heidel
BW-111101,Corporate,Bart Watters
KC-166751,Corporate,Kimberly Carter
MC-175901,Corporate,Matt Collister
TH-211151,Corporate,Thea Hudgings
CJ-118751,Corporate,Carl Jackson
LA-67801,Corporate,Laura Armstrong
HM-48602,Corporate,Harry Marie
MS-179801,Corporate,Michael Stewart
KD-166152,Corporate,Ken Dana
CS-118452,Corporate,Cari Sayre
EB-37052,Corporate,Ed Braxton
JD-158954,Corporate,Jonathan Doherty
VW-217754,Corporate,Victoria Wilson
CA-119653,Corporate,Carol Adams
RR-195253,Corporate,Rick Reed
RW-195401,Corporate,Rick Wilson
TS-212051,Corporate,Thomas Seio
TP-215651,Corporate,Tracy Poddar
LO-171701,Corporate,Lori Olson
PB-92102,Corporate,Phillip Breyer
MH-77852,Corporate,Maya Herman
CS-22501,Corporate,Chris Selesnick
EB-37051,Corporate,Ed Braxton
JM-56551,Corporate,Jim Mitchum
GT-46351,Corporate,Grant Thornton
RP-98551,Corporate,Roy Phan
NH-86101,Corporate,Nicole Hansen
SC-106951,Corporate,Steve Chapman
SG-108901,Corporate,Susan Gilcrest
CB-25351,Corporate,Claudia Bergmann
DL-34951,Corporate,Dionis Lloyd
MM-82801,Corporate,Muhammed MacIntyre
TH-112351,Corporate,Tiffany House
YC-118951,Corporate,Yoseph Carroll
DB-131202,Corporate,David Bremer
JG-158052,Corporate,John Grady
MF-176652,Corporate,Maureen Fritzler
JE-156102,Corporate,Jim Epp
RP-192702,Corporate,Rachel Payne
RP-198552,Corporate,Roy Phan
CM-118152,Corporate,Candace McMahon
DV-130452,Corporate,Darrin Van Huff
PC-187452,Corporate,Pamela Coakley
DK-131502,Corporate,David Kendrick
AR-104052,Corporate,Allen Rosenblatt
LO-171702,Corporate,Lori Olson
MH-176202,Corporate,Matt Hagelstein
LR-170352,Corporate,Lisa Ryan
JS-155952,Corporate,Jill Stevenson
DB-29701,Corporate,Darren Budd
DP-31051,Corporate,Dave Poirier
BF-10201,Corporate,Barry Franzosisch
AH-101954,Corporate,Alan Haines
JC-161053,Corporate,Julie Creighton
AH-6902,Corporate,Anna H?berlin
MH-176203,Corporate,Matt Hagelstein
RS-194203,Corporate,Ricardo Sperren
KC-162553,Corporate,Karen Carlisle
FC-143352,Corporate,Fred Chung
SV-208151,Corporate,Stuart Van
AG-105252,Corporate,Andy Gerbode
MM-182801,Corporate,Muhammed MacIntyre
SH-206351,Corporate,Stefanie Holloman
SC-202302,Corporate,Scot Coram
MC-174252,Corporate,Mark Cousins
BG-116951,Corporate,Brooke Gillingham
JR-162102,Corporate,Justin Ritter
NB-185802,Corporate,Nicole Brennan
BP-111852,Corporate,Ben Peterman
SP-208602,Corporate,Sung Pak
RS-194202,Corporate,Ricardo Sperren
AR-108252,Corporate,Anthony Rawles
BT-13952,Corporate,Bill Tyler
RA-198852,Corporate,Ruben Ausman
KN-163902,Corporate,Katherine Nockton
TS-111602,Corporate,Theresa Swint
SH-106351,Corporate,Stefanie Holloman
AY-5551,Corporate,Andy Yotov
BB-109902,Corporate,Barry Blumstein
SH-99751,Corporate,Sally Hughsby
MC-176353,Corporate,Matthew Clasen
FW-143952,Corporate,Fred Wasserman
NC-186252,Corporate,Noah Childs
PJ-188352,Corporate,Patrick Jones
AG-104952,Corporate,Andrew Gjertsen
VG-218051,Corporate,Vivek Grady
MC-176351,Corporate,Matthew Clasen
LD-168553,Corporate,Lela Donovan
SC-202603,Corporate,Scott Cohen
JE-161653,Corporate,Justin Ellison
SC-207703,Corporate,Stewart Carmichael
RS-197653,Corporate,Roland Schwarz
GD-145903,Corporate,Giulietta Dortch
SP-206503,Corporate,Stephanie Phelps
SH-199753,Corporate,Sally Hughsby
AJ-107953,Corporate,Anthony Johnson
TC-209803,Corporate,Tamara Chand
HK-148904,Corporate,Heather Kirkland
DM-133451,Corporate,Denise Monton
RS-94201,Corporate,Ricardo Sperren
DH-130752,Corporate,Dave Hallsten
TS-212052,Corporate,Thomas Seio
LS-169452,Corporate,Linda Southworth
SC-202602,Corporate,Scott Cohen
BB-9902,Corporate,Barry Blumstein
SV-108153,Corporate,Stuart Van
PJ-88352,Corporate,Patrick Jones
LW-169903,Corporate,Lindsay Williams
LW-169902,Corporate,Lindsay Williams
DM-33452,Corporate,Denise Monton
KH-66903,Corporate,Kristen Hastings
GB-45303,Corporate,George Bell
CS-122504,Corporate,Chris Selesnick
NB-185804,Corporate,Nicole Brennan
TC-111451,Corporate,Theresa Coyne
CS-122502,Corporate,Chris Selesnick
YS-218802,Corporate,Yana Sorensen
KH-163304,Corporate,Katharine Harms
BS-113804,Corporate,Bill Stewart
ND-184602,Corporate,Neil Ducich
AY-105552,Corporate,Andy Yotov
GB-45302,Corporate,George Bell
AJ-7802,Corporate,Anthony Jacobs
SS-101402,Corporate,Saphhira Shifley
BG-116953,Corporate,Brooke Gillingham
GK-146203,Corporate,Grace Kelly
AR-3452,Corporate,Alex Russell
AJ-107802,Corporate,Anthony Jacobs
DJ-135102,Corporate,Don Jones
AC-104202,Corporate,Alyssa Crouse
DM-133452,Corporate,Denise Monton
LW-168254,Corporate,Laurel Workman
RW-195404,Corporate,Rick Wilson
BN-114704,Corporate,Brad Norvell
EB-137052,Corporate,Ed Braxton
JM-156554,Corporate,Jim Mitchum
TH-211153,Corporate,Thea Hudgings
KH-163303,Corporate,Katharine Harms
BS-115902,Corporate,Brendan Sweed
TS-214302,Corporate,Tom Stivers
GD-145902,Corporate,Giulietta Dortch
ML-180401,Corporate,Michelle Lonsdale
KB-165851,Corporate,Ken Black
JO-151451,Corporate,Jack O'Briant
AM-103601,Corporate,Alice McCarthy
JM-152651,Corporate,Janet Molinari
MW-182351,Corporate,Mitch Willingham
SP-205451,Corporate,Sibella Parks
MC-176051,Corporate,Matt Connell
DM-135251,Corporate,Don Miller
DB-129701,Corporate,Darren Budd
KD-164951,Corporate,Keith Dawkins
JB-154004,Corporate,Jennifer Braxton
ES-140802,Corporate,Erin Smith
MP-179654,Corporate,Michael Paige
BO-113504,Corporate,Bill Overfelt
SM-209504,Corporate,Suzanne McNair
VP-217604,Corporate,Victoria Pisteka
FH-142752,Corporate,Frank Hawley
ME-180102,Corporate,Michelle Ellison
VW-217753,Corporate,Victoria Wilson
JS-156853,Corporate,Jim Sink
LC-169302,Corporate,Linda Cazamias
QJ-192552,Corporate,Quincy Jones
TC-211453,Corporate,Theresa Coyne
ER-38552,Corporate,Elpida Rittenbach
PW-90302,Corporate,Pauline Webber
ML-73952,Corporate,Marina Lichtenstein
AR-4052,Corporate,Allen Rosenblatt
BM-15752,Corporate,Brendan Murry
GM-146953,Corporate,Greg Maxwell
FC-143353,Corporate,Fred Chung
KS-163003,Corporate,Karen Seio
TT-212653,Corporate,Tim Taslimi
HH-150103,Corporate,Hilary Holden
KD-166153,Corporate,Ken Dana
SV-208153,Corporate,Stuart Van
SG-208903,Corporate,Susan Gilcrest
RP-192703,Corporate,Rachel Payne
CJ-118753,Corporate,Carl Jackson
GG-146503,Corporate,Greg Guthrie
NS-186403,Corporate,Noel Staavos
DJ-134203,Corporate,Denny Joy
LS-172003,Corporate,Luke Schmidt
EM-138253,Corporate,Elizabeth Moffitt
SP-206204,Corporate,Stefania Perrino
AH-6901,Corporate,Anna H?berlin
BS-13801,Corporate,Bill Stewart
LO-71701,Corporate,Lori Olson
TT-212651,Corporate,Tim Taslimi
HH-150101,Corporate,Hilary Holden
KH-166301,Corporate,Ken Heidel
BB-9901,Corporate,Barry Blumstein
SF-109651,Corporate,Sylvia Foulston
LW-69901,Corporate,Lindsay Williams
DB-35551,Corporate,Dorothy Badders
EB-38401,Corporate,Ellis Ballard
CB-125354,Corporate,Claudia Bergmann
QJ-192554,Corporate,Quincy Jones
ON-187154,Corporate,Odella Nelson
GT-146354,Corporate,Grant Thornton
YS-218804,Corporate,Yana Sorensen
KH-66902,Corporate,Kristen Hastings
GP-147402,Corporate,Guy Phonely
LS-72001,Corporate,Luke Schmidt
KN-64502,Corporate,Kean Nguyen
KM-62252,Corporate,Kalyca Meade
SP-106502,Corporate,Stephanie Phelps
AB-6002,Corporate,Ann Blume
DR-128803,Corporate,Dan Reichenbach
RB-196452,Corporate,Robert Barroso
HR-148302,Corporate,Harold Ryan
NC-185351,Corporate,Nick Crebassa
SM-109501,Corporate,Suzanne McNair
TT-112651,Corporate,Tim Taslimi
DK-28351,Corporate,Damala Kotsonis
PC-87451,Corporate,Pamela Coakley
MC-76351,Corporate,Matthew Clasen
HK-48901,Corporate,Heather Kirkland
EM-38101,Corporate,Eleni McCrary
ML-73951,Corporate,Marina Lichtenstein
CJ-18751,Corporate,Carl Jackson
BS-115903,Corporate,Brendan Sweed
PJ-88351,Corporate,Patrick Jones
MY-182952,Corporate,Muhammed Yedwab
KE-164202,Corporate,Katrina Edelman
SH-199754,Corporate,Sally Hughsby
LS-69452,Corporate,Linda Southworth
SP-206201,Corporate,Stefania Perrino
TS-211601,Corporate,Theresa Swint
GM-146951,Corporate,Greg Maxwell
BB-115451,Corporate,Brenda Bowman
JR-162101,Corporate,Justin Ritter
BP-111853,Corporate,Ben Peterman
JB-154003,Corporate,Jennifer Braxton
MY-182953,Corporate,Muhammed Yedwab
BM-115753,Corporate,Brendan Murry
JD-161503,Corporate,Justin Deggeller
SH-206353,Corporate,Stefanie Holloman
HR-148301,Corporate,Harold Ryan
ND-184603,Corporate,Neil Ducich
JO-151453,Corporate,Jack O'Briant
HK-48903,Corporate,Heather Kirkland
KN-163901,Corporate,Katherine Nockton
EM-140951,Corporate,Eudokia Martin
KB-162401,Corporate,Karen Bern
AS-102853,Corporate,Alejandro Savely
JP-154603,Corporate,Jennifer Patt
CM-127153,Corporate,Craig Molinari
NG-183553,Corporate,Nat Gilpin
FM-142152,Corporate,Filia McAdams
JM-152654,Corporate,Janet Molinari
MG-82051,Corporate,Mitch Gastineau
AS-451,Corporate,Aaron Smayling
TH-111151,Corporate,Thea Hudgings
EB-39751,Corporate,Erica Bern
AG-4951,Corporate,Andrew Gjertsen
QJ-92551,Corporate,Quincy Jones
NC-85351,Corporate,Nick Crebassa
JD-61501,Corporate,Justin Deggeller
CV-28051,Corporate,Cynthia Voltz
RW-95401,Corporate,Rick Wilson
BN-14701,Corporate,Brad Norvell
CP-20851,Corporate,Cathy Prescott
NC-185353,Corporate,Nick Crebassa
MK-179053,Corporate,Michael Kennedy
CP-123403,Corporate,Christine Phan
EB-137503,Corporate,Edward Becker
LW-168253,Corporate,Laurel Workman
KH-163302,Corporate,Katharine Harms
TP-215653,Corporate,Tracy Poddar
JE-161652,Corporate,Justin Ellison
SM-209503,Corporate,Suzanne McNair
DV-130453,Corporate,Darrin Van Huff
GR-145603,Corporate,Georgia Rosenberg
AG-104953,Corporate,Andrew Gjertsen
CS-122503,Corporate,Chris Selesnick
HM-148604,Corporate,Harry Marie
EA-140354,Corporate,Erin Ashbrook
DK-131503,Corporate,David Kendrick
DB-131203,Corporate,David Bremer
BM-116502,Corporate,Brian Moss
RR-195254,Corporate,Rick Reed
MF-82501,Corporate,Monica Federle
DK-31501,Corporate,David Kendrick
FM-42151,Corporate,Filia McAdams
KH-63301,Corporate,Katharine Harms
CM-27151,Corporate,Craig Molinari
CS-18451,Corporate,Cari Sayre
CY-27451,Corporate,Craig Yedwab
LS-172002,Corporate,Luke Schmidt
CS-124902,Corporate,Cindy Schnelling
EB-139752,Corporate,Erica Bern
SC-206952,Corporate,Steve Chapman
VG-218053,Corporate,Vivek Grady
BF-109753,Corporate,Barbara Fisher
TB-213554,Corporate,Todd Boyes
GH-144852,Corporate,Gene Hale
PW-190303,Corporate,Pauline Webber
ND-184604,Corporate,Neil Ducich
DL-134954,Corporate,Dionis Lloyd
MH-174401,Corporate,Mark Haberlin
SS-201401,Corporate,Saphhira Shifley
RW-196303,Corporate,Rob Williams
CC-126103,Corporate,Corey Catlett
ER-138554,Corporate,Elpida Rittenbach
EB-139754,Corporate,Erica Bern
BF-109754,Corporate,Barbara Fisher
RS-197654,Corporate,Roland Schwarz
BV-112452,Corporate,Benjamin Venier
CS-121754,Corporate,Charles Sheldon
KB-162404,Corporate,Karen Bern
EH-137652,Corporate,Edward Hooks
BP-10502,Corporate,Barry Pond
TP-115652,Corporate,Tracy Poddar
TC-209801,Corporate,Tamara Chand
DB-135551,Corporate,Dorothy Badders
FA-142301,Corporate,Frank Atkinson
GR-145601,Corporate,Georgia Rosenberg
AH-106901,Corporate,Anna H?berlin
KD-164954,Corporate,Keith Dawkins
AH-100302,Corporate,Aaron Hawkins
MC-175903,Corporate,Matt Collister
CS-118454,Corporate,Cari Sayre
RW-196304,Corporate,Rob Williams
TH-212354,Corporate,Tiffany House
HW-149354,Corporate,Helen Wasserman
AB-106004,Corporate,Ann Blume
EB-138404,Corporate,Ellis Ballard
SP-208604,Corporate,Sung Pak
MC-176054,Corporate,Matt Connell
DR-128804,Corporate,Dan Reichenbach
SP-205454,Corporate,Sibella Parks
KB-166004,Corporate,Ken Brennan
BB-115454,Corporate,Brenda Bowman
BP-110504,Corporate,Barry Pond
BM-115754,Corporate,Brendan Murry
MK-179054,Corporate,Michael Kennedy
JS-155954,Corporate,Jill Stevenson
HG-149654,Corporate,Henry Goldwyn
MC-174254,Corporate,Mark Cousins
TS-213704,Corporate,Todd Sumrall
CY-127454,Corporate,Craig Yedwab
VG-218054,Corporate,Vivek Grady
RF-193454,Corporate,Randy Ferguson
HE-148004,Corporate,Harold Engle
LD-168554,Corporate,Lela Donovan
EH-137654,Corporate,Edward Hooks
MY-173804,Corporate,Maribeth Yedwab
AJ-107803,Corporate,Anthony Jacobs
CS-124903,Corporate,Cindy Schnelling
MF-176653,Corporate,Maureen Fritzler
CK-127603,Corporate,Cyma Kinney
YS-218803,Corporate,Yana Sorensen
AR-3451,Corporate,Alex Russell
AC-106152,Corporate,Ann Chong
VB-117452,Corporate,Victoria Brennan
MC-74252,Corporate,Mark Cousins
FW-143951,Corporate,Fred Wasserman
AG-105251,Corporate,Andy Gerbode
BT-13951,Corporate,Bill Tyler
MS-179802,Corporate,Michael Stewart
MH-174403,Corporate,Mark Haberlin
SW-207553,Corporate,Steven Ward
CM-118153,Corporate,Candace McMahon
TB-213553,Corporate,Todd Boyes
SP-205453,Corporate,Sibella Parks
AM-103603,Corporate,Alice McCarthy
PB-192103,Corporate,Phillip Breyer
CM-118303,Corporate,Cari MacIntyre
KB-165853,Corporate,Ken Black
JD-158951,Corporate,Jonathan Doherty
AH-100301,Corporate,Aaron Hawkins
JM-56553,Corporate,Jim Mitchum
PJ-188351,Corporate,Patrick Jones
JM-156551,Corporate,Jim Mitchum
CS-124901,Corporate,Cindy Schnelling
SF-209651,Corporate,Sylvia Foulston
HE-148003,Corporate,Harold Engle
GP-147403,Corporate,Guy Phonely
AH-106903,Corporate,Anna H?berlin
DK-132253,Corporate,Dean Katz
BG-116954,Corporate,Brooke Gillingham
MH-176204,Corporate,Matt Hagelstein
SP-208603,Corporate,Sung Pak
JS-156852,Corporate,Jim Sink
SP-206502,Corporate,Stephanie Phelps
AM-103604,Corporate,Alice McCarthy
Dl-136004,Corporate,Dorris liebe
VW-217752,Corporate,Victoria Wilson
DS-131802,Corporate,David Smith
KB-165854,Corporate,Ken Black
KN-163904,Corporate,Katherine Nockton
KB-166002,Corporate,Ken Brennan
MF-182503,Corporate,Monica Federle
BB-109903,Corporate,Barry Blumstein
AS-100451,Corporate,Aaron Smayling
CC-126102,Corporate,Corey Catlett
NH-186102,Corporate,Nicole Hansen
AH-106902,Corporate,Anna H?berlin
SG-208902,Corporate,Susan Gilcrest
DG-133002,Corporate,Deirdre Greer
DR-128802,Corporate,Dan Reichenbach
MF-176654,Corporate,Maureen Fritzler
BS-113654,Corporate,Bill Shonely
KS-163004,Corporate,Karen Seio
TS-211604,Corporate,Theresa Swint
MM-182804,Corporate,Muhammed MacIntyre
VB-217454,Corporate,Victoria Brennan
BF-112754,Corporate,Beth Fritzler
SS-201404,Corporate,Saphhira Shifley
BS-115904,Corporate,Brendan Sweed
JR-162104,Corporate,Justin Ritter
NH-186104,Corporate,Nicole Hansen
DW-135854,Corporate,Dorothy Wardle
CC-126104,Corporate,Corey Catlett
CS-118453,Corporate,Cari Sayre
LO-171704,Corporate,Lori Olson
CS-124904,Corporate,Cindy Schnelling
KN-163903,Corporate,Katherine Nockton
MY-173803,Corporate,Maribeth Yedwab
RA-198853,Corporate,Ruben Ausman
DG-133003,Corporate,Deirdre Greer
BT-113953,Corporate,Bill Tyler
SP-205452,Corporate,Sibella Parks
AH-106904,Corporate,Anna H?berlin
NG-183554,Corporate,Nat Gilpin
YC-218953,Corporate,Yoseph Carroll
AO-108103,Corporate,Anthony O'Donnell
AR-104053,Corporate,Allen Rosenblatt
MH-177853,Corporate,Maya Herman
TB-113551,Corporate,Todd Boyes
NB-86551,Corporate,Nona Balk
AS-2251,Corporate,Alan Schoenberger
TS-114301,Corporate,Tom Stivers
TP-115651,Corporate,Tracy Poddar
PB-192102,Corporate,Phillip Breyer
CP-120854,Corporate,Cathy Prescott
AS-100453,Corporate,Aaron Smayling
BM-116503,Corporate,Brian Moss
DS-131803,Corporate,David Smith
KH-166903,Corporate,Kristen Hastings
JG-158053,Corporate,John Grady
ON-187153,Corporate,Odella Nelson
AC-6152,Corporate,Ann Chong
HM-148603,Corporate,Harry Marie
FA-142303,Corporate,Frank Atkinson
VB-217453,Corporate,Victoria Brennan
JK-153253,Corporate,Jason Klamczynski
ME-180103,Corporate,Michelle Ellison
QJ-192553,Corporate,Quincy Jones
AS-102253,Corporate,Alan Schoenberger
KE-164203,Corporate,Katrina Edelman
JW-52201,Corporate,Jane Waco
AR-4051,Corporate,Allen Rosenblatt
AS-102251,Corporate,Alan Schoenberger
GH-144854,Corporate,Gene Hale
GK-146204,Corporate,Grace Kelly
LS-169454,Corporate,Linda Southworth
JP-154604,Corporate,Jennifer Patt
AS-102854,Corporate,Alejandro Savely
DB-131204,Corporate,David Bremer
SC-207704,Corporate,Stewart Carmichael
MS-179804,Corporate,Michael Stewart
NB-186554,Corporate,Nona Balk
YC-218954,Corporate,Yoseph Carroll
NC-185354,Corporate,Nick Crebassa
EM-138254,Corporate,Elizabeth Moffitt
PJ-188354,Corporate,Patrick Jones
BP-10951,Corporate,Bart Pistole
DR-128801,Corporate,Dan Reichenbach
HH-50101,Corporate,Hilary Holden
MK-79051,Corporate,Michael Kennedy
SS-101401,Corporate,Saphhira Shifley
CM-18151,Corporate,Candace McMahon
HE-48001,Corporate,Harold Engle
PB-92101,Corporate,Phillip Breyer
RR-195252,Corporate,Rick Reed
BB-115452,Corporate,Brenda Bowman
JR-62102,Corporate,Justin Ritter
SM-209501,Corporate,Suzanne McNair
MC-174253,Corporate,Mark Cousins
AM-103602,Corporate,Alice McCarthy
KN-63902,Corporate,Katherine Nockton
TC-209804,Corporate,Tamara Chand
DH-130754,Corporate,Dave Hallsten
MC-176354,Corporate,Matthew Clasen
DK-131504,Corporate,David Kendrick
JD-158953,Corporate,Jonathan Doherty
GP-147401,Corporate,Guy Phonely
RW-196301,Corporate,Rob Williams
TB-211751,Corporate,Thomas Boland
FA-142304,Corporate,Frank Atkinson
DG-133004,Corporate,Deirdre Greer
EB-138401,Corporate,Ellis Ballard
DH-130751,Corporate,Dave Hallsten
BF-110201,Corporate,Barry Franzosisch
BV-112454,Corporate,Benjamin Venier
SC-206954,Corporate,Steve Chapman
DK-128354,Corporate,Damala Kotsonis
BW-111104,Corporate,Bart Watters
BF-112752,Corporate,Beth Fritzler
KL-165552,Corporate,Kelly Lampkin
JC-161051,Corporate,Julie Creighton
CA-123101,Corporate,Christine Abelman
TC-209802,Corporate,Tamara Chand
SV-108151,Corporate,Stuart Van
DM-133453,Corporate,Denise Monton
ML-80403,Corporate,Michelle Lonsdale
ER-38551,Corporate,Elpida Rittenbach
KD-64951,Corporate,Keith Dawkins
NB-85803,Corporate,Nicole Brennan
RA-98853,Corporate,Ruben Ausman
HH-50102,Corporate,Hilary Holden
FA-42302,Corporate,Frank Atkinson
EM-138104,Corporate,Eleni McCrary
GM-146952,Corporate,Greg Maxwell
GB-145302,Corporate,George Bell
DB-135554,Corporate,Dorothy Badders
EM-140952,Corporate,Eudokia Martin
SH-206352,Corporate,Stefanie Holloman
JS-56851,Corporate,Jim Sink
FH-142751,Corporate,Frank Hawley
JD-58953,Corporate,Jonathan Doherty
BO-13501,Corporate,Bill Overfelt
AG-5251,Corporate,Andy Gerbode
JG-58051,Corporate,John Grady
DP-131054,Corporate,Dave Poirier
GK-146202,Corporate,Grace Kelly
CB-125352,Corporate,Claudia Bergmann
HW-149352,Corporate,Helen Wasserman
MC-175902,Corporate,Matt Collister
NG-83552,Corporate,Nat Gilpin
AG-4952,Corporate,Andrew Gjertsen
YC-118952,Corporate,Yoseph Carroll
GZ-45452,Corporate,George Zrebassa
CM-118154,Corporate,Candace McMahon
BP-110954,Corporate,Bart Pistole
NC-185352,Corporate,Nick Crebassa
Dl-136003,Corporate,Dorris liebe
EA-140353,Corporate,Erin Ashbrook
SC-102302,Corporate,Scot Coram
CJ-118752,Corporate,Carl Jackson
KH-66901,Corporate,Kristen Hastings
DM-33451,Corporate,Denise Monton
SF-209652,Corporate,Sylvia Foulston
EB-38403,Corporate,Ellis Ballard
YS-118802,Corporate,Yana Sorensen
MH-174404,Corporate,Mark Haberlin
VW-117752,Corporate,Victoria Wilson
AJ-7952,Corporate,Anthony Johnson
LC-169303,Corporate,Linda Cazamias
AG-103003,Corporate,Aleksandra Gannaway
JO-151452,Corporate,Jack O'Briant
RS-194204,Corporate,Ricardo Sperren
DM-129554,Corporate,Dario Medina
DL-134951,Corporate,Dionis Lloyd
SC-102301,Corporate,Scot Coram
AH-751,Corporate,Adam Hart
SB-202904,Corporate,Sean Braxton
CV-128053,Corporate,Cynthia Voltz
LW-68251,Corporate,Laurel Workman
KN-64501,Corporate,Kean Nguyen
JE-161654,Corporate,Justin Ellison
AG-103004,Corporate,Aleksandra Gannaway
AR-104054,Corporate,Allen Rosenblatt
ES-140803,Corporate,Erin Smith
LS-172004,Corporate,Luke Schmidt
SP-106501,Corporate,Stephanie Phelps
CV-28052,Corporate,Cynthia Voltz
MC-81301,Corporate,Mike Caudle
EM-140953,Corporate,Eudokia Martin
MC-176053,Corporate,Matt Connell
MZ-75153,Corporate,Mary Zewe
AH-302,Corporate,Aaron Hawkins
MK-79053,Corporate,Michael Kennedy
RS-194201,Corporate,Ricardo Sperren
MH-176201,Corporate,Matt Hagelstein
AR-108251,Corporate,Anthony Rawles
TS-211603,Corporate,Theresa Swint
JK-153252,Corporate,Jason Klamczynski
HR-148304,Corporate,Harold Ryan
MH-177854,Corporate,Maya Herman
CS-121752,Corporate,Charles Sheldon
TB-213552,Corporate,Todd Boyes
SF-209653,Corporate,Sylvia Foulston
ER-138551,Corporate,Elpida Rittenbach
JB-154001,Corporate,Jennifer Braxton
EB-137501,Corporate,Edward Becker
FH-143651,Corporate,Fred Hopkins
MY-173801,Corporate,Maribeth Yedwab
CB-125351,Corporate,Claudia Bergmann
KD-64952,Corporate,Keith Dawkins
ML-180403,Corporate,Michelle Lonsdale
HW-149353,Corporate,Helen Wasserman
ER-138552,Corporate,Elpida Rittenbach
EB-138402,Corporate,Ellis Ballard
DM-135252,Corporate,Don Miller
SP-206203,Corporate,Stefania Perrino
CA-123103,Corporate,Christine Abelman
DP-131053,Corporate,Dave Poirier
RW-195403,Corporate,Rick Wilson
NC-186253,Corporate,Noah Childs
TS-212053,Corporate,Thomas Seio
BS-113803,Corporate,Bill Stewart
JR-162103,Corporate,Justin Ritter
MP-179653,Corporate,Michael Paige
HR-48301,Corporate,Harold Ryan
SC-204401,Corporate,Shaun Chance
BP-110501,Corporate,Barry Pond
AH-100304,Corporate,Aaron Hawkins
VP-217601,Corporate,Victoria Pisteka
PC-187453,Corporate,Pamela Coakley
EM-40952,Corporate,Eudokia Martin
BO-113502,Corporate,Bill Overfelt
NB-186552,Corporate,Nona Balk
DB-135552,Corporate,Dorothy Badders
RW-96302,Corporate,Rob Williams
TZ-114452,Corporate,Tom Zandusky
EB-137051,Corporate,Ed Braxton
TB-213551,Corporate,Todd Boyes
DB-31202,Corporate,David Bremer
RF-193451,Corporate,Randy Ferguson
NG-183551,Corporate,Nat Gilpin
MW-182352,Corporate,Mitch Willingham
GR-45601,Corporate,Georgia Rosenberg
ON-87151,Corporate,Odella Nelson
KL-65551,Corporate,Kelly Lampkin
CV-128051,Corporate,Cynthia Voltz
FH-143654,Corporate,Fred Hopkins
KC-166754,Corporate,Kimberly Carter
KC-162554,Corporate,Karen Carlisle
TB-211754,Corporate,Thomas Boland
LW-169904,Corporate,Lindsay Williams
KH-166303,Corporate,Ken Heidel
SC-202303,Corporate,Scot Coram
KM-162252,Corporate,Kalyca Meade
EM-138251,Corporate,Elizabeth Moffitt
MK-179051,Corporate,Michael Kennedy
CM-118301,Corporate,Cari MacIntyre
DB-131201,Corporate,David Bremer
EB-138403,Corporate,Ellis Ballard
CA-119654,Corporate,Carol Adams
RP-192704,Corporate,Rachel Payne
LR-170354,Corporate,Lisa Ryan
AC-104204,Corporate,Alyssa Crouse
AG-105254,Corporate,Andy Gerbode
DB-129703,Corporate,Darren Budd
CM-127154,Corporate,Craig Molinari
SV-208154,Corporate,Stuart Van
TH-211154,Corporate,Thea Hudgings
MF-182504,Corporate,Monica Federle
DM-135254,Corporate,Don Miller
MS-79802,Corporate,Michael Stewart
CS-21752,Corporate,Charles Sheldon
AH-100303,Corporate,Aaron Hawkins
FW-143954,Corporate,Fred Wasserman
FH-43651,Corporate,Fred Hopkins
AG-104951,Corporate,Andrew Gjertsen
SP-108601,Corporate,Sung Pak
DG-33001,Corporate,Deirdre Greer
AG-105253,Corporate,Andy Gerbode
EH-37651,Corporate,Edward Hooks
DB-31201,Corporate,David Bremer
TT-212654,Corporate,Tim Taslimi
RB-96452,Corporate,Robert Barroso
BB-109904,Corporate,Barry Blumstein
BS-113652,Corporate,Bill Shonely
TB-211752,Corporate,Thomas Boland
KL-65552,Corporate,Kelly Lampkin
SV-208152,Corporate,Stuart Van
BP-11852,Corporate,Ben Peterman
BV-12451,Corporate,Benjamin Venier
TB-111752,Corporate,Thomas Boland
DH-30752,Corporate,Dave Hallsten
AR-8252,Corporate,Anthony Rawles
TS-113702,Corporate,Todd Sumrall
KE-64202,Corporate,Katrina Edelman
MC-76352,Corporate,Matthew Clasen
TH-211152,Corporate,Thea Hudgings
JR-62103,Corporate,Justin Ritter
CB-25352,Corporate,Claudia Bergmann
BB-15452,Corporate,Brenda Bowman
QJ-92552,Corporate,Quincy Jones
TT-112652,Corporate,Tim Taslimi
AH-1953,Corporate,Alan Haines
HR-48302,Corporate,Harold Ryan
SH-206354,Corporate,Stefanie Holloman
DV-130454,Corporate,Darrin Van Huff
MG-182054,Corporate,Mitch Gastineau
CP-123404,Corporate,Christine Phan
AJ-107801,Corporate,Anthony Jacobs
RB-196451,Corporate,Robert Barroso
GP-47402,Corporate,Guy Phonely
BF-9752,Corporate,Barbara Fisher
JB-54002,Corporate,Jennifer Braxton
AS-2253,Corporate,Alan Schoenberger
DS-131801,Corporate,David Smith
LW-168251,Corporate,Laurel Workman
CM-127151,Corporate,Craig Molinari
GG-146501,Corporate,Greg Guthrie
KC-66751,Corporate,Kimberly Carter
MY-73801,Corporate,Maribeth Yedwab
DV-30451,Corporate,Darrin Van Huff
JG-153103,Corporate,Jason Gross
JM-152653,Corporate,Janet Molinari
DM-135253,Corporate,Don Miller
GD-45901,Corporate,Giulietta Dortch
RA-98851,Corporate,Ruben Ausman
NB-85801,Corporate,Nicole Brennan
SC-107701,Corporate,Stewart Carmichael
VP-117602,Corporate,Victoria Pisteka
RS-97652,Corporate,Roland Schwarz
AH-301,Corporate,Aaron Hawkins
NS-86401,Corporate,Noel Staavos
FW-43951,Corporate,Fred Wasserman
MZ-75151,Corporate,Mary Zewe
AH-1951,Corporate,Alan Haines
RF-93451,Corporate,Randy Ferguson
MH-77851,Corporate,Maya Herman
BP-110952,Corporate,Bart Pistole
JE-56102,Corporate,Jim Epp
KB-66003,Corporate,Ken Brennan
MF-76652,Corporate,Maureen Fritzler
EA-40351,Corporate,Erin Ashbrook
CM-127152,Corporate,Craig Molinari
AJ-7951,Corporate,Anthony Johnson
CJ-18752,Corporate,Carl Jackson
KS-63002,Corporate,Karen Seio
GK-46201,Corporate,Grace Kelly
MF-76651,Corporate,Maureen Fritzler
JR-62101,Corporate,Justin Ritter
MH-74402,Corporate,Mark Haberlin
PW-90301,Corporate,Pauline Webber
DW-31951,Corporate,David Wiener
KC-62551,Corporate,Karen Carlisle
KS-63001,Corporate,Karen Seio
BM-15751,Corporate,Brendan Murry
NH-86103,Corporate,Nicole Hansen
BB-15451,Corporate,Brenda Bowman
DM-35251,Corporate,Don Miller
RW-95402,Corporate,Rick Wilson
MW-82352,Corporate,Mitch Willingham
CM-18152,Corporate,Candace McMahon
GB-45301,Corporate,George Bell
HE-148001,Corporate,Harold Engle
DP-131052,Corporate,Dave Poirier
DH-130753,Corporate,Dave Hallsten
EM-38251,Corporate,Elizabeth Moffitt
BM-16501,Corporate,Brian Moss
NG-83551,Corporate,Nat Gilpin
KM-62251,Corporate,Kalyca Meade
AG-3001,Corporate,Aleksandra Gannaway
BG-16951,Corporate,Brooke Gillingham
GZ-45451,Corporate,George Zrebassa
JS-55951,Corporate,Jill Stevenson
HG-49651,Corporate,Henry Goldwyn
JC-61051,Corporate,Julie Creighton
DK-128351,Corporate,Damala Kotsonis
ES-140804,Corporate,Erin Smith
TC-211454,Corporate,Theresa Coyne
JW-152204,Corporate,Jane Waco
GP-147404,Corporate,Guy Phonely
KN-164503,Corporate,Kean Nguyen
MM-182803,Corporate,Muhammed MacIntyre
GZ-145454,Corporate,George Zrebassa
DK-128352,Corporate,Damala Kotsonis
VB-217452,Corporate,Victoria Brennan
JD-161502,Corporate,Justin Deggeller
MC-176052,Corporate,Matt Connell
FH-143653,Corporate,Fred Hopkins
PJ-188353,Corporate,Patrick Jones
JG-153102,Corporate,Jason Gross
TS-213703,Corporate,Todd Sumrall
BF-110203,Corporate,Barry Franzosisch
DB-29702,Corporate,Darren Budd
CY-27452,Corporate,Craig Yedwab
DJ-135104,Corporate,Don Jones
RS-197652,Corporate,Roland Schwarz
AB-6001,Corporate,Ann Blume
HG-49652,Corporate,Henry Goldwyn
HK-48902,Corporate,Heather Kirkland
TT-212652,Corporate,Tim Taslimi
TZ-214452,Corporate,Tom Zandusky
PW-190302,Corporate,Pauline Webber
EM-138102,Corporate,Eleni McCrary
JG-153104,Corporate,Jason Gross
AS-102254,Corporate,Alan Schoenberger
AY-105554,Corporate,Andy Yotov
MC-181304,Corporate,Mike Caudle
JS-156854,Corporate,Jim Sink
PW-190304,Corporate,Pauline Webber
TS-214304,Corporate,Tom Stivers
JD-161504,Corporate,Justin Deggeller
EM-140954,Corporate,Eudokia Martin
AO-108104,Corporate,Anthony O'Donnell
KH-166904,Corporate,Kristen Hastings
VB-117451,Corporate,Victoria Brennan
PC-187454,Corporate,Pamela Coakley
JP-54601,Corporate,Jennifer Patt
LW-169901,Corporate,Lindsay Williams
DV-130451,Corporate,Darrin Van Huff
MC-75902,Corporate,Matt Collister
AR-104051,Corporate,Allen Rosenblatt
KC-66752,Corporate,Kimberly Carter
NB-185801,Corporate,Nicole Brennan
JW-152203,Corporate,Jane Waco
ME-180104,Corporate,Michelle Ellison
RR-95251,Corporate,Rick Reed
EM-38252,Corporate,Elizabeth Moffitt
KB-66002,Corporate,Ken Brennan
JS-155953,Corporate,Jill Stevenson
KE-64201,Corporate,Katrina Edelman
FC-43351,Corporate,Fred Chung
GD-45902,Corporate,Giulietta Dortch
CC-26101,Corporate,Corey Catlett
BP-110503,Corporate,Barry Pond
KB-166003,Corporate,Ken Brennan
RP-92701,Corporate,Rachel Payne
DJ-134204,Corporate,Denny Joy
AO-8101,Corporate,Anthony O'Donnell
JD-58952,Corporate,Jonathan Doherty
DM-29552,Corporate,Dario Medina
LA-167803,Corporate,Laura Armstrong
JE-156103,Corporate,Jim Epp
DB-129702,Corporate,Darren Budd
SV-108152,Corporate,Stuart Van
SC-107702,Corporate,Stewart Carmichael
NB-85802,Corporate,Nicole Brennan
MZ-75152,Corporate,Mary Zewe
SW-107552,Corporate,Steven Ward
JS-55952,Corporate,Jill Stevenson
KB-65851,Corporate,Ken Black
MC-76051,Corporate,Matt Connell
LC-169304,Corporate,Linda Cazamias
RW-96301,Corporate,Rob Williams
FH-42751,Corporate,Frank Hawley
TS-112051,Corporate,Thomas Seio
DS-31802,Corporate,David Smith
SW-207554,Corporate,Steven Ward
EM-38102,Corporate,Eleni McCrary
RA-98852,Corporate,Ruben Ausman
NH-86102,Corporate,Nicole Hansen
AO-8102,Corporate,Anthony O'Donnell
NC-86251,Corporate,Noah Childs
AH-752,Corporate,Adam Hart
CP-23401,Corporate,Christine Phan
EB-37501,Corporate,Edward Becker
BS-113802,Corporate,Bill Stewart
TH-212353,Corporate,Tiffany House
NB-185803,Corporate,Nicole Brennan
SC-106952,Corporate,Steve Chapman
CJ-118754,Corporate,Carl Jackson
PB-192104,Corporate,Phillip Breyer
ME-180101,Corporate,Michelle Ellison
TS-114302,Corporate,Tom Stivers
KN-63901,Corporate,Katherine Nockton
RS-94203,Corporate,Ricardo Sperren
HG-149653,Corporate,Henry Goldwyn
CS-121753,Corporate,Charles Sheldon
GG-46501,Corporate,Greg Guthrie
MY-73802,Corporate,Maribeth Yedwab
MH-76202,Corporate,Matt Hagelstein
MG-82052,Corporate,Mitch Gastineau
GH-44852,Corporate,Gene Hale
AS-2252,Corporate,Alan Schoenberger
DW-35852,Corporate,Dorothy Wardle
JP-54602,Corporate,Jennifer Patt
GK-46202,Corporate,Grace Kelly
AO-8103,Corporate,Anthony O'Donnell
RF-93453,Corporate,Randy Ferguson
CP-20852,Corporate,Cathy Prescott
TH-111152,Corporate,Thea Hudgings
BF-109752,Corporate,Barbara Fisher
BS-15902,Corporate,Brendan Sweed
HH-150104,Corporate,Hilary Holden
GR-145604,Corporate,Georgia Rosenberg
MW-182354,Corporate,Mitch Willingham
NS-86402,Corporate,Noel Staavos
KM-162253,Corporate,Kalyca Meade
NH-186103,Corporate,Nicole Hansen
HR-148303,Corporate,Harold Ryan
SB-202902,Corporate,Sean Braxton
JM-56552,Corporate,Jim Mitchum
TB-111751,Corporate,Thomas Boland
DG-33002,Corporate,Deirdre Greer
RR-95252,Corporate,Rick Reed
PC-87452,Corporate,Pamela Coakley
BG-116952,Corporate,Brooke Gillingham
CS-24901,Corporate,Cindy Schnelling
NC-86252,Corporate,Noah Childs
LR-70352,Corporate,Lisa Ryan
MC-76052,Corporate,Matt Connell
EH-37652,Corporate,Edward Hooks
BF-112751,Corporate,Beth Fritzler
TH-111153,Corporate,Thea Hudgings
BW-11102,Corporate,Bart Watters
ND-84602,Corporate,Neil Ducich
SC-102601,Corporate,Scott Cohen
AM-3602,Corporate,Alice McCarthy
HG-49653,Corporate,Henry Goldwyn
JM-52652,Corporate,Janet Molinari
EB-38402,Corporate,Ellis Ballard
MK-79052,Corporate,Michael Kennedy
BM-16502,Corporate,Brian Moss
AH-1952,Corporate,Alan Haines
DJ-35102,Corporate,Don Jones
DM-35252,Corporate,Don Miller
ML-80402,Corporate,Michelle Lonsdale
RS-94202,Corporate,Ricardo Sperren
RF-93452,Corporate,Randy Ferguson
BG-16952,Corporate,Brooke Gillingham
MA-179952,Home Office,Michelle Arnett
AW-9301,Home Office,Arthur Wiediger
DW-34801,Home Office,Dianna Wilson
SC-100502,Home Office,Sample Company A
DP-33903,Home Office,Dennis Pardue
PN-87752,Home Office,Parhena Norris
CL-27001,Home Office,Craig Leslie
BT-13051,Home Office,Beth Thompson
MA-79951,Home Office,Michelle Arnett
BF-12151,Home Office,Benjamin Farhat
CK-23251,Home Office,Christine Kargatis
RB-97951,Home Office,Ross Baird
AS-6301,Home Office,Ann Steele
CR-25801,Home Office,Clay Rozendal
TB-211903,Home Office,Thomas Brumley
TA-213853,Home Office,Tom Ashbrook
ML-177553,Home Office,Max Ludwig
TW-110251,Home Office,Tamara Willingham
MH-72901,Home Office,Marc Harrigan
AT-4351,Home Office,Alyssa Tate
SL-201552,Home Office,Sara Luxemburg
LC-169603,Home Office,Lindsay Castell
DS-130303,Home Office,Darrin Sayre
AS-1352,Home Office,Adrian Shami
SS-105151,Home Office,Shirley Schmidt
CM-26552,Home Office,Corinna Mitchell
LB-67952,Home Office,Laurel Beltran
MT-80702,Home Office,Michelle Tran
CH-20702,Home Office,Cathy Hwang
VP-217301,Home Office,Victor Preis
CK-123251,Home Office,Christine Kargatis
VM-216851,Home Office,Valerie Mitchum
SR-207401,Home Office,Steven Roelle
BE-113351,Home Office,Bill Eplett
TT-214601,Home Office,Tonja Turnell
RD-198101,Home Office,Ross DeVincentis
DB-129101,Home Office,Daniel Byrd
SD-204851,Home Office,Shirley Daniels
BT-115301,Home Office,Bradley Talbott
SZ-200351,Home Office,Sam Zeldin
GH-144101,Home Office,Gary Hansen
MG-176801,Home Office,Maureen Gastineau
DE-32551,Home Office,Deanra Eno
MG-76801,Home Office,Maureen Gastineau
RB-194651,Home Office,Rick Bensley
MH-172902,Home Office,Marc Harrigan
KB-164053,Home Office,Katrina Bavinger
PL-89252,Home Office,Paul Lucas
BT-15303,Home Office,Bradley Talbott
NM-184452,Home Office,Nathan Mautz
MO-178002,Home Office,Meg O'Connel
VT-217001,Home Office,Valerie Takahito
FC-42452,Home Office,Frank Carlisle
CG-120401,Home Office,Catherine Glotzbach
AT-104354,Home Office,Alyssa Tate
RD-198104,Home Office,Ross DeVincentis
NM-84453,Home Office,Nathan Mautz
SU-106651,Home Office,Stephanie Ulpright
RD-96601,Home Office,Robert Dilbeck
TC-114751,Home Office,Tony Chapman
MP-81752,Home Office,Mike Pelletier
LC-169602,Home Office,Lindsay Castell
RM-196752,Home Office,Robert Marley
BF-112154,Home Office,Benjamin Farhat
DR-129404,Home Office,Daniel Raglin
EH-140051,Home Office,Erica Hernandez
DW-134801,Home Office,Dianna Wilson
SD-204854,Home Office,Shirley Daniels
JP-61351,Home Office,Julie Prescott
AP-7201,Home Office,Anne Pryor
DS-30301,Home Office,Darrin Sayre
PP-89551,Home Office,Paul Prost
CK-123252,Home Office,Christine Kargatis
EL-137352,Home Office,Ed Ludwig
DR-29401,Home Office,Daniel Raglin
BC-11251,Home Office,Becky Castell
GH-44101,Home Office,Gary Hansen
KF-62851,Home Office,Karen Ferguson
NF-85951,Home Office,Nicole Fjeld
KN-167052,Home Office,Kristina Nunn
TC-215351,Home Office,Tracy Collins
MH-181151,Home Office,Mick Hernandez
TB-211901,Home Office,Thomas Brumley
SM-203204,Home Office,Sean Miller
BT-13052,Home Office,Beth Thompson
BF-10052,Home Office,Barry Franz
AS-6302,Home Office,Ann Steele
JL-151752,Home Office,James Lanier
KM-163752,Home Office,Katherine Murray
PO-191951,Home Office,Phillina Ober
DA-134503,Home Office,Dianna Arnett
PH-187902,Home Office,Patricia Hirasaki
DA-34502,Home Office,Dianna Arnett
RH-95102,Home Office,Rick Huthwaite
SN-205601,Home Office,Skye Norling
JS-159402,Home Office,Joni Sundaresam
DA-134502,Home Office,Dianna Arnett
AB-100602,Home Office,Adam Bellavance
VM-216852,Home Office,Valerie Mitchum
AH-101202,Home Office,Adrian Hane
SN-207102,Home Office,Steve Nguyen
PS-190451,Home Office,Penelope Sewall
DP-133902,Home Office,Dennis Pardue
BF-111701,Home Office,Ben Ferrer
PP-189552,Home Office,Paul Prost
AG-107652,Home Office,Anthony Garverick
ML-177552,Home Office,Max Ludwig
LC-69602,Home Office,Lindsay Castell
HP-48152,Home Office,Harold Pawlan
PO-91953,Home Office,Phillina Ober
SN-107102,Home Office,Steve Nguyen
DE-32552,Home Office,Deanra Eno
RD-96603,Home Office,Robert Dilbeck
VP-117302,Home Office,Victor Preis
EM-41402,Home Office,Eugene Moren
BC-11252,Home Office,Becky Castell
RS-98702,Home Office,Roy Skaria
AT-4352,Home Office,Alyssa Tate
SU-206654,Home Office,Stephanie Ulpright
DB-32701,Home Office,Deborah Brumfield
MP-74701,Home Office,Mark Packer
RB-194652,Home Office,Rick Bensley
BF-110051,Home Office,Barry Franz
CR-28202,Home Office,Cyra Reiten
VM-116852,Home Office,Valerie Mitchum
MZ-73352,Home Office,Maria Zettner
PV-89852,Home Office,Paul Van Hugh
MH-81151,Home Office,Mick Hernandez
DH-36751,Home Office,Duane Huffman
CH-20701,Home Office,Cathy Hwang
FC-42451,Home Office,Frank Carlisle
AB-100603,Home Office,Adam Bellavance
VF-217153,Home Office,Vicky Freymann
NM-184453,Home Office,Nathan Mautz
RS-198703,Home Office,Roy Skaria
RB-197051,Home Office,Roger Barcio
CC-124301,Home Office,Chuck Clark
Dp-132403,Home Office,Dean percer
ME-173202,Home Office,Maria Etezadi
GH-144102,Home Office,Gary Hansen
AD-101802,Home Office,Alan Dominguez
NP-186852,Home Office,Nora Pelletier
BE-113352,Home Office,Bill Eplett
MP-174703,Home Office,Mark Packer
BT-113052,Home Office,Beth Thompson
CD-127903,Home Office,Cynthia Delaney
AH-101203,Home Office,Adrian Hane
EH-141253,Home Office,Eugene Hildebrand
VM-216853,Home Office,Valerie Mitchum
NL-183103,Home Office,Nancy Lomonaco
SJ-201253,Home Office,Sanjit Jacobs
DB-133603,Home Office,Dennis Bolton
DR-129403,Home Office,Daniel Raglin
LB-167954,Home Office,Laurel Beltran
KB-164054,Home Office,Katrina Bavinger
JS-159404,Home Office,Joni Sundaresam
NF-84753,Home Office,Neil Franzosisch
DP-133903,Home Office,Dennis Pardue
MP-181753,Home Office,Mike Pelletier
AG-107653,Home Office,Anthony Garverick
EL-37352,Home Office,Ed Ludwig
RM-196753,Home Office,Robert Marley
LS-169753,Home Office,Lindsay Shagiari
JK-56402,Home Office,Jim Kriz
SL-101553,Home Office,Sara Luxemburg
DW-34803,Home Office,Dianna Wilson
JO-55502,Home Office,Jesus Ocampo
AW-9302,Home Office,Arthur Wiediger
JP-61352,Home Office,Julie Prescott
SN-105603,Home Office,Skye Norling
TH-215503,Home Office,Tracy Hopkins
ME-173203,Home Office,Maria Etezadi
PO-91803,Home Office,Philisse Overcash
ED-38853,Home Office,Emily Ducich
MG-178754,Home Office,Michael Grace
KM-163754,Home Office,Katherine Murray
SR-207404,Home Office,Steven Roelle
TC-215354,Home Office,Tracy Collins
LC-169604,Home Office,Lindsay Castell
SC-200504,Home Office,Sample Company A
PO-191802,Home Office,Philisse Overcash
BF-112153,Home Office,Benjamin Farhat
AB-102553,Home Office,Alejandro Ballentine
MG-78751,Home Office,Michael Grace
PM-91351,Home Office,Peter McVee
MO-78002,Home Office,Meg O'Connel
NM-184451,Home Office,Nathan Mautz
SC-200501,Home Office,Sample Company A
JK-161201,Home Office,Julie Kriz
BE-114552,Home Office,Brad Eason
DB-132702,Home Office,Deborah Brumfield
KB-64051,Home Office,Katrina Bavinger
CS-24002,Home Office,Christopher Schild
BT-14852,Home Office,Brad Thomas
TB-211902,Home Office,Thomas Brumley
SJ-101253,Home Office,Sanjit Jacobs
CR-26253,Home Office,Corey Roper
NL-83101,Home Office,Nancy Lomonaco
BF-111704,Home Office,Ben Ferrer
HP-148153,Home Office,Harold Pawlan
KN-167054,Home Office,Kristina Nunn
AS-101354,Home Office,Adrian Shami
CL-127001,Home Office,Craig Leslie
FG-142601,Home Office,Frank Gastineau
AD-101801,Home Office,Alan Dominguez
EL-137351,Home Office,Ed Ludwig
DR-129401,Home Office,Daniel Raglin
MG-178751,Home Office,Michael Grace
JB-160451,Home Office,Julia Barnett
MG-178752,Home Office,Michael Grace
JK-161202,Home Office,Julie Kriz
SR-204252,Home Office,Sharelle Roach
RS-198702,Home Office,Roy Skaria
AW-109304,Home Office,Arthur Wiediger
DP-133904,Home Office,Dennis Pardue
JK-161204,Home Office,Julie Kriz
EH-141254,Home Office,Eugene Hildebrand
DS-130304,Home Office,Darrin Sayre
CL-127004,Home Office,Craig Leslie
BF-110054,Home Office,Barry Franz
TC-214754,Home Office,Tony Chapman
TT-214604,Home Office,Tonja Turnell
AH-101204,Home Office,Adrian Hane
FG-142604,Home Office,Frank Gastineau
DB-132704,Home Office,Deborah Brumfield
GM-144554,Home Office,Gary Mitchum
BC-111252,Home Office,Becky Castell
TN-210403,Home Office,Tanja Norvell
SR-207402,Home Office,Steven Roelle
CR-128202,Home Office,Cyra Reiten
LB-167953,Home Office,Laurel Beltran
CR-126253,Home Office,Corey Roper
TW-110252,Home Office,Tamara Willingham
KN-67052,Home Office,Kristina Nunn
RM-196751,Home Office,Robert Marley
RB-197052,Home Office,Roger Barcio
CA-120552,Home Office,Cathy Armstrong
PM-91352,Home Office,Peter McVee
TN-110401,Home Office,Tanja Norvell
AB-2553,Home Office,Alejandro Ballentine
MG-76802,Home Office,Maureen Gastineau
SW-103502,Home Office,Sean Wendt
MA-75602,Home Office,Matt Abelman
NZ-85651,Home Office,Nick Zandusky
DB-29103,Home Office,Daniel Byrd
AB-602,Home Office,Adam Bellavance
TB-111902,Home Office,Thomas Brumley
DH-36753,Home Office,Duane Huffman
SZ-100352,Home Office,Sam Zeldin
EK-37952,Home Office,Eileen Kiefer
HJ-48752,Home Office,Heather Jas
PA-90602,Home Office,Pete Armstrong
EH-41252,Home Office,Eugene Hildebrand
PL-189252,Home Office,Paul Lucas
MH-181152,Home Office,Mick Hernandez
PH-87902,Home Office,Patricia Hirasaki
CK-123253,Home Office,Christine Kargatis
FM-142904,Home Office,Frank Merwin
PN-187754,Home Office,Parhena Norris
JS-59403,Home Office,Joni Sundaresam
BT-114851,Home Office,Brad Thomas
JP-161351,Home Office,Julie Prescott
TA-213851,Home Office,Tom Ashbrook
PM-191351,Home Office,Peter McVee
PN-187751,Home Office,Parhena Norris
AP-7202,Home Office,Anne Pryor
MG-178904,Home Office,Michael Granlund
LS-169754,Home Office,Lindsay Shagiari
MP-81751,Home Office,Mike Pelletier
JJ-57601,Home Office,Joel Jenkins
CW-19051,Home Office,Carl Weiss
DB-29101,Home Office,Daniel Byrd
SS-105152,Home Office,Shirley Schmidt
SL-101551,Home Office,Sara Luxemburg
MR-175451,Home Office,Mathew Reese
BS-118001,Home Office,Bryan Spruell
RD-196601,Home Office,Robert Dilbeck
FM-142901,Home Office,Frank Merwin
MT-180701,Home Office,Michelle Tran
EK-137951,Home Office,Eileen Kiefer
TC-214751,Home Office,Tony Chapman
EM-142001,Home Office,Evan Minnotte
TH-215501,Home Office,Tracy Hopkins
NL-183101,Home Office,Nancy Lomonaco
MG-178901,Home Office,Michael Granlund
DB-133601,Home Office,Dennis Bolton
SM-203201,Home Office,Sean Miller
MO-178001,Home Office,Meg O'Connel
AP-107201,Home Office,Anne Pryor
PB-188051,Home Office,Patrick Bzostek
LB-167951,Home Office,Laurel Beltran
NK-184901,Home Office,Neil Knudson
FC-142451,Home Office,Frank Carlisle
JL-151751,Home Office,James Lanier
ML-177551,Home Office,Max Ludwig
EL-137353,Home Office,Ed Ludwig
SZ-100351,Home Office,Sam Zeldin
PC-190002,Home Office,Pauline Chand
VP-217302,Home Office,Victor Preis
MZ-173352,Home Office,Maria Zettner
HR-147702,Home Office,Hallie Redmond
SN-205602,Home Office,Skye Norling
VF-217152,Home Office,Vicky Freymann
TC-215352,Home Office,Tracy Collins
AT-104353,Home Office,Alyssa Tate
PV-189852,Home Office,Paul Van Hugh
CL-127003,Home Office,Craig Leslie
PK-189103,Home Office,Paul Knutson
MT-180702,Home Office,Michelle Tran
JB-60452,Home Office,Julia Barnett
CK-23252,Home Office,Christine Kargatis
FG-42603,Home Office,Frank Gastineau
HJ-148752,Home Office,Heather Jas
TT-114602,Home Office,Tonja Turnell
RD-98102,Home Office,Ross DeVincentis
BT-14851,Home Office,Brad Thomas
AD-101803,Home Office,Alan Dominguez
RB-194653,Home Office,Rick Bensley
KN-167053,Home Office,Kristina Nunn
MG-176803,Home Office,Maureen Gastineau
PO-191954,Home Office,Phillina Ober
TH-215502,Home Office,Tracy Hopkins
EM-141402,Home Office,Eugene Moren
BT-114852,Home Office,Brad Thomas
MP-181752,Home Office,Mike Pelletier
AS-101352,Home Office,Adrian Shami
MG-178902,Home Office,Michael Granlund
CR-28201,Home Office,Cyra Reiten
Dp-132401,Home Office,Dean percer
ME-173201,Home Office,Maria Etezadi
PO-191801,Home Office,Philisse Overcash
EH-40051,Home Office,Erica Hernandez
CW-19052,Home Office,Carl Weiss
PP-189551,Home Office,Paul Prost
PH-187901,Home Office,Patricia Hirasaki
MA-175601,Home Office,Matt Abelman
AT-104351,Home Office,Alyssa Tate
CR-125804,Home Office,Clay Rozendal
RB-197951,Home Office,Ross Baird
MP-174701,Home Office,Mark Packer
PL-189251,Home Office,Paul Lucas
SC-206801,Home Office,Steve Carroll
LC-69601,Home Office,Lindsay Castell
MO-78001,Home Office,Meg O'Connel
TN-210402,Home Office,Tanja Norvell
KB-164052,Home Office,Katrina Bavinger
BD-115602,Home Office,Brendan Dodson
BF-110052,Home Office,Barry Franz
CD-127902,Home Office,Cynthia Delaney
DR-129402,Home Office,Daniel Raglin
MG-176502,Home Office,Matthew Grinstein
SC-206802,Home Office,Steve Carroll
RB-197952,Home Office,Ross Baird
LB-167952,Home Office,Laurel Beltran
BT-115302,Home Office,Bradley Talbott
NF-184752,Home Office,Neil Franzosisch
PH-87901,Home Office,Patricia Hirasaki
AS-106301,Home Office,Ann Steele
HJ-148751,Home Office,Heather Jas
CC-121001,Home Office,Chad Cunningham
CS-124002,Home Office,Christopher Schild
AS-101351,Home Office,Adrian Shami
EH-141251,Home Office,Eugene Hildebrand
PM-191352,Home Office,Peter McVee
JP-161352,Home Office,Julie Prescott
SW-203502,Home Office,Sean Wendt
NL-183102,Home Office,Nancy Lomonaco
DB-32702,Home Office,Deborah Brumfield
TA-113852,Home Office,Tom Ashbrook
BT-15301,Home Office,Bradley Talbott
NF-84751,Home Office,Neil Franzosisch
NK-84901,Home Office,Neil Knudson
TW-210252,Home Office,Tamara Willingham
SR-107402,Home Office,Steven Roelle
GH-144103,Home Office,Gary Hansen
PO-191953,Home Office,Phillina Ober
TC-214753,Home Office,Tony Chapman
SW-103501,Home Office,Sean Wendt
SC-200503,Home Office,Sample Company A
PS-189703,Home Office,Paul Stevenson
VP-217303,Home Office,Victor Preis
CS-124003,Home Office,Christopher Schild
BF-110053,Home Office,Barry Franz
MP-174702,Home Office,Mark Packer
HD-147853,Home Office,Harold Dahlen
TT-214603,Home Office,Tonja Turnell
KM-163753,Home Office,Katherine Murray
FG-142602,Home Office,Frank Gastineau
BS-18002,Home Office,Bryan Spruell
PN-87751,Home Office,Parhena Norris
BE-13351,Home Office,Bill Eplett
HP-148152,Home Office,Harold Pawlan
SJ-201252,Home Office,Sanjit Jacobs
AS-106304,Home Office,Ann Steele
CW-119054,Home Office,Carl Weiss
DB-129102,Home Office,Daniel Byrd
DH-36752,Home Office,Duane Huffman
AP-107203,Home Office,Anne Pryor
VT-217003,Home Office,Valerie Takahito
BT-114853,Home Office,Brad Thomas
SU-206652,Home Office,Stephanie Ulpright
DS-130302,Home Office,Darrin Sayre
BF-112152,Home Office,Benjamin Farhat
TA-213852,Home Office,Tom Ashbrook
DE-132552,Home Office,Deanra Eno
DW-134802,Home Office,Dianna Wilson
JK-156403,Home Office,Jim Kriz
KF-162852,Home Office,Karen Ferguson
JJ-157601,Home Office,Joel Jenkins
AW-109301,Home Office,Arthur Wiediger
CR-126251,Home Office,Corey Roper
BE-114551,Home Office,Brad Eason
CS-124001,Home Office,Christopher Schild
SD-204852,Home Office,Shirley Daniels
CG-120404,Home Office,Catherine Glotzbach
SC-206804,Home Office,Steve Carroll
MP-174704,Home Office,Mark Packer
SL-201553,Home Office,Sara Luxemburg
DH-136753,Home Office,Duane Huffman
BF-11702,Home Office,Ben Ferrer
PP-89552,Home Office,Paul Prost
BE-113353,Home Office,Bill Eplett
CC-21002,Home Office,Chad Cunningham
RM-96753,Home Office,Robert Marley
FM-42902,Home Office,Frank Merwin
EM-42002,Home Office,Evan Minnotte
SR-204253,Home Office,Sharelle Roach
PA-190603,Home Office,Pete Armstrong
CH-120703,Home Office,Cathy Hwang
SC-206803,Home Office,Steve Carroll
PB-188053,Home Office,Patrick Bzostek
BT-115303,Home Office,Bradley Talbott
CG-20401,Home Office,Catherine Glotzbach
RD-98101,Home Office,Ross DeVincentis
JB-60451,Home Office,Julia Barnett
AB-102551,Home Office,Alejandro Ballentine
VT-117002,Home Office,Valerie Takahito
EH-140052,Home Office,Erica Hernandez
BS-118003,Home Office,Bryan Spruell
RS-198704,Home Office,Roy Skaria
VM-216854,Home Office,Valerie Mitchum
TH-215504,Home Office,Tracy Hopkins
Dp-32402,Home Office,Dean percer
KF-62852,Home Office,Karen Ferguson
CG-20402,Home Office,Catherine Glotzbach
SD-104852,Home Office,Shirley Daniels
AG-7652,Home Office,Anthony Garverick
SR-204251,Home Office,Sharelle Roach
MP-181751,Home Office,Mike Pelletier
BE-13352,Home Office,Bill Eplett
EK-137952,Home Office,Eileen Kiefer
AB-102552,Home Office,Alejandro Ballentine
CR-126252,Home Office,Corey Roper
SW-203503,Home Office,Sean Wendt
EM-41401,Home Office,Eugene Moren
PC-90001,Home Office,Pauline Chand
JK-61201,Home Office,Julie Kriz
CC-21001,Home Office,Chad Cunningham
SR-104251,Home Office,Sharelle Roach
RS-98701,Home Office,Roy Skaria
AD-1801,Home Office,Alan Dominguez
PO-91801,Home Office,Philisse Overcash
NM-84451,Home Office,Nathan Mautz
VM-116851,Home Office,Valerie Mitchum
RH-95101,Home Office,Rick Huthwaite
JS-59401,Home Office,Joni Sundaresam
AH-1201,Home Office,Adrian Hane
DA-34501,Home Office,Dianna Arnett
RB-97051,Home Office,Roger Barcio
VF-117151,Home Office,Vicky Freymann
Dp-32401,Home Office,Dean percer
EH-41251,Home Office,Eugene Hildebrand
PS-90451,Home Office,Penelope Sewall
SJ-101251,Home Office,Sanjit Jacobs
CS-24001,Home Office,Christopher Schild
SM-103201,Home Office,Sean Miller
BF-111702,Home Office,Ben Ferrer
PO-91802,Home Office,Philisse Overcash
NF-84752,Home Office,Neil Franzosisch
ML-77552,Home Office,Max Ludwig
SU-206653,Home Office,Stephanie Ulpright
AB-100601,Home Office,Adam Bellavance
NF-184751,Home Office,Neil Franzosisch
HP-148151,Home Office,Harold Pawlan
VF-217151,Home Office,Vicky Freymann
PS-189702,Home Office,Paul Stevenson
MG-176503,Home Office,Matthew Grinstein
CG-120403,Home Office,Catherine Glotzbach
KF-162853,Home Office,Karen Ferguson
TW-210253,Home Office,Tamara Willingham
RM-196754,Home Office,Robert Marley
HD-147854,Home Office,Harold Dahlen
PV-189854,Home Office,Paul Van Hugh
EM-142003,Home Office,Evan Minnotte
CA-120553,Home Office,Cathy Armstrong
SS-205153,Home Office,Shirley Schmidt
CR-128203,Home Office,Cyra Reiten
RH-195101,Home Office,Rick Huthwaite
EM-141401,Home Office,Eugene Moren
DS-130301,Home Office,Darrin Sayre
HJ-148753,Home Office,Heather Jas
PS-190453,Home Office,Penelope Sewall
BF-111703,Home Office,Ben Ferrer
MG-178753,Home Office,Michael Grace
SZ-200354,Home Office,Sam Zeldin
AB-601,Home Office,Adam Bellavance
LB-67951,Home Office,Laurel Beltran
AB-2551,Home Office,Alejandro Ballentine
BS-18001,Home Office,Bryan Spruell
HD-47851,Home Office,Harold Dahlen
HP-48151,Home Office,Harold Pawlan
JJ-157602,Home Office,Joel Jenkins
PH-187903,Home Office,Patricia Hirasaki
EH-141252,Home Office,Eugene Hildebrand
JB-160452,Home Office,Julia Barnett
AB-102554,Home Office,Alejandro Ballentine
EM-141403,Home Office,Eugene Moren
MH-181153,Home Office,Mick Hernandez
BT-113053,Home Office,Beth Thompson
NZ-185653,Home Office,Nick Zandusky
PO-91951,Home Office,Phillina Ober
PV-89851,Home Office,Paul Van Hugh
ME-73201,Home Office,Maria Etezadi
CR-26251,Home Office,Corey Roper
PS-89701,Home Office,Paul Stevenson
BF-11701,Home Office,Ben Ferrer
EK-37951,Home Office,Eileen Kiefer
VT-217002,Home Office,Valerie Takahito
JJ-157603,Home Office,Joel Jenkins
TC-215353,Home Office,Tracy Collins
HR-147701,Home Office,Hallie Redmond
PC-190004,Home Office,Pauline Chand
JL-151754,Home Office,James Lanier
DA-134501,Home Office,Dianna Arnett
DP-133901,Home Office,Dennis Pardue
SM-203202,Home Office,Sean Miller
Dp-132404,Home Office,Dean percer
RB-197954,Home Office,Ross Baird
PS-190454,Home Office,Penelope Sewall
TW-210254,Home Office,Tamara Willingham
PS-190452,Home Office,Penelope Sewall
AP-107202,Home Office,Anne Pryor
TW-210251,Home Office,Tamara Willingham
CD-127901,Home Office,Cynthia Delaney
MH-172901,Home Office,Marc Harrigan
CR-25802,Home Office,Clay Rozendal
PK-89101,Home Office,Paul Knutson
NP-86852,Home Office,Nora Pelletier
CK-123254,Home Office,Christine Kargatis
JO-155504,Home Office,Jesus Ocampo
MH-181154,Home Office,Mick Hernandez
MA-179954,Home Office,Michelle Arnett
RB-194654,Home Office,Rick Bensley
ME-173204,Home Office,Maria Etezadi
PO-191804,Home Office,Philisse Overcash
TA-213854,Home Office,Tom Ashbrook
GH-144104,Home Office,Gary Hansen
PS-189704,Home Office,Paul Stevenson
SJ-201254,Home Office,Sanjit Jacobs
MO-178004,Home Office,Meg O'Connel
SN-205604,Home Office,Skye Norling
AG-107654,Home Office,Anthony Garverick
EK-137954,Home Office,Eileen Kiefer
ML-177554,Home Office,Max Ludwig
MA-175604,Home Office,Matt Abelman
MP-181754,Home Office,Mike Pelletier
PL-189254,Home Office,Paul Lucas
NF-185954,Home Office,Nicole Fjeld
CS-124004,Home Office,Christopher Schild
KM-63751,Home Office,Katherine Murray
RD-196603,Home Office,Robert Dilbeck
JO-155503,Home Office,Jesus Ocampo
SN-207103,Home Office,Steve Nguyen
MO-178003,Home Office,Meg O'Connel
CR-125803,Home Office,Clay Rozendal
NF-85952,Home Office,Nicole Fjeld
RB-97952,Home Office,Ross Baird
CR-128201,Home Office,Cyra Reiten
CW-119053,Home Office,Carl Weiss
CC-121003,Home Office,Chad Cunningham
JK-161203,Home Office,Julie Kriz
DB-129103,Home Office,Daniel Byrd
MZ-173351,Home Office,Maria Zettner
TN-210401,Home Office,Tanja Norvell
JB-160454,Home Office,Julia Barnett
SD-204853,Home Office,Shirley Daniels
FG-142603,Home Office,Frank Gastineau
BF-112151,Home Office,Benjamin Farhat
BT-115304,Home Office,Bradley Talbott
BE-114554,Home Office,Brad Eason
SW-203504,Home Office,Sean Wendt
CC-121004,Home Office,Chad Cunningham
JK-156404,Home Office,Jim Kriz
CA-120554,Home Office,Cathy Armstrong
BT-114854,Home Office,Brad Thomas
AW-109302,Home Office,Arthur Wiediger
JP-161353,Home Office,Julie Prescott
TC-214752,Home Office,Tony Chapman
ED-138852,Home Office,Emily Ducich
CL-127002,Home Office,Craig Leslie
AS-106302,Home Office,Ann Steele
MA-179951,Home Office,Michelle Arnett
DE-132551,Home Office,Deanra Eno
PN-187752,Home Office,Parhena Norris
EL-137354,Home Office,Ed Ludwig
FC-142454,Home Office,Frank Carlisle
JP-161354,Home Office,Julie Prescott
DB-129104,Home Office,Daniel Byrd
VF-217154,Home Office,Vicky Freymann
CC-124304,Home Office,Chuck Clark
CR-126254,Home Office,Corey Roper
NZ-185654,Home Office,Nick Zandusky
TT-214602,Home Office,Tonja Turnell
HP-148154,Home Office,Harold Pawlan
AB-100604,Home Office,Adam Bellavance
NM-184454,Home Office,Nathan Mautz
FM-142903,Home Office,Frank Merwin
DB-133602,Home Office,Dennis Bolton
PB-188052,Home Office,Patrick Bzostek
NK-184904,Home Office,Neil Knudson
JL-151753,Home Office,James Lanier
PN-187753,Home Office,Parhena Norris
BT-113054,Home Office,Beth Thompson
SN-207104,Home Office,Steve Nguyen
Dp-32403,Home Office,Dean percer
NK-184903,Home Office,Neil Knudson
SZ-200353,Home Office,Sam Zeldin
BD-115603,Home Office,Brendan Dodson
MA-179953,Home Office,Michelle Arnett
ED-138853,Home Office,Emily Ducich
SR-207403,Home Office,Steven Roelle
MA-175603,Home Office,Matt Abelman
Dp-132402,Home Office,Dean percer
FC-142452,Home Office,Frank Carlisle
PK-189101,Home Office,Paul Knutson
FG-42601,Home Office,Frank Gastineau
RS-198701,Home Office,Roy Skaria
EM-142004,Home Office,Evan Minnotte
MG-176504,Home Office,Matthew Grinstein
PA-190604,Home Office,Pete Armstrong
PB-88051,Home Office,Patrick Bzostek
NL-183104,Home Office,Nancy Lomonaco
CH-120701,Home Office,Cathy Hwang
TT-114601,Home Office,Tonja Turnell
NK-184902,Home Office,Neil Knudson
BT-113051,Home Office,Beth Thompson
BE-114553,Home Office,Brad Eason
EH-140054,Home Office,Erica Hernandez
CM-126551,Home Office,Corinna Mitchell
KB-164051,Home Office,Katrina Bavinger
SW-203501,Home Office,Sean Wendt
NP-186854,Home Office,Nora Pelletier
HJ-148754,Home Office,Heather Jas
SR-204254,Home Office,Sharelle Roach
CH-120704,Home Office,Cathy Hwang
DW-134804,Home Office,Dianna Wilson
PM-191354,Home Office,Peter McVee
CW-119051,Home Office,Carl Weiss
NZ-185651,Home Office,Nick Zandusky
SD-104851,Home Office,Shirley Daniels
TC-114753,Home Office,Tony Chapman
GH-44102,Home Office,Gary Hansen
MA-175602,Home Office,Matt Abelman
PS-189701,Home Office,Paul Stevenson
AH-101201,Home Office,Adrian Hane
CG-120402,Home Office,Catherine Glotzbach
DE-132554,Home Office,Deanra Eno
CW-119052,Home Office,Carl Weiss
NF-185953,Home Office,Nicole Fjeld
SL-201554,Home Office,Sara Luxemburg
CR-125802,Home Office,Clay Rozendal
PO-91952,Home Office,Phillina Ober
AS-1351,Home Office,Adrian Shami
FG-42602,Home Office,Frank Gastineau
JK-156402,Home Office,Jim Kriz
BC-111254,Home Office,Becky Castell
ED-38851,Home Office,Emily Ducich
DE-132553,Home Office,Deanra Eno
AD-1802,Home Office,Alan Dominguez
JO-55501,Home Office,Jesus Ocampo
RB-197953,Home Office,Ross Baird
PV-189853,Home Office,Paul Van Hugh
PO-191952,Home Office,Phillina Ober
AW-109303,Home Office,Arthur Wiediger
DH-136752,Home Office,Duane Huffman
EM-142002,Home Office,Evan Minnotte
AD-101804,Home Office,Alan Dominguez
HD-147851,Home Office,Harold Dahlen
TB-211904,Home Office,Thomas Brumley
CH-120702,Home Office,Cathy Hwang
AP-107204,Home Office,Anne Pryor
NF-185952,Home Office,Nicole Fjeld
SS-205154,Home Office,Shirley Schmidt
FM-142902,Home Office,Frank Merwin
BD-115604,Home Office,Brendan Dodson
BS-118002,Home Office,Bryan Spruell
KM-163751,Home Office,Katherine Murray
VF-117152,Home Office,Vicky Freymann
RB-97053,Home Office,Roger Barcio
JK-61203,Home Office,Julie Kriz
SN-207101,Home Office,Steve Nguyen
MT-80701,Home Office,Michelle Tran
GM-144551,Home Office,Gary Mitchum
EM-141404,Home Office,Eugene Moren
DR-29402,Home Office,Daniel Raglin
LC-169601,Home Office,Lindsay Castell
FM-42901,Home Office,Frank Merwin
DH-136751,Home Office,Duane Huffman
JB-160453,Home Office,Julia Barnett
HD-147852,Home Office,Harold Dahlen
SU-106652,Home Office,Stephanie Ulpright
CC-121002,Home Office,Chad Cunningham
SS-205152,Home Office,Shirley Schmidt
PC-190003,Home Office,Pauline Chand
PO-191803,Home Office,Philisse Overcash
SS-205151,Home Office,Shirley Schmidt
RB-197053,Home Office,Roger Barcio
SM-203203,Home Office,Sean Miller
RD-198103,Home Office,Ross DeVincentis
DW-34802,Home Office,Dianna Wilson
GM-144552,Home Office,Gary Mitchum
PA-190602,Home Office,Pete Armstrong
PK-189102,Home Office,Paul Knutson
RD-196602,Home Office,Robert Dilbeck
NP-186851,Home Office,Nora Pelletier
DH-136754,Home Office,Duane Huffman
NZ-185652,Home Office,Nick Zandusky
AT-104352,Home Office,Alyssa Tate
SC-200502,Home Office,Sample Company A
CA-120551,Home Office,Cathy Armstrong
SN-205603,Home Office,Skye Norling
MR-175452,Home Office,Mathew Reese
CR-125801,Home Office,Clay Rozendal
ED-138851,Home Office,Emily Ducich
DB-132701,Home Office,Deborah Brumfield
PP-189554,Home Office,Paul Prost
CD-27902,Home Office,Cynthia Delaney
DS-30302,Home Office,Darrin Sayre
MR-175454,Home Office,Mathew Reese
MT-180704,Home Office,Michelle Tran
ED-138854,Home Office,Emily Ducich
CM-126554,Home Office,Corinna Mitchell
RB-197054,Home Office,Roger Barcio
CR-128204,Home Office,Cyra Reiten
DA-134504,Home Office,Dianna Arnett
VT-217004,Home Office,Valerie Takahito
BE-113354,Home Office,Bill Eplett
JJ-157604,Home Office,Joel Jenkins
JO-155502,Home Office,Jesus Ocampo
ME-73202,Home Office,Maria Etezadi
MG-176501,Home Office,Matthew Grinstein
BE-14551,Home Office,Brad Eason
MH-172903,Home Office,Marc Harrigan
RH-195103,Home Office,Rick Huthwaite
PP-189553,Home Office,Paul Prost
CC-124303,Home Office,Chuck Clark
PC-190001,Home Office,Pauline Chand
EL-37351,Home Office,Ed Ludwig
TA-113851,Home Office,Tom Ashbrook
TH-115501,Home Office,Tracy Hopkins
MR-175453,Home Office,Mathew Reese
VT-117001,Home Office,Valerie Takahito
RD-196604,Home Office,Robert Dilbeck
KF-162854,Home Office,Karen Ferguson
NP-186853,Home Office,Nora Pelletier
MG-178903,Home Office,Michael Granlund
SJ-201251,Home Office,Sanjit Jacobs
MG-78901,Home Office,Michael Granlund
HR-47703,Home Office,Hallie Redmond
GM-44552,Home Office,Gary Mitchum
PS-89702,Home Office,Paul Stevenson
MH-81152,Home Office,Mick Hernandez
HR-147704,Home Office,Hallie Redmond
NF-184754,Home Office,Neil Franzosisch
LS-169751,Home Office,Lindsay Shagiari
JK-156401,Home Office,Jim Kriz
AG-107651,Home Office,Anthony Garverick
PB-88053,Home Office,Patrick Bzostek
CL-27002,Home Office,Craig Leslie
JL-51752,Home Office,James Lanier
PA-90601,Home Office,Pete Armstrong
MR-75451,Home Office,Mathew Reese
DP-33901,Home Office,Dennis Pardue
BC-111253,Home Office,Becky Castell
AS-101353,Home Office,Adrian Shami
SU-206651,Home Office,Stephanie Ulpright
CM-26551,Home Office,Corinna Mitchell
RM-96751,Home Office,Robert Marley
BD-15601,Home Office,Brendan Dodson
MA-79953,Home Office,Michelle Arnett
SC-106802,Home Office,Steve Carroll
BD-15602,Home Office,Brendan Dodson
NP-86851,Home Office,Nora Pelletier
MR-75452,Home Office,Mathew Reese
EM-42001,Home Office,Evan Minnotte
MZ-73351,Home Office,Maria Zettner
DB-29102,Home Office,Daniel Byrd
JK-56401,Home Office,Jim Kriz
ML-77551,Home Office,Max Ludwig
HR-47701,Home Office,Hallie Redmond
GM-44551,Home Office,Gary Mitchum
LS-69751,Home Office,Lindsay Shagiari
DB-33601,Home Office,Dennis Bolton
KN-67051,Home Office,Kristina Nunn
PA-190601,Home Office,Pete Armstrong
TB-111901,Home Office,Thomas Brumley
SR-107401,Home Office,Steven Roelle
NF-185951,Home Office,Nicole Fjeld
MZ-173353,Home Office,Maria Zettner
AG-7651,Home Office,Anthony Garverick
TC-115351,Home Office,Tracy Collins
VP-117301,Home Office,Victor Preis
SN-105601,Home Office,Skye Norling
JO-155501,Home Office,Jesus Ocampo
PV-189851,Home Office,Paul Van Hugh
PH-187904,Home Office,Patricia Hirasaki
DB-133604,Home Office,Dennis Bolton
FC-142453,Home Office,Frank Carlisle
EH-140053,Home Office,Erica Hernandez
VP-217304,Home Office,Victor Preis
RD-96602,Home Office,Robert Dilbeck
CM-126552,Home Office,Corinna Mitchell
MG-176802,Home Office,Maureen Gastineau
LS-169752,Home Office,Lindsay Shagiari
PL-189253,Home Office,Paul Lucas
CM-126553,Home Office,Corinna Mitchell
DW-134803,Home Office,Dianna Wilson
RD-198102,Home Office,Ross DeVincentis
KN-167051,Home Office,Kristina Nunn
CC-124302,Home Office,Chuck Clark
SR-104252,Home Office,Sharelle Roach
MH-172904,Home Office,Marc Harrigan
CD-127904,Home Office,Cynthia Delaney
RH-195104,Home Office,Rick Huthwaite
MG-176804,Home Office,Maureen Gastineau
HJ-48751,Home Office,Heather Jas
KM-63753,Home Office,Katherine Murray
CD-27901,Home Office,Cynthia Delaney
KF-162851,Home Office,Karen Ferguson
SM-103202,Home Office,Sean Miller
JS-159403,Home Office,Joni Sundaresam
NF-184753,Home Office,Neil Franzosisch
SL-201551,Home Office,Sara Luxemburg
JJ-57602,Home Office,Joel Jenkins
TN-210404,Home Office,Tanja Norvell
SC-100501,Home Office,Sample Company A
RH-195102,Home Office,Rick Huthwaite
SC-106801,Home Office,Steve Carroll
BD-115601,Home Office,Brendan Dodson
LS-69753,Home Office,Lindsay Shagiari
MT-180703,Home Office,Michelle Tran
JS-59402,Home Office,Joni Sundaresam
LS-69752,Home Office,Lindsay Shagiari
TH-115502,Home Office,Tracy Hopkins
GM-144553,Home Office,Gary Mitchum
RB-94651,Home Office,Rick Bensley
AS-106303,Home Office,Ann Steele
RB-97052,Home Office,Roger Barcio
NM-84452,Home Office,Nathan Mautz
ED-38852,Home Office,Emily Ducich
JK-61202,Home Office,Julie Kriz
RM-96752,Home Office,Robert Marley
RB-94652,Home Office,Rick Bensley
CA-20552,Home Office,Cathy Armstrong
HD-47852,Home Office,Harold Dahlen
PL-89251,Home Office,Paul Lucas
BS-118004,Home Office,Bryan Spruell
BF-10051,Home Office,Barry Franz
SR-104253,Home Office,Sharelle Roach
BT-15302,Home Office,Bradley Talbott
PB-88052,Home Office,Patrick Bzostek
SN-107101,Home Office,Steve Nguyen
HR-147703,Home Office,Hallie Redmond
TC-114752,Home Office,Tony Chapman
PM-191353,Home Office,Peter McVee
AH-1202,Home Office,Adrian Hane
PK-189104,Home Office,Paul Knutson
MZ-173354,Home Office,Maria Zettner
EH-40052,Home Office,Erica Hernandez
PS-90452,Home Office,Penelope Sewall
JL-51751,Home Office,James Lanier
CC-24302,Home Office,Chuck Clark
PC-90002,Home Office,Pauline Chand
DB-132703,Home Office,Deborah Brumfield
ML-77553,Home Office,Max Ludwig
MG-76501,Home Office,Matthew Grinstein
SJ-101252,Home Office,Sanjit Jacobs
CC-24301,Home Office,Chuck Clark
PB-188054,Home Office,Patrick Bzostek
EK-137953,Home Office,Eileen Kiefer
BC-111251,Home Office,Becky Castell
MA-75601,Home Office,Matt Abelman
SN-105602,Home Office,Skye Norling
HR-47702,Home Office,Hallie Redmond
DP-33902,Home Office,Dennis Pardue
SZ-200352,Home Office,Sam Zeldin
JS-159401,Home Office,Joni Sundaresam
TC-115352,Home Office,Tracy Collins
NL-83102,Home Office,Nancy Lomonaco
SL-101552,Home Office,Sara Luxemburg
MA-79952,Home Office,Michelle Arnett
CA-20551,Home Office,Cathy Armstrong
AB-2552,Home Office,Alejandro Ballentine
CR-26252,Home Office,Corey Roper
KM-63752,Home Office,Katherine Murray
BE-14552,Home Office,Brad Eason
TH-115503,Home Office,Tracy Hopkins
