LocationID,RegionalMarket,Region,Country,State,City
1,US,West,United States,California,Los Angeles
2,US,West,United States,California,San Francisco
3,US,West,United States,California,San Diego
4,US,West,United States,California,Roseville
5,US,West,United States,California,Huntington Beach
6,US,West,United States,California,Burbank
7,US,West,United States,California,Pomona
8,US,West,United States,California,Vallejo
9,US,West,United States,California,Lodi
10,US,West,United States,California,San Gabriel
11,US,West,United States,California,San Jose
12,US,West,United States,California,Riverside
13,US,West,United States,California,Vacaville
14,US,West,United States,California,Escondido
15,US,West,United States,California,Santa Clara
16,US,West,United States,California,Chula Vista
17,US,West,United States,California,Long Beach
18,US,West,United States,California,Manteca
19,US,West,United States,California,Pasadena
20,US,West,United States,California,Redondo Beach
21,US,West,United States,California,Brentwood
22,US,West,United States,California,Fresno
23,US,West,United States,California,Oakland
24,US,West,United States,California,Moreno Valley
25,US,West,United States,California,Anaheim
26,US,West,United States,California,Lancaster
27,US,West,United States,California,San Bernardino
28,US,West,United States,California,Santa Maria
29,US,West,United States,California,Oxnard
30,US,West,United States,California,Yucaipa
31,US,West,United States,California,Murrieta
32,US,West,United States,California,Redlands
33,US,West,United States,California,Santa Barbara
34,US,West,United States,California,Rancho Cucamonga
35,US,West,United States,California,Salinas
36,US,West,United States,California,Santa Ana
37,US,West,United States,California,Lakewood
38,US,West,United States,California,Chico
39,US,West,United States,California,San Clemente
40,US,West,United States,California,Mission Viejo
41,US,West,United States,California,Visalia
42,US,West,United States,California,Lake Forest
43,US,West,United States,California,San Luis Obispo
44,US,West,United States,California,Morgan Hill
45,US,West,United States,California,Sacramento
46,US,West,United States,California,Torrance
47,US,West,United States,California,Fairfield
48,US,West,United States,California,Westminster
49,US,West,United States,California,Thousand Oaks
50,US,West,United States,California,San Mateo
51,US,West,United States,California,Apple Valley
52,US,West,United States,California,Concord
53,US,West,United States,California,Inglewood
54,US,West,United States,California,Bakersfield
55,US,West,United States,California,Camarillo
56,US,West,United States,California,Woodland
57,US,West,United States,California,Danville
58,US,West,United States,California,Coachella
59,US,West,United States,California,Sunnyvale
60,US,West,United States,California,Costa Mesa
61,US,West,United States,California,Davis
62,US,West,United States,California,Laguna Niguel
63,US,West,United States,California,Stockton
64,US,West,United States,California,Oceanside
65,US,West,United States,California,Antioch
2936,US,West,United States,California,La Quinta
2937,US,West,United States,California,Temecula
2938,US,West,United States,California,Hesperia
2939,US,West,United States,California,Montebello
2940,US,West,United States,California,La Mesa
2941,US,West,United States,California,Modesto
2942,US,West,United States,California,Encinitas
2943,US,West,United States,California,Citrus Heights
2944,US,West,United States,California,Pico Rivera
3815,US,West,United States,California,El Cajon
3816,US,West,United States,California,Redding
3817,US,West,United States,California,Lake Elsinore
3818,US,West,United States,California,Dublin
3819,US,West,United States,California,Ontario
3820,US,West,United States,California,Whittier
3821,US,West,United States,California,Redwood City
83,US,West,United States,Washington,Seattle
84,US,West,United States,Washington,Kent
85,US,West,United States,Washington,Bellevue
86,US,West,United States,Washington,Pasco
87,US,West,United States,Washington,Edmonds
88,US,West,United States,Washington,Olympia
89,US,West,United States,Washington,Spokane
90,US,West,United States,Washington,Des Moines
91,US,West,United States,Washington,Redmond
92,US,West,United States,Washington,Covington
93,US,West,United States,Washington,Marysville
94,US,West,United States,Washington,Vancouver
95,US,West,United States,Washington,Longview
96,US,West,United States,Washington,Renton
97,US,West,United States,Nevada,Las Vegas
98,US,West,United States,Utah,Logan
99,US,West,United States,Montana,Great Falls
100,US,West,United States,Utah,West Jordan
101,US,West,United States,Utah,Murray
102,US,West,United States,Nevada,North Las Vegas
103,US,West,United States,Utah,Pleasant Grove
104,US,West,United States,Nevada,Reno
105,US,West,United States,New Mexico,Albuquerque
106,US,West,United States,Utah,Provo
107,US,West,United States,Utah,Salt Lake City
108,US,West,United States,Idaho,Caldwell
109,US,West,United States,Montana,Bozeman
110,US,West,United States,New Mexico,Las Cruces
111,US,West,United States,New Mexico,Farmington
112,US,West,United States,Utah,Orem
113,US,West,United States,Utah,Layton
114,US,West,United States,New Mexico,Santa Fe
115,US,West,United States,Nevada,Sparks
116,US,West,United States,Idaho,Pocatello
117,US,West,United States,New Mexico,Carlsbad
118,US,West,United States,Montana,Helena
119,US,West,United States,Idaho,Meridian
2907,US,West,United States,Utah,Draper
2908,US,West,United States,Idaho,Boise
2909,US,West,United States,Nevada,Henderson
2910,US,West,United States,Utah,Lehi
2911,US,West,United States,Idaho,Twin Falls
2912,US,West,United States,New Mexico,Clovis
2933,US,West,United States,Washington,Auburn
2934,US,West,United States,Washington,Bellingham
3688,US,West,United States,Colorado,Denver
3691,US,West,United States,Arizona,Chandler
3695,US,West,United States,Colorado,Louisville
3696,US,West,United States,Oregon,Springfield
3699,US,West,United States,Arizona,Mesa
3703,US,West,United States,Colorado,Colorado Springs
3705,US,West,United States,Arizona,Phoenix
3710,US,West,United States,Colorado,Aurora
3713,US,West,United States,Oregon,Salem
3714,US,West,United States,Arizona,Tucson
3715,US,West,United States,Arizona,Gilbert
3718,US,West,United States,Oregon,Redmond
3721,US,West,United States,Arizona,Scottsdale
3722,US,West,United States,Oregon,Portland
3723,US,West,United States,Colorado,Littleton
3724,US,West,United States,Colorado,Pueblo
3725,US,West,United States,Colorado,Fort Collins
3726,US,West,United States,Arizona,Yuma
3727,US,West,United States,Colorado,Parker
3728,US,West,United States,Arizona,Peoria
3729,US,West,United States,Arizona,Tempe
3730,US,West,United States,Oregon,Medford
3731,US,West,United States,Arizona,Glendale
3732,US,West,United States,Colorado,Broomfield
3733,US,West,United States,Oregon,Gresham
3734,US,West,United States,Oregon,Tigard
3735,US,West,United States,Oregon,Hillsboro
3736,US,West,United States,Colorado,Loveland
3773,US,West,United States,Washington,Everett
3774,US,West,United States,Colorado,Thornton
3775,US,West,United States,Colorado,Longmont
3776,US,West,United States,Colorado,Arvada
3777,US,West,United States,Colorado,Englewood
3778,US,West,United States,Colorado,Greeley
3779,US,West,United States,Colorado,Commerce City
3780,US,West,United States,Oregon,Eugene
3781,US,West,United States,Idaho,Lewiston
3782,US,West,United States,Montana,Billings
3783,US,West,United States,New Mexico,Rio Rancho
3784,US,West,United States,Montana,Missoula
3785,US,West,United States,Wyoming,Cheyenne
3786,US,West,United States,Arizona,Avondale
3787,US,West,United States,Arizona,Bullhead City
3788,US,West,United States,Arizona,Sierra Vista
66,US,East,United States,New York,Troy
67,US,East,United States,New York,Watertown
68,US,East,United States,New York,Long Beach
69,US,East,United States,New York,New Rochelle
70,US,East,United States,New York,Rochester
71,US,East,United States,New York,Lindenhurst
72,US,East,United States,New York,Oceanside
73,US,East,United States,New York,Niagara Falls
74,US,East,United States,New York,Mount Vernon
75,US,East,United States,New York,Auburn
76,US,East,United States,New York,Rome
77,US,East,United States,New York,Hempstead
78,US,East,United States,New York,Yonkers
79,US,East,United States,New York,Utica
80,US,East,United States,New York,Freeport
81,US,East,United States,New York,Buffalo
82,US,East,United States,New York,New York City
120,US,East,United States,Maryland,Baltimore
121,US,East,United States,New Hampshire,Dover
122,US,East,United States,Connecticut,Meriden
123,US,East,United States,Delaware,Newark
124,US,East,United States,Connecticut,Bristol
125,US,East,United States,Maine,Bangor
126,US,East,United States,Connecticut,Fairfield
127,US,East,United States,Delaware,Dover
128,US,East,United States,New Hampshire,Concord
129,US,East,United States,Rhode Island,Cranston
130,US,East,United States,Delaware,Wilmington
131,US,East,United States,Maryland,Clinton
132,US,East,United States,Rhode Island,Providence
133,US,East,United States,Maryland,Columbia
134,US,East,United States,Connecticut,Norwich
135,US,East,United States,District of Columbia,Washington
136,US,East,United States,Rhode Island,Woonsocket
137,US,East,United States,Connecticut,Manchester
138,US,East,United States,Maine,Lewiston
139,US,East,United States,Maryland,Rockville
140,US,East,United States,Connecticut,Middletown
141,US,East,United States,Vermont,Burlington
142,US,East,United States,Connecticut,Milford
143,US,East,United States,Connecticut,Waterbury
144,US,East,United States,Rhode Island,Warwick
145,US,East,United States,Connecticut,Shelton
146,US,East,United States,Maryland,Laurel
147,US,East,United States,West Virginia,Wheeling
148,US,East,United States,New Hampshire,Nashua
149,US,East,United States,Maryland,Hagerstown
150,US,East,United States,Massachusetts,Revere
151,US,East,United States,Massachusetts,Lawrence
152,US,East,United States,Massachusetts,Lowell
153,US,East,United States,Massachusetts,Everett
154,US,East,United States,Massachusetts,Beverly
155,US,East,United States,Massachusetts,Leominster
156,US,East,United States,Massachusetts,Franklin
157,US,East,United States,Massachusetts,New Bedford
158,US,East,United States,Massachusetts,Cambridge
159,US,East,United States,Massachusetts,Quincy
160,US,East,United States,Massachusetts,Andover
161,US,East,United States,Massachusetts,Malden
162,US,East,United States,New Jersey,Lakewood
163,US,East,United States,New Jersey,Plainfield
164,US,East,United States,New Jersey,Hackensack
165,US,East,United States,New Jersey,Clifton
166,US,East,United States,New Jersey,Orange
167,US,East,United States,New Jersey,Perth Amboy
168,US,East,United States,New Jersey,Paterson
169,US,East,United States,New Jersey,Vineland
170,US,East,United States,New Jersey,Bayonne
171,US,East,United States,New Jersey,Morristown
172,US,East,United States,New Jersey,Westfield
173,US,East,United States,New Jersey,Atlantic City
174,US,East,United States,New Jersey,Passaic
175,US,East,United States,New Jersey,Belleville
176,US,East,United States,New Jersey,Bridgeton
177,US,East,United States,New Jersey,East Orange
178,US,East,United States,New Jersey,New Brunswick
2913,US,East,United States,New Jersey,Linden
2914,US,East,United States,Massachusetts,Holyoke
2915,US,East,United States,Maryland,Gaithersburg
2916,US,East,United States,Massachusetts,Marlborough
2917,US,East,United States,Connecticut,Danbury
2935,US,East,United States,New York,Jamestown
3628,US,East,United States,Pennsylvania,Lancaster
3629,US,East,United States,Pennsylvania,Chester
3630,US,East,United States,Pennsylvania,Reading
3631,US,East,United States,Pennsylvania,Altoona
3632,US,East,United States,Pennsylvania,Bethlehem
3633,US,East,United States,Pennsylvania,Allentown
3634,US,East,United States,Pennsylvania,York
3635,US,East,United States,Pennsylvania,Philadelphia
3664,US,East,United States,Ohio,Columbus
3665,US,East,United States,Ohio,Parma
3666,US,East,United States,Ohio,Medina
3667,US,East,United States,Ohio,Cleveland
3668,US,East,United States,Ohio,Troy
3669,US,East,United States,Ohio,Springfield
3670,US,East,United States,Ohio,Newark
3671,US,East,United States,Ohio,Marion
3672,US,East,United States,Ohio,Lancaster
3673,US,East,United States,Ohio,Mentor
3674,US,East,United States,Ohio,Toledo
3675,US,East,United States,Ohio,Fairfield
3676,US,East,United States,Ohio,Lorain
3677,US,East,United States,Ohio,Akron
3678,US,East,United States,Ohio,Bowling Green
3679,US,East,United States,Ohio,Cincinnati
3680,US,East,United States,Ohio,Lakewood
3681,US,East,United States,Ohio,Kent
3682,US,East,United States,Ohio,Dublin
3683,US,East,United States,Ohio,Grove City
3684,US,East,United States,Ohio,Mason
3685,US,East,United States,Ohio,Cuyahoga Falls
3686,US,East,United States,Ohio,Elyria
3794,US,East,United States,Ohio,Hamilton
179,US,South,United States,Georgia,Athens
180,US,South,United States,Georgia,Marietta
181,US,South,United States,Georgia,Roswell
182,US,South,United States,Georgia,Atlanta
183,US,South,United States,Georgia,Woodstock
184,US,South,United States,Georgia,Columbus
185,US,South,United States,Georgia,Macon
186,US,South,United States,Georgia,Sandy Springs
187,US,South,United States,Georgia,East Point
188,US,South,United States,Georgia,Smyrna
189,US,South,United States,Georgia,Warner Robins
190,US,South,United States,Kentucky,Henderson
191,US,South,United States,Kentucky,Richmond
192,US,South,United States,Kentucky,Louisville
193,US,South,United States,Kentucky,Owensboro
194,US,South,United States,Kentucky,Florence
195,US,South,United States,Kentucky,Georgetown
196,US,South,United States,Kentucky,Murray
197,US,South,United States,Louisiana,Bossier City
198,US,South,United States,Arkansas,Jonesboro
199,US,South,United States,South Carolina,Columbia
200,US,South,United States,Mississippi,Jackson
201,US,South,United States,Louisiana,Lafayette
202,US,South,United States,Louisiana,Lake Charles
203,US,South,United States,Mississippi,Southaven
204,US,South,United States,Arkansas,Little Rock
205,US,South,United States,Arkansas,Fayetteville
206,US,South,United States,Alabama,Montgomery
207,US,South,United States,South Carolina,Rock Hill
208,US,South,United States,Alabama,Florence
209,US,South,United States,Alabama,Decatur
210,US,South,United States,Alabama,Auburn
211,US,South,United States,Alabama,Huntsville
212,US,South,United States,South Carolina,Florence
213,US,South,United States,Louisiana,Monroe
214,US,South,United States,South Carolina,North Charleston
215,US,South,United States,Mississippi,Gulfport
216,US,South,United States,Arkansas,Hot Springs
217,US,South,United States,Mississippi,Hattiesburg
218,US,South,United States,Louisiana,Kenner
219,US,South,United States,Alabama,Mobile
220,US,South,United States,Alabama,Tuscaloosa
221,US,South,United States,Alabama,Hoover
222,US,South,United States,Arkansas,Rogers
223,US,South,United States,Arkansas,Pine Bluff
224,US,South,United States,Arkansas,Springdale
225,US,South,United States,South Carolina,Summerville
226,US,South,United States,Virginia,Chesapeake
227,US,South,United States,Virginia,Alexandria
228,US,South,United States,Virginia,Arlington
229,US,South,United States,Virginia,Virginia Beach
230,US,South,United States,Virginia,Waynesboro
231,US,South,United States,Virginia,Richmond
232,US,South,United States,Virginia,Harrisonburg
233,US,South,United States,Virginia,Springfield
234,US,South,United States,Virginia,Hampton
235,US,South,United States,Virginia,Suffolk
236,US,South,United States,Virginia,Newport News
237,US,South,United States,Virginia,Salem
238,US,South,United States,Virginia,Charlottesville
2929,US,South,United States,South Carolina,Mount Pleasant
2930,US,South,United States,Arkansas,Texarkana
2931,US,South,United States,Arkansas,Conway
2932,US,South,United States,Kentucky,Bowling Green
3687,US,South,United States,Florida,Jacksonville
3689,US,South,United States,Florida,Miami
3690,US,South,United States,North Carolina,Greenville
3692,US,South,United States,North Carolina,Charlotte
3693,US,South,United States,Tennessee,Knoxville
3694,US,South,United States,North Carolina,Jacksonville
3697,US,South,United States,North Carolina,Concord
3698,US,South,United States,Florida,Daytona Beach
3700,US,South,United States,Florida,Fort Lauderdale
3701,US,South,United States,Florida,Hialeah
3702,US,South,United States,Florida,Pembroke Pines
3704,US,South,United States,Tennessee,Memphis
3706,US,South,United States,Florida,Tallahassee
3707,US,South,United States,Tennessee,Chattanooga
3708,US,South,United States,Florida,Tampa
3709,US,South,United States,Florida,Lakeland
3711,US,South,United States,North Carolina,Burlington
3712,US,South,United States,Tennessee,Franklin
3716,US,South,United States,Tennessee,Nashville
3717,US,South,United States,Tennessee,Columbia
3719,US,South,United States,North Carolina,Greensboro
3720,US,South,United States,Tennessee,Jackson
3737,US,South,United States,Florida,Palm Coast
3738,US,South,United States,Tennessee,Smyrna
3739,US,South,United States,North Carolina,Raleigh
3740,US,South,United States,North Carolina,Fayetteville
3741,US,South,United States,Florida,Tamarac
3742,US,South,United States,North Carolina,Durham
3743,US,South,United States,Tennessee,Clarksville
3744,US,South,United States,North Carolina,Wilmington
3745,US,South,United States,Florida,Boca Raton
3746,US,South,United States,Florida,Pensacola
3747,US,South,United States,Tennessee,Johnson City
3748,US,South,United States,Florida,Boynton Beach
3749,US,South,United States,Florida,Hollywood
3750,US,South,United States,Florida,Miramar
3751,US,South,United States,North Carolina,Asheville
3752,US,South,United States,Florida,Saint Petersburg
3753,US,South,United States,Florida,Deltona
3754,US,South,United States,Florida,Orlando
3755,US,South,United States,Tennessee,Bristol
3756,US,South,United States,North Carolina,Wilson
3757,US,South,United States,Tennessee,Murfreesboro
3758,US,South,United States,Florida,Plantation
3759,US,South,United States,North Carolina,Gastonia
3760,US,South,United States,Florida,Apopka
3761,US,South,United States,Florida,Port Saint Lucie
3762,US,South,United States,Tennessee,Hendersonville
3763,US,South,United States,North Carolina,Thomasville
3764,US,South,United States,Florida,Ormond Beach
3765,US,South,United States,Florida,Sanford
3766,US,South,United States,North Carolina,Hickory
3767,US,South,United States,Tennessee,Lebanon
3768,US,South,United States,Tennessee,Bartlett
3769,US,South,United States,North Carolina,Cary
3770,US,South,United States,North Carolina,Monroe
3771,US,South,United States,North Carolina,Goldsboro
3772,US,South,United States,North Carolina,Chapel Hill
3795,US,South,United States,Florida,Coral Springs
3796,US,South,United States,Florida,Delray Beach
3797,US,South,United States,Florida,North Miami
3798,US,South,United States,Florida,Homestead
3799,US,South,United States,Florida,Jupiter
3800,US,South,United States,Florida,Port Orange
3801,US,South,United States,Florida,Pompano Beach
3802,US,South,United States,Florida,Kissimmee
3803,US,South,United States,Florida,Melbourne
3804,US,South,United States,Florida,West Palm Beach
3805,US,South,United States,Florida,Coral Gables
3806,US,South,United States,Florida,Margate
239,US,Central,United States,Indiana,Lafayette
240,US,Central,United States,Indiana,Portage
241,US,Central,United States,Indiana,Bloomington
242,US,Central,United States,Indiana,Indianapolis
243,US,Central,United States,Indiana,Columbus
244,US,Central,United States,Indiana,Richmond
245,US,Central,United States,Indiana,New Castle
246,US,Central,United States,Indiana,New Albany
247,US,Central,United States,Indiana,South Bend
248,US,Central,United States,Indiana,Noblesville
249,US,Central,United States,Indiana,Lawrence
250,US,Central,United States,Indiana,Mishawaka
251,US,Central,United States,Indiana,La Porte
252,US,Central,United States,Indiana,Elkhart
253,US,Central,United States,Indiana,Greenwood
254,US,Central,United States,Minnesota,Lakeville
255,US,Central,United States,Minnesota,Apple Valley
256,US,Central,United States,Minnesota,Minneapolis
257,US,Central,United States,Minnesota,Coon Rapids
258,US,Central,United States,Minnesota,Cottage Grove
259,US,Central,United States,Minnesota,Woodbury
260,US,Central,United States,Minnesota,Eagan
261,US,Central,United States,Minnesota,Rochester
262,US,Central,United States,Minnesota,Roseville
263,US,Central,United States,Minnesota,Saint Paul
264,US,Central,United States,Minnesota,Maple Grove
265,US,Central,United States,South Dakota,Rapid City
266,US,Central,United States,Missouri,Columbia
267,US,Central,United States,Iowa,Des Moines
268,US,Central,United States,Wisconsin,Appleton
269,US,Central,United States,Wisconsin,Eau Claire
270,US,Central,United States,Oklahoma,Lawton
271,US,Central,United States,South Dakota,Sioux Falls
272,US,Central,United States,Missouri,Springfield
273,US,Central,United States,Missouri,Saint Charles
274,US,Central,United States,Oklahoma,Tulsa
275,US,Central,United States,Kansas,Olathe
276,US,Central,United States,Nebraska,Omaha
277,US,Central,United States,Wisconsin,Wausau
278,US,Central,United States,Wisconsin,Madison
279,US,Central,United States,Missouri,Saint Louis
280,US,Central,United States,Kansas,Garden City
281,US,Central,United States,Wisconsin,Kenosha
282,US,Central,United States,Wisconsin,Milwaukee
283,US,Central,United States,Nebraska,Norfolk
284,US,Central,United States,Kansas,Wichita
285,US,Central,United States,Missouri,Kirkwood
286,US,Central,United States,Iowa,Dubuque
287,US,Central,United States,Oklahoma,Oklahoma City
288,US,Central,United States,Wisconsin,Superior
289,US,Central,United States,Oklahoma,Broken Arrow
290,US,Central,United States,Wisconsin,Franklin
291,US,Central,United States,Wisconsin,La Crosse
292,US,Central,United States,Wisconsin,West Allis
293,US,Central,United States,Wisconsin,Sheboygan
294,US,Central,United States,Wisconsin,Waukesha
295,US,Central,United States,Iowa,Iowa City
296,US,Central,United States,Iowa,Urbandale
297,US,Central,United States,Oklahoma,Edmond
298,US,Central,United States,Kansas,Overland Park
299,US,Central,United States,Iowa,Marion
300,US,Central,United States,Nebraska,Fremont
301,US,Central,United States,Oklahoma,Muskogee
302,US,Central,United States,North Dakota,Fargo
303,US,Central,United States,Iowa,Waterloo
304,US,Central,United States,Missouri,Independence
305,US,Central,United States,Wisconsin,Green Bay
306,US,Central,United States,Nebraska,Grand Island
307,US,Central,United States,South Dakota,Aberdeen
308,US,Central,United States,Iowa,Burlington
309,US,Central,United States,Michigan,Westland
310,US,Central,United States,Michigan,Detroit
311,US,Central,United States,Michigan,Royal Oak
312,US,Central,United States,Michigan,Dearborn Heights
313,US,Central,United States,Michigan,Jackson
314,US,Central,United States,Michigan,Midland
315,US,Central,United States,Michigan,Trenton
316,US,Central,United States,Michigan,Grand Rapids
317,US,Central,United States,Michigan,Taylor
318,US,Central,United States,Michigan,Sterling Heights
319,US,Central,United States,Michigan,Lansing
320,US,Central,United States,Michigan,Holland
321,US,Central,United States,Michigan,Lincoln Park
322,US,Central,United States,Michigan,Ann Arbor
323,US,Central,United States,Michigan,Dearborn
324,US,Central,United States,Michigan,Roseville
325,US,Central,United States,Michigan,Canton
326,US,Central,United States,Michigan,Saginaw
2918,US,Central,United States,Kansas,Manhattan
2919,US,Central,United States,Minnesota,Moorhead
2920,US,Central,United States,Missouri,Saint Peters
2921,US,Central,United States,Oklahoma,Norman
2922,US,Central,United States,Missouri,Jefferson City
2923,US,Central,United States,Iowa,Cedar Rapids
2924,US,Central,United States,Minnesota,Saint Cloud
2925,US,Central,United States,Missouri,Gladstone
2926,US,Central,United States,Michigan,Mount Pleasant
2927,US,Central,United States,Michigan,Oak Park
2928,US,Central,United States,Michigan,Rochester Hills
3582,US,Central,United States,Texas,Houston
3583,US,Central,United States,Texas,Huntsville
3584,US,Central,United States,Texas,Lubbock
3585,US,Central,United States,Texas,El Paso
3586,US,Central,United States,Texas,Plano
3587,US,Central,United States,Texas,Brownsville
3588,US,Central,United States,Texas,San Antonio
3589,US,Central,United States,Texas,Fort Worth
3590,US,Central,United States,Texas,San Marcos
3591,US,Central,United States,Texas,League City
3592,US,Central,United States,Texas,Dallas
3593,US,Central,United States,Texas,Texas City
3594,US,Central,United States,Texas,Odessa
3595,US,Central,United States,Texas,Corpus Christi
3596,US,Central,United States,Texas,Garland
3597,US,Central,United States,Texas,Carrollton
3598,US,Central,United States,Texas,Mesquite
3599,US,Central,United States,Texas,Arlington
3600,US,Central,United States,Texas,Beaumont
3601,US,Central,United States,Texas,Mcallen
3602,US,Central,United States,Texas,Allen
3603,US,Central,United States,Texas,Grand Prairie
3604,US,Central,United States,Texas,Austin
3605,US,Central,United States,Texas,Amarillo
3606,US,Central,United States,Texas,Port Arthur
3607,US,Central,United States,Texas,Harlingen
3608,US,Central,United States,Texas,Bryan
3609,US,Central,United States,Texas,Pasadena
3610,US,Central,United States,Texas,Pharr
3611,US,Central,United States,Texas,La Porte
3612,US,Central,United States,Texas,Laredo
3613,US,Central,United States,Texas,San Angelo
3614,US,Central,United States,Texas,Richardson
3615,US,Central,United States,Texas,Tyler
3616,US,Central,United States,Texas,Frisco
3617,US,Central,United States,Texas,Waco
3618,US,Central,United States,Texas,Mansfield
3619,US,Central,United States,Texas,Round Rock
3620,US,Central,United States,Texas,College Station
3621,US,Central,United States,Texas,Irving
3622,US,Central,United States,Texas,Abilene
3623,US,Central,United States,Texas,Edinburg
3624,US,Central,United States,Texas,Deer Park
3625,US,Central,United States,Texas,Missouri City
3626,US,Central,United States,Texas,Bedford
3627,US,Central,United States,Texas,Pearland
3636,US,Central,United States,Illinois,Chicago
3637,US,Central,United States,Illinois,Naperville
3638,US,Central,United States,Illinois,Romeoville
3639,US,Central,United States,Illinois,Woodstock
3640,US,Central,United States,Illinois,Elmhurst
3641,US,Central,United States,Illinois,Buffalo Grove
3642,US,Central,United States,Illinois,Decatur
3643,US,Central,United States,Illinois,Peoria
3644,US,Central,United States,Illinois,Aurora
3645,US,Central,United States,Illinois,Oswego
3646,US,Central,United States,Illinois,Bloomington
3647,US,Central,United States,Illinois,Evanston
3648,US,Central,United States,Illinois,Des Plaines
3649,US,Central,United States,Illinois,Bolingbrook
3650,US,Central,United States,Illinois,Skokie
3651,US,Central,United States,Illinois,Saint Charles
3652,US,Central,United States,Illinois,Park Ridge
3653,US,Central,United States,Illinois,Normal
3654,US,Central,United States,Illinois,Tinley Park
3655,US,Central,United States,Illinois,Frankfort
3656,US,Central,United States,Illinois,Carol Stream
3657,US,Central,United States,Illinois,Highland Park
3658,US,Central,United States,Illinois,Quincy
3659,US,Central,United States,Illinois,Champaign
3660,US,Central,United States,Illinois,Rockford
3661,US,Central,United States,Illinois,Wheeling
3662,US,Central,United States,Illinois,Danville
3663,US,Central,United States,Illinois,Freeport
3789,US,Central,United States,Illinois,Orland Park
3790,US,Central,United States,Illinois,Glenview
3791,US,Central,United States,Illinois,Arlington Heights
3792,US,Central,United States,Illinois,Palatine
3793,US,Central,United States,Illinois,Oak Park
3807,US,Central,United States,Texas,Cedar Hill
3808,US,Central,United States,Texas,Baytown
3809,US,Central,United States,Texas,Coppell
3810,US,Central,United States,Texas,Haltom City
3811,US,Central,United States,Texas,Grapevine
3812,US,Central,United States,Texas,The Colony
3813,US,Central,United States,Texas,Conroe
3814,US,Central,United States,Texas,Keller
327,EU,Central,France,Rh?ne-Alpes,Echirolles
329,EU,Central,France,Languedoc-Roussillon,Carcassonne
332,EU,Central,France,Brittany,Rennes
333,EU,Central,France,Brittany,Brest
334,EU,Central,France,Pays de la Loire,La Baule-Escoublac
335,EU,Central,France,Provence-Alpes-C?te d'Azur,Marseille
336,EU,Central,France,Languedoc-Roussillon,Lunel
337,EU,Central,France,Upper Normandy,Rouen
339,EU,Central,France,Rh?ne-Alpes,Annecy
340,EU,Central,France,Pays de la Loire,Angers
342,EU,Central,France,Aquitaine,Mont-de-Marsan
343,EU,Central,France,Centre,Montargis
344,EU,Central,France,Lower Normandy,Caen
346,EU,Central,France,Auvergne,Cournon-d'Auvergne
347,EU,Central,France,Burgundy,Auxerre
348,EU,Central,France,Lorraine,Nancy
349,EU,Central,France,Nord-Pas-de-Calais,Faches-Thumesnil
350,EU,Central,France,Provence-Alpes-C?te d'Azur,Sanary-sur-Mer
352,EU,Central,France,Aquitaine,Bergerac
354,EU,Central,France,Midi-Pyr?n?es,Tournefeuille
355,EU,Central,France,Rh?ne-Alpes,Albertville
356,EU,Central,France,Rh?ne-Alpes,Lyon
358,EU,Central,France,Provence-Alpes-C?te d'Azur,Aix-en-Provence
359,EU,Central,France,Brittany,Lanester
360,EU,Central,France,Aquitaine,Bayonne
363,EU,Central,France,Brittany,Lorient
365,EU,Central,France,Auvergne,Vichy
366,EU,Central,France,Auvergne,Clermont-Ferrand
367,EU,Central,France,Pays de la Loire,Cholet
369,EU,Central,France,Rh?ne-Alpes,Saint-Chamond
371,EU,Central,France,Aquitaine,Bordeaux
372,EU,Central,France,Pays de la Loire,Nantes
373,EU,Central,France,Aquitaine,Villeneuve-sur-Lot
377,EU,Central,France,Provence-Alpes-C?te d'Azur,Marignane
378,EU,Central,France,Aquitaine,Pessac
668,EU,Central,France,Pays de la Loire,Laval
686,EU,Central,France,Aquitaine,Biarritz
687,EU,Central,France,Pays de la Loire,Les Herbiers
696,EU,Central,France,Rh?ne-Alpes,Villefontaine
781,EU,Central,France,Provence-Alpes-C?te d'Azur,Vallauris
813,EU,Central,France,Provence-Alpes-C?te d'Azur,Vence
815,EU,Central,France,Provence-Alpes-C?te d'Azur,Cannes
825,EU,Central,France,Lorraine,Saint-Avold
850,EU,Central,France,Brittany,Landerneau
858,EU,Central,France,Provence-Alpes-C?te d'Azur,Nice
969,EU,Central,France,Provence-Alpes-C?te d'Azur,La Seyne-sur-Mer
970,EU,Central,France,Nord-Pas-de-Calais,Tourcoing
971,EU,Central,France,Rh?ne-Alpes,Oyonnax
972,EU,Central,France,Aquitaine,Lormont
975,EU,Central,France,Lorraine,Verdun
977,EU,Central,France,Rh?ne-Alpes,Saint-Genis-Laval
978,EU,Central,France,Languedoc-Roussillon,Perpignan
982,EU,Central,France,Rh?ne-Alpes,Saint-Priest
986,EU,Central,France,Provence-Alpes-C?te d'Azur,Grasse
988,EU,Central,France,Lorraine,Thionville
989,EU,Central,France,Provence-Alpes-C?te d'Azur,Mougins
991,EU,Central,France,Languedoc-Roussillon,Montpellier
993,EU,Central,France,Lorraine,Forbach
994,EU,Central,France,Burgundy,Beaune
999,EU,Central,France,Languedoc-Roussillon,Mauguio
1000,EU,Central,France,Provence-Alpes-C?te d'Azur,Arles
1001,EU,Central,France,Brittany,Lannion
1002,EU,Central,France,Rh?ne-Alpes,Vaulx-en-Velin
1003,EU,Central,France,Nord-Pas-de-Calais,Loos
1074,EU,Central,France,Rh?ne-Alpes,Cluses
1079,EU,Central,France,Rh?ne-Alpes,Bron
1102,EU,Central,France,Poitou-Charentes,La Rochelle
1118,EU,Central,France,Pays de la Loire,Saint-Herblain
1121,EU,Central,France,Provence-Alpes-C?te d'Azur,Miramas
1122,EU,Central,France,Midi-Pyr?n?es,Montauban
1128,EU,Central,France,Nord-Pas-de-Calais,Douai
1129,EU,Central,France,Picardy,Amiens
1130,EU,Central,France,Centre,Dreux
1137,EU,Central,France,Alsace,Schiltigheim
1141,EU,Central,France,Burgundy,Dijon
1147,EU,Central,France,Midi-Pyr?n?es,Muret
1148,EU,Central,France,Poitou-Charentes,Cognac
1162,EU,Central,France,Languedoc-Roussillon,Castelnau-le-Lez
1183,EU,Central,France,Nord-Pas-de-Calais,Wasquehal
1184,EU,Central,France,Aquitaine,Anglet
1191,EU,Central,France,Provence-Alpes-C?te d'Azur,Six-Fours-les-Plages
1193,EU,Central,France,Poitou-Charentes,Niort
1205,EU,Central,France,Upper Normandy,Evreux
1211,EU,Central,France,Brittany,Saint-Brieuc
1220,EU,Central,France,Provence-Alpes-C?te d'Azur,Pertuis
1221,EU,Central,France,Alsace,Strasbourg
1237,EU,Central,France,Nord-Pas-de-Calais,Calais
1253,EU,Central,France,Provence-Alpes-C?te d'Azur,Saint-Laurent-du-Var
1312,EU,Central,France,Nord-Pas-de-Calais,Boulogne-sur-Mer
1364,EU,Central,France,Nord-Pas-de-Calais,Outreau
1383,EU,Central,France,Brittany,Vannes
1389,EU,Central,France,Provence-Alpes-C?te d'Azur,Istres
1398,EU,Central,France,Languedoc-Roussillon,Frontignan
1401,EU,Central,France,Rh?ne-Alpes,Givors
1417,EU,Central,France,Nord-Pas-de-Calais,Berck
1434,EU,Central,France,Aquitaine,Le Bouscat
1446,EU,Central,France,Pays de la Loire,Carquefou
1448,EU,Central,France,Provence-Alpes-C?te d'Azur,Antibes
1473,EU,Central,France,Lorraine,Metz
1478,EU,Central,France,Centre,Bourges
1488,EU,Central,France,Provence-Alpes-C?te d'Azur,Martigues
1499,EU,Central,France,Rh?ne-Alpes,Rillieux-la-Pape
1502,EU,Central,France,Nord-Pas-de-Calais,Roubaix
1511,EU,Central,France,Midi-Pyr?n?es,Castres
1557,EU,Central,France,Nord-Pas-de-Calais,Lille
1564,EU,Central,France,Lower Normandy,Bayeux
1591,EU,Central,France,Provence-Alpes-C?te d'Azur,Avignon
1594,EU,Central,France,Provence-Alpes-C?te d'Azur,Cagnes-sur-Mer
1636,EU,Central,France,Aquitaine,Pau
1659,EU,Central,France,Alsace,Haguenau
1666,EU,Central,France,Picardy,Creil
1674,EU,Central,France,Nord-Pas-de-Calais,Saint-Pol-sur-Mer
1707,EU,Central,France,Nord-Pas-de-Calais,Lens
1720,EU,Central,France,Upper Normandy,Le Havre
1721,EU,Central,France,Midi-Pyr?n?es,Pamiers
1723,EU,Central,France,Provence-Alpes-C?te d'Azur,Vitrolles
1734,EU,Central,France,Provence-Alpes-C?te d'Azur,Toulon
1742,EU,Central,France,Rh?ne-Alpes,Roanne
1746,EU,Central,France,Rh?ne-Alpes,Aix-les-Bains
1850,EU,Central,France,Lower Normandy,Lisieux
1851,EU,Central,France,Upper Normandy,Dieppe
1852,EU,Central,France,Corsica,Ajaccio
1854,EU,Central,France,Brittany,Quimper
1855,EU,Central,France,Alsace,Colmar
1856,EU,Central,France,Languedoc-Roussillon,Narbonne
1859,EU,Central,France,Aquitaine,Talence
1861,EU,Central,France,Centre,Tours
1862,EU,Central,France,Champagne-Ardenne,Chaumont
1863,EU,Central,France,Brittany,Pontivy
1864,EU,Central,France,Picardy,Abbeville
1865,EU,Central,France,Pays de la Loire,Saint-Nazaire
1866,EU,Central,France,Alsace,Mulhouse
1868,EU,Central,France,Nord-Pas-de-Calais,Avion
1869,EU,Central,France,Pays de la Loire,La Roche-sur-Yon
1870,EU,Central,France,Provence-Alpes-C?te d'Azur,Les Pennes-Mirabeau
1872,EU,Central,France,Provence-Alpes-C?te d'Azur,Carpentras
1878,EU,Central,France,Rh?ne-Alpes,Bourg-en-Bresse
1879,EU,Central,France,Provence-Alpes-C?te d'Azur,Salon-de-Provence
1899,EU,Central,France,Brittany,Concarneau
1915,EU,Central,France,Limousin,Limoges
1921,EU,Central,France,Pays de la Loire,Fontenay-le-Comte
1938,EU,Central,France,Lorraine,Epinal
1941,EU,Central,France,Aquitaine,La Teste-de-Buch
2025,EU,Central,France,Upper Normandy,Vernon
2026,EU,Central,France,Rh?ne-Alpes,Villeurbanne
2027,EU,Central,France,Languedoc-Roussillon,Agde
2029,EU,Central,France,Nord-Pas-de-Calais,Lomme
2030,EU,Central,France,Nord-Pas-de-Calais,Wattrelos
2031,EU,Central,France,Midi-Pyr?n?es,Auch
2033,EU,Central,France,Provence-Alpes-C?te d'Azur,La Ciotat
2037,EU,Central,France,Provence-Alpes-C?te d'Azur,Gardanne
2039,EU,Central,France,Rh?ne-Alpes,Grenoble
2042,EU,Central,France,Picardy,Beauvais
2047,EU,Central,France,Franche-Comt?,Lons-le-Saunier
2056,EU,Central,France,Languedoc-Roussillon,S?te
2061,EU,Central,France,Aquitaine,Gradignan
2077,EU,Central,France,Burgundy,Le Creusot
2089,EU,Central,France,Burgundy,M?con
2105,EU,Central,France,Picardy,Saint-Quentin
2112,EU,Central,France,Picardy,Soissons
2116,EU,Central,France,Brittany,Saint-Malo
2121,EU,Central,France,Provence-Alpes-C?te d'Azur,La Crau
2123,EU,Central,France,Aquitaine,Agen
2126,EU,Central,France,Centre,Blois
2152,EU,Central,France,Nord-Pas-de-Calais,Villeneuve-d'Ascq
2162,EU,Central,France,Nord-Pas-de-Calais,Valenciennes
2163,EU,Central,France,Nord-Pas-de-Calais,Mons-en-Baroeul
2170,EU,Central,France,Rh?ne-Alpes,Montbrison
2172,EU,Central,France,Centre,Gien
2177,EU,Central,France,Corsica,Bastia
2188,EU,Central,France,Rh?ne-Alpes,Oullins
2209,EU,Central,France,Rh?ne-Alpes,Valence
2251,EU,Central,France,Provence-Alpes-C?te d'Azur,Cavaillon
2254,EU,Central,France,Aquitaine,Villenave-d'Ornon
2259,EU,Central,France,Provence-Alpes-C?te d'Azur,Menton
2267,EU,Central,France,Lorraine,Hayange
2306,EU,Central,France,Midi-Pyr?n?es,Tarbes
2339,EU,Central,France,Aquitaine,Cestas
2389,EU,Central,France,Picardy,Nogent-sur-Oise
2412,EU,Central,France,Provence-Alpes-C?te d'Azur,Le Cannet
2416,EU,Central,France,Provence-Alpes-C?te d'Azur,Draguignan
2420,EU,Central,France,Nord-Pas-de-Calais,Hazebrouck
2429,EU,Central,France,Champagne-Ardenne,Saint-Dizier
2430,EU,Central,France,Provence-Alpes-C?te d'Azur,Le Pontet
2449,EU,Central,France,Nord-Pas-de-Calais,Ronchin
2455,EU,Central,France,Provence-Alpes-C?te d'Azur,Allauch
2471,EU,Central,France,Nord-Pas-de-Calais,Arras
2499,EU,Central,France,Midi-Pyr?n?es,Colomiers
2502,EU,Central,France,Aquitaine,Dax
2521,EU,Central,France,Champagne-Ardenne,Troyes
2523,EU,Central,France,Poitou-Charentes,Bressuire
2524,EU,Central,France,Centre,Chartres
2525,EU,Central,France,Lorraine,Bar-le-Duc
2535,EU,Central,France,Rh?ne-Alpes,Fontaine
2536,EU,Central,France,Aquitaine,Blanquefort
2549,EU,Central,France,Rh?ne-Alpes,Voiron
2584,EU,Central,France,Languedoc-Roussillon,Lattes
2585,EU,Central,France,Upper Normandy,Le Petit-Quevilly
2589,EU,Central,France,Brittany,Douarnenez
2591,EU,Central,France,Rh?ne-Alpes,Meyzieu
2592,EU,Central,France,Pays de la Loire,La Chapelle-sur-Erdre
2596,EU,Central,France,Franche-Comt?,Belfort
2619,EU,Central,France,Lorraine,Sarreguemines
2681,EU,Central,France,Auvergne,Riom
2682,EU,Central,France,Upper Normandy,Mont-Saint-Aignan
2684,EU,Central,France,Franche-Comt?,Dole
2685,EU,Central,France,Nord-Pas-de-Calais,Carvin
2686,EU,Central,France,Midi-Pyr?n?es,Albi
2687,EU,Central,France,Centre,Olivet
2688,EU,Central,France,Poitou-Charentes,Rochefort
2691,EU,Central,France,Nord-Pas-de-Calais,Maubeuge
2692,EU,Central,France,Rh?ne-Alpes,Thonon-les-Bains
2693,EU,Central,France,Upper Normandy,Louviers
2710,EU,Central,France,Picardy,Laon
2711,EU,Central,France,Provence-Alpes-C?te d'Azur,Sorgues
2712,EU,Central,France,Midi-Pyr?n?es,Millau
2713,EU,Central,France,Rh?ne-Alpes,Firminy
2714,EU,Central,France,Burgundy,Montceau-les-Mines
2715,EU,Central,France,Lower Normandy,Flers
2716,EU,Central,France,Limousin,Brive-la-Gaillarde
2718,EU,Central,France,Rh?ne-Alpes,Annemasse
2805,EU,Central,France,Provence-Alpes-C?te d'Azur,Digne-les-Bains
2810,EU,Central,France,Pays de la Loire,Saumur
2828,EU,Central,France,Lower Normandy,Argentan
2832,EU,Central,France,Provence-Alpes-C?te d'Azur,Gap
2854,EU,Central,France,Limousin,Tulle
2855,EU,Central,France,Nord-Pas-de-Calais,Denain
2903,EU,Central,France,Centre,Fleury-les-Aubrais
2950,EU,Central,France,Champagne-Ardenne,Reims
2951,EU,Central,France,Midi-Pyr?n?es,Toulouse
2952,EU,Central,France,Alsace,Saint-Louis
2953,EU,Central,France,Pays de la Loire,Le Mans
2954,EU,Central,France,Poitou-Charentes,Poitiers
2955,EU,Central,France,Nord-Pas-de-Calais,Hautmont
2956,EU,Central,France,Nord-Pas-de-Calais,Cambrai
2957,EU,Central,France,Lorraine,Toul
2958,EU,Central,France,Brittany,Ploemeur
2959,EU,Central,France,Nord-Pas-de-Calais,Halluin
3316,EU,Central,France,Franche-Comt?,Vesoul
3389,EU,Central,France,Pays de la Loire,Vertou
3390,EU,Central,France,Rh?ne-Alpes,Sallanches
3391,EU,Central,France,Aquitaine,Libourne
3404,EU,Central,France,Nord-Pas-de-Calais,La Madeleine
3432,EU,Central,France,Midi-Pyr?n?es,Plaisance-du-Touch
3437,EU,Central,France,Rh?ne-Alpes,Annecy-le-Vieux
3458,EU,Central,France,Alsace,Illkirch-Graffenstaden
3461,EU,Central,France,Rh?ne-Alpes,Caluire-et-Cuire
3473,EU,Central,France,Rh?ne-Alpes,Bourgoin-Jallieu
3478,EU,Central,France,Picardy,Senlis
3479,EU,Central,France,Lower Normandy,Cherbourg-Octeville
3484,EU,Central,France,Rh?ne-Alpes,Annonay
3495,EU,Central,France,Nord-Pas-de-Calais,Coudekerque-Branche
3499,EU,Central,France,Upper Normandy,Elbeuf
3507,EU,Central,France,Alsace,Lingolsheim
3508,EU,Central,France,Centre,Saint-Jean-de-la-Ruelle
3541,EU,Central,France,Centre,Saint-Pierre-des-Corps
3542,EU,Central,France,Centre,Saint-Cyr-sur-Loire
3543,EU,Central,France,Auvergne,Issoire
3544,EU,Central,France,Auvergne,Moulins
328,EU,Central,France,Ile-de-France,Noisy-le-Sec
330,EU,Central,France,Ile-de-France,Versailles
331,EU,Central,France,Ile-de-France,Argenteuil
338,EU,Central,France,Ile-de-France,Corbeil-Essonnes
341,EU,Central,France,Ile-de-France,Massy
345,EU,Central,France,Ile-de-France,Boulogne-Billancourt
351,EU,Central,France,Ile-de-France,Pontoise
353,EU,Central,France,Ile-de-France,Alfortville
357,EU,Central,France,Ile-de-France,Champigny-sur-Marne
361,EU,Central,France,Ile-de-France,Palaiseau
362,EU,Central,France,Ile-de-France,Paris
364,EU,Central,France,Ile-de-France,Moissy-Cramayel
368,EU,Central,France,Ile-de-France,Antony
370,EU,Central,France,Ile-de-France,Les Lilas
374,EU,Central,France,Ile-de-France,Cormeilles-en-Parisis
375,EU,Central,France,Ile-de-France,Bagnolet
376,EU,Central,France,Ile-de-France,Sartrouville
684,EU,Central,France,Ile-de-France,Evry
856,EU,Central,France,Ile-de-France,Malakoff
973,EU,Central,France,Ile-de-France,Taverny
996,EU,Central,France,Ile-de-France,Le Plessis-Robinson
997,EU,Central,France,Ile-de-France,Roissy-en-Brie
1004,EU,Central,France,Ile-de-France,Torcy
1005,EU,Central,France,Ile-de-France,Conflans-Sainte-Honorine
1008,EU,Central,France,Ile-de-France,Neuilly-sur-Seine
1012,EU,Central,France,Ile-de-France,Nanterre
1023,EU,Central,France,Ile-de-France,Courbevoie
1047,EU,Central,France,Ile-de-France,Deuil-la-Barre
1087,EU,Central,France,Ile-de-France,Le Chesnay
1111,EU,Central,France,Ile-de-France,Mantes-la-Jolie
1140,EU,Central,France,Ile-de-France,Rambouillet
1143,EU,Central,France,Ile-de-France,Ivry-sur-Seine
1145,EU,Central,France,Ile-de-France,Montesson
1156,EU,Central,France,Ile-de-France,Drancy
1160,EU,Central,France,Ile-de-France,Saint-Ouen
1168,EU,Central,France,Ile-de-France,Chelles
1187,EU,Central,France,Ile-de-France,Guyancourt
1216,EU,Central,France,Ile-de-France,Ris-Orangis
1334,EU,Central,France,Ile-de-France,Thiais
1351,EU,Central,France,Ile-de-France,Montigny-le-Bretonneux
1367,EU,Central,France,Ile-de-France,Saint-Denis
1368,EU,Central,France,Ile-de-France,Meudon
1403,EU,Central,France,Ile-de-France,Tremblay-en-France
1411,EU,Central,France,Ile-de-France,Villiers-le-Bel
1412,EU,Central,France,Ile-de-France,Neuilly-Plaisance
1426,EU,Central,France,Ile-de-France,Longjumeau
1427,EU,Central,France,Ile-de-France,Noisy-le-Grand
1435,EU,Central,France,Ile-de-France,Cergy
1440,EU,Central,France,Ile-de-France,Fontainebleau
1490,EU,Central,France,Ile-de-France,Saint-Michel-sur-Orge
1504,EU,Central,France,Ile-de-France,Grigny
1506,EU,Central,France,Ile-de-France,Les Clayes-sous-Bois
1523,EU,Central,France,Ile-de-France,Montreuil
1544,EU,Central,France,Ile-de-France,Levallois-Perret
1549,EU,Central,France,Ile-de-France,Neuilly-sur-Marne
1551,EU,Central,France,Ile-de-France,Fontenay-aux-Roses
1559,EU,Central,France,Ile-de-France,Le Blanc-Mesnil
1563,EU,Central,France,Ile-de-France,Gennevilliers
1577,EU,Central,France,Ile-de-France,Lagny-sur-Marne
1581,EU,Central,France,Ile-de-France,Maisons-Laffitte
1588,EU,Central,France,Ile-de-France,Chaville
1643,EU,Central,France,Ile-de-France,Bry-sur-Marne
1646,EU,Central,France,Ile-de-France,Vanves
1661,EU,Central,France,Ile-de-France,Trappes
1709,EU,Central,France,Ile-de-France,Vitry-sur-Seine
1718,EU,Central,France,Ile-de-France,Pantin
1853,EU,Central,France,Ile-de-France,Poissy
1857,EU,Central,France,Ile-de-France,Gonesse
1858,EU,Central,France,Ile-de-France,Mitry-Mory
1860,EU,Central,France,Ile-de-France,Vincennes
1867,EU,Central,France,Ile-de-France,Limay
1871,EU,Central,France,Ile-de-France,Les Ulis
1894,EU,Central,France,Ile-de-France,Gagny
1912,EU,Central,France,Ile-de-France,Bagneux
1933,EU,Central,France,Ile-de-France,Sevran
2028,EU,Central,France,Ile-de-France,Sarcelles
2032,EU,Central,France,Ile-de-France,Clamart
2034,EU,Central,France,Ile-de-France,Viroflay
2035,EU,Central,France,Ile-de-France,Suresnes
2036,EU,Central,France,Ile-de-France,La Celle-Saint-Cloud
2038,EU,Central,France,Ile-de-France,Coulommiers
2040,EU,Central,France,Ile-de-France,Clichy-sous-Bois
2058,EU,Central,France,Ile-de-France,Villemomble
2068,EU,Central,France,Ile-de-France,Montfermeil
2075,EU,Central,France,Ile-de-France,Montgeron
2078,EU,Central,France,Ile-de-France,Montmorency
2082,EU,Central,France,Ile-de-France,Montereau-Fault-Yonne
2100,EU,Central,France,Ile-de-France,Colombes
2114,EU,Central,France,Ile-de-France,Issy-les-Moulineaux
2129,EU,Central,France,Ile-de-France,Saint-Germain-en-Laye
2148,EU,Central,France,Ile-de-France,Sannois
2218,EU,Central,France,Ile-de-France,Rueil-Malmaison
2239,EU,Central,France,Ile-de-France,Villiers-sur-Marne
2240,EU,Central,France,Ile-de-France,Sceaux
2252,EU,Central,France,Ile-de-France,Aubervilliers
2253,EU,Central,France,Ile-de-France,Meaux
2255,EU,Central,France,Ile-de-France,Sucy-en-Brie
2256,EU,Central,France,Ile-de-France,Bezons
2258,EU,Central,France,Ile-de-France,Pontault-Combault
2266,EU,Central,France,Ile-de-France,Fresnes
2294,EU,Central,France,Ile-de-France,Livry-Gargan
2310,EU,Central,France,Ile-de-France,Franconville
2345,EU,Central,France,Ile-de-France,Saint-Gratien
2361,EU,Central,France,Ile-de-France,Aulnay-sous-Bois
2362,EU,Central,France,Ile-de-France,Villeneuve-la-Garenne
2394,EU,Central,France,Ile-de-France,Montrouge
2409,EU,Central,France,Ile-de-France,Fontenay-sous-Bois
2443,EU,Central,France,Ile-de-France,Chilly-Mazarin
2447,EU,Central,France,Ile-de-France,Villeneuve-le-Roi
2454,EU,Central,France,Ile-de-France,Maisons-Alfort
2472,EU,Central,France,Ile-de-France,Bondy
2500,EU,Central,France,Ile-de-France,Bobigny
2503,EU,Central,France,Ile-de-France,Pierrefitte-sur-Seine
2522,EU,Central,France,Ile-de-France,Marly-le-Roi
2527,EU,Central,France,Ile-de-France,Orsay
2533,EU,Central,France,Ile-de-France,Savigny-le-Temple
2587,EU,Central,France,Ile-de-France,Choisy-le-Roi
2588,EU,Central,France,Ile-de-France,Osny
2590,EU,Central,France,Ile-de-France,Villeparisis
2593,EU,Central,France,Ile-de-France,Clichy
2595,EU,Central,France,Ile-de-France,Villejuif
2597,EU,Central,France,Ile-de-France,Avon
2624,EU,Central,France,Ile-de-France,Puteaux
2626,EU,Central,France,Ile-de-France,Les Mureaux
2683,EU,Central,France,Ile-de-France,Domont
2689,EU,Central,France,Ile-de-France,Les Pavillons-sous-Bois
2690,EU,Central,France,Ile-de-France,Eragny
2694,EU,Central,France,Ile-de-France,Yerres
2717,EU,Central,France,Ile-de-France,Mantes-la-Ville
2731,EU,Central,France,Ile-de-France,Vigneux-sur-Seine
2808,EU,Central,France,Ile-de-France,Bonneuil-sur-Marne
2833,EU,Central,France,Ile-de-France,Chevilly-Larue
2856,EU,Central,France,Ile-de-France,Ermont
2857,EU,Central,France,Ile-de-France,Le Pr?-Saint-Gervais
2945,EU,Central,France,Ile-de-France,Garches
2946,EU,Central,France,Ile-de-France,Goussainville
2947,EU,Central,France,Ile-de-France,Cachan
2948,EU,Central,France,Ile-de-France,Melun
2949,EU,Central,France,Ile-de-France,Houilles
3433,EU,Central,France,Ile-de-France,Rosny-sous-Bois
3434,EU,Central,France,Ile-de-France,Athis-Mons
3435,EU,Central,France,Ile-de-France,Villeneuve-Saint-Georges
3436,EU,Central,France,Ile-de-France,Stains
3474,EU,Central,France,Ile-de-France,Plaisir
3482,EU,Central,France,Ile-de-France,Chatou
3545,EU,Central,France,Ile-de-France,Saint-Cloud
379,EU,Central,Germany,North Rhine-Westphalia,Bochum
381,EU,Central,Germany,North Rhine-Westphalia,Leverkusen
383,EU,Central,Germany,North Rhine-Westphalia,Arnsberg
384,EU,Central,Germany,North Rhine-Westphalia,Wuppertal
389,EU,Central,Germany,Bavaria,Munich
392,EU,Central,Germany,Mecklenburg-Vorpommern,Rostock
393,EU,Central,Germany,Baden-W?rttemberg,Freiburg
394,EU,Central,Germany,Hamburg,Hamburg
396,EU,Central,Germany,North Rhine-Westphalia,Halle
397,EU,Central,Germany,North Rhine-Westphalia,Gronau
399,EU,Central,Germany,Bremen,Bremen
400,EU,Central,Germany,Baden-W?rttemberg,Offenburg
401,EU,Central,Germany,North Rhine-Westphalia,Dorsten
402,EU,Central,Germany,Brandenburg,Potsdam
403,EU,Central,Germany,North Rhine-Westphalia,Duisburg
404,EU,Central,Germany,North Rhine-Westphalia,Grevenbroich
405,EU,Central,Germany,North Rhine-Westphalia,Solingen
406,EU,Central,Germany,Bavaria,Aschaffenburg
407,EU,Central,Germany,Lower Saxony,Munster
409,EU,Central,Germany,Thuringia,Erfurt
410,EU,Central,Germany,North Rhine-Westphalia,Remscheid
413,EU,Central,Germany,North Rhine-Westphalia,Dortmund
423,EU,Central,Germany,Rhineland-Palatinate,Mainz
426,EU,Central,Germany,Hesse,Offenbach
427,EU,Central,Germany,North Rhine-Westphalia,Cologne
675,EU,Central,Germany,North Rhine-Westphalia,Hagen
677,EU,Central,Germany,Baden-W?rttemberg,Stuttgart
683,EU,Central,Germany,Rhineland-Palatinate,Trier
691,EU,Central,Germany,North Rhine-Westphalia,Moers
773,EU,Central,Germany,Hesse,Darmstadt
783,EU,Central,Germany,North Rhine-Westphalia,Witten
817,EU,Central,Germany,Rhineland-Palatinate,Worms
842,EU,Central,Germany,Hesse,Frankfurt
846,EU,Central,Germany,Saxony,Zwickau
848,EU,Central,Germany,Baden-W?rttemberg,Karlsruhe
851,EU,Central,Germany,Baden-W?rttemberg,Waiblingen
974,EU,Central,Germany,Baden-W?rttemberg,Friedrichshafen
976,EU,Central,Germany,Baden-W?rttemberg,Pforzheim
979,EU,Central,Germany,Hesse,Wiesbaden
981,EU,Central,Germany,Brandenburg,Brandenburg
983,EU,Central,Germany,Baden-W?rttemberg,Heilbronn
984,EU,Central,Germany,Thuringia,Jena
985,EU,Central,Germany,Lower Saxony,Hildesheim
987,EU,Central,Germany,Bavaria,Nuremberg
990,EU,Central,Germany,Bavaria,Schweinfurt
992,EU,Central,Germany,Saxony,Leipzig
995,EU,Central,Germany,Lower Saxony,Celle
1006,EU,Central,Germany,North Rhine-Westphalia,Recklinghausen
1007,EU,Central,Germany,North Rhine-Westphalia,Langenfeld
1009,EU,Central,Germany,Hesse,Friedberg
1010,EU,Central,Germany,North Rhine-Westphalia,Essen
1011,EU,Central,Germany,North Rhine-Westphalia,Hamm
1013,EU,Central,Germany,Saxony-Anhalt,Magdeburg
1014,EU,Central,Germany,North Rhine-Westphalia,Kerpen
1086,EU,Central,Germany,North Rhine-Westphalia,Herne
1096,EU,Central,Germany,Baden-W?rttemberg,Sindelfingen
1101,EU,Central,Germany,Lower Saxony,Langen
1104,EU,Central,Germany,Baden-W?rttemberg,Baden-Baden
1144,EU,Central,Germany,Saxony-Anhalt,Halle
1212,EU,Central,Germany,Bavaria,Erlangen
1233,EU,Central,Germany,Bremen,Bremerhaven
1251,EU,Central,Germany,Bavaria,Augsburg
1324,EU,Central,Germany,North Rhine-Westphalia,Castrop-Rauxel
1338,EU,Central,Germany,Lower Saxony,Langenhagen
1339,EU,Central,Germany,North Rhine-Westphalia,Menden
1377,EU,Central,Germany,North Rhine-Westphalia,Bielefeld
1387,EU,Central,Germany,North Rhine-Westphalia,Herten
1415,EU,Central,Germany,Bavaria,Ingolstadt
1420,EU,Central,Germany,Saarland,Neunkirchen
1424,EU,Central,Germany,Mecklenburg-Vorpommern,Schwerin
1438,EU,Central,Germany,North Rhine-Westphalia,Aachen
1496,EU,Central,Germany,North Rhine-Westphalia,Siegen
1526,EU,Central,Germany,North Rhine-Westphalia,Bonn
1530,EU,Central,Germany,North Rhine-Westphalia,Oberhausen
1532,EU,Central,Germany,North Rhine-Westphalia,Bergisch Gladbach
1533,EU,Central,Germany,Hesse,Wetzlar
1545,EU,Central,Germany,Baden-W?rttemberg,Reutlingen
1548,EU,Central,Germany,Schleswig-Holstein,Kiel
1550,EU,Central,Germany,Rhineland-Palatinate,Kaiserslautern
1562,EU,Central,Germany,North Rhine-Westphalia,Gummersbach
1626,EU,Central,Germany,Baden-W?rttemberg,Heidelberg
1641,EU,Central,Germany,North Rhine-Westphalia,Krefeld
1647,EU,Central,Germany,Schleswig-Holstein,Norderstedt
1652,EU,Central,Germany,North Rhine-Westphalia,Lippstadt
1658,EU,Central,Germany,Thuringia,Sonneberg
1691,EU,Central,Germany,Baden-W?rttemberg,Ludwigsburg
1722,EU,Central,Germany,North Rhine-Westphalia,Bottrop
1724,EU,Central,Germany,Hesse,Kassel
1732,EU,Central,Germany,North Rhine-Westphalia,Bergheim
1828,EU,Central,Germany,Bavaria,Bamberg
1829,EU,Central,Germany,North Rhine-Westphalia,Hattingen
1834,EU,Central,Germany,North Rhine-Westphalia,Paderborn
1840,EU,Central,Germany,Schleswig-Holstein,Flensburg
1843,EU,Central,Germany,North Rhine-Westphalia,Borken
1848,EU,Central,Germany,Baden-W?rttemberg,Ulm
1873,EU,Central,Germany,North Rhine-Westphalia,Pulheim
1875,EU,Central,Germany,Saxony,Chemnitz
1893,EU,Central,Germany,North Rhine-Westphalia,Dormagen
1898,EU,Central,Germany,North Rhine-Westphalia,Willich
1902,EU,Central,Germany,North Rhine-Westphalia,Troisdorf
1903,EU,Central,Germany,Bavaria,Neu-Ulm
1908,EU,Central,Germany,North Rhine-Westphalia,Gladbeck
1923,EU,Central,Germany,North Rhine-Westphalia,Iserlohn
2020,EU,Central,Germany,North Rhine-Westphalia,Wetter (Ruhr)
2021,EU,Central,Germany,Lower Saxony,Lohne
2022,EU,Central,Germany,North Rhine-Westphalia,Erftstadt
2023,EU,Central,Germany,North Rhine-Westphalia,Gelsenkirchen
2024,EU,Central,Germany,Lower Saxony,Emden
2104,EU,Central,Germany,North Rhine-Westphalia,Ratingen
2113,EU,Central,Germany,Lower Saxony,Oldenburg
2118,EU,Central,Germany,Rhineland-Palatinate,Koblenz
2122,EU,Central,Germany,Mecklenburg-Vorpommern,Greifswald
2124,EU,Central,Germany,Lower Saxony,Wolfsburg
2137,EU,Central,Germany,Rhineland-Palatinate,Ludwigshafen am Rhein
2149,EU,Central,Germany,Brandenburg,Cottbus
2160,EU,Central,Germany,North Rhine-Westphalia,Detmold
2205,EU,Central,Germany,Lower Saxony,Wilhelmshaven
2241,EU,Central,Germany,North Rhine-Westphalia,Dinslaken
2250,EU,Central,Germany,Baden-W?rttemberg,Mannheim
2288,EU,Central,Germany,Mecklenburg-Vorpommern,Stralsund
2392,EU,Central,Germany,Bavaria,Regensburg
2445,EU,Central,Germany,Mecklenburg-Vorpommern,Neubrandenburg
2448,EU,Central,Germany,Lower Saxony,Delmenhorst
2456,EU,Central,Germany,North Rhine-Westphalia,Rheine
2459,EU,Central,Germany,North Rhine-Westphalia,Unna
2478,EU,Central,Germany,Thuringia,Gera
2498,EU,Central,Germany,Hesse,Langen
2501,EU,Central,Germany,Saarland,Schiffweiler
2537,EU,Central,Germany,North Rhine-Westphalia,Euskirchen
2586,EU,Central,Germany,North Rhine-Westphalia,Viersen
2594,EU,Central,Germany,North Rhine-Westphalia,Stadtlohn
2634,EU,Central,Germany,North Rhine-Westphalia,Minden
2708,EU,Central,Germany,North Rhine-Westphalia,Herford
2709,EU,Central,Germany,Brandenburg,Forst
2733,EU,Central,Germany,Bavaria,Bayreuth
2736,EU,Central,Germany,Baden-W?rttemberg,Villingen-Schwenningen
2743,EU,Central,Germany,Brandenburg,Ludwigsfelde
2751,EU,Central,Germany,Baden-W?rttemberg,Eggenstein-Leopoldshafen
2752,EU,Central,Germany,Saxony-Anhalt,Naumburg
2761,EU,Central,Germany,North Rhine-Westphalia,Marl
2806,EU,Central,Germany,North Rhine-Westphalia,Velbert
2807,EU,Central,Germany,Thuringia,Weimar
2816,EU,Central,Germany,Rhineland-Palatinate,Neuwied
2869,EU,Central,Germany,North Rhine-Westphalia,Ennigerloh
2882,EU,Central,Germany,Bavaria,Passau
2884,EU,Central,Germany,Bavaria,Rosenheim
2894,EU,Central,Germany,Lower Saxony,Garbsen
3111,EU,Central,Germany,Saxony,Dresden
3112,EU,Central,Germany,Lower Saxony,Hanover
3113,EU,Central,Germany,Berlin,Berlin
3114,EU,Central,Germany,North Rhine-Westphalia,Hilden
3388,EU,Central,Germany,North Rhine-Westphalia,Stolberg
3459,EU,Central,Germany,Hesse,Fulda
3460,EU,Central,Germany,Bavaria,G?nzburg
3494,EU,Central,Germany,Baden-W?rttemberg,Bad Waldsee
3500,EU,Central,Germany,Lower Saxony,Cuxhaven
3540,EU,Central,Germany,Baden-W?rttemberg,Aalen
445,LATAM,North,Mexico,Puebla,Puebla
447,LATAM,North,Mexico,Distrito Federal,Cuajimalpa
456,LATAM,North,Mexico,Quintana Roo,Cancun
461,LATAM,North,Mexico,Sonora,Obregon
463,LATAM,North,Mexico,Jalisco,Guadalajara
481,LATAM,North,Mexico,Tabasco,Villahermosa
484,LATAM,North,Mexico,Veracruz,San Andres Tuxtla
495,LATAM,North,Mexico,Distrito Federal,Mexico City
506,LATAM,North,Mexico,Nuevo Le?n,Apodaca
510,LATAM,North,Mexico,San Luis Potosi,San Luis Potosi
511,LATAM,North,Mexico,Guanajuato,Salamanca
519,LATAM,North,Mexico,Michoac?n,Morelia
522,LATAM,North,Mexico,Nayarit,Tepic
524,LATAM,North,Mexico,Sonora,Guaymas
540,LATAM,North,Mexico,Baja California,Mexicali
548,LATAM,North,Mexico,M?xico,Toluca
550,LATAM,North,Mexico,Nuevo Le?n,Garza Garc?a
577,LATAM,North,Mexico,Colima,Colima
580,LATAM,North,Mexico,Durango,Durango
582,LATAM,North,Mexico,Guanajuato,Irapuato
589,LATAM,North,Mexico,Jalisco,Tlaquepaque
591,LATAM,North,Mexico,Tamaulipas,Madero
596,LATAM,North,Mexico,Chiapas,San Cristobal de Las Casas
611,LATAM,North,Mexico,Mexico,Nicolas Romero
627,LATAM,North,Mexico,Guanajuato,Acambaro
632,LATAM,North,Mexico,Sonora,Hermosillo
639,LATAM,North,Mexico,Nuevo Le?n,Santa Catarina
652,LATAM,North,Mexico,M?xico,Coacalco
653,LATAM,North,Mexico,Durango,Gomez Palacio
655,LATAM,North,Mexico,Distrito Federal,Coyoacan
681,LATAM,North,Mexico,Yucatan,Merida
694,LATAM,North,Mexico,Veracruz,Orizaba
695,LATAM,North,Mexico,Baja California,Tijuana
776,LATAM,North,Mexico,Jalisco,Zapopan
784,LATAM,North,Mexico,Sinaloa,Culiacan
795,LATAM,North,Mexico,Chiapas,Tuxtla Gutierrez
797,LATAM,North,Mexico,Nuevo Le?n,Monterrey
802,LATAM,North,Mexico,Coahuila,Piedras Negras
831,LATAM,North,Mexico,San Luis Potos?,Valles
836,LATAM,North,Mexico,Guanajuato,Le?n
839,LATAM,North,Mexico,Coahuila,Saltillo
872,LATAM,North,Mexico,Coahuila,Acuna
876,LATAM,North,Mexico,Tamaulipas,Reynosa
877,LATAM,North,Mexico,Chihuahua,Chihuahua
885,LATAM,North,Mexico,Distrito Federal,Azcapotzalco
900,LATAM,North,Mexico,Campeche,Ciudad del Carmen
907,LATAM,North,Mexico,Veracruz,Poza Rica de Hidalgo
909,LATAM,North,Mexico,Sinaloa,Los Mochis
916,LATAM,North,Mexico,Yucat?n,Progreso
930,LATAM,North,Mexico,Distrito Federal,Tlalpan
955,LATAM,North,Mexico,Distrito Federal,Miguel Hidalgo
963,LATAM,North,Mexico,M?xico,Tlalnepantla
1015,LATAM,North,Mexico,Sinaloa,Guasave
1029,LATAM,North,Mexico,Coahuila,Torreon
1058,LATAM,North,Mexico,Chihuahua,Ju?rez
1123,LATAM,North,Mexico,Colima,Manzanillo
1126,LATAM,North,Mexico,Tamaulipas,Victoria
1138,LATAM,North,Mexico,Tabasco,Frontera
1165,LATAM,North,Mexico,Nuevo Le?n,General Escobedo
1208,LATAM,North,Mexico,M?xico,Ixtapaluca
1305,LATAM,North,Mexico,Guerrero,Chilpancingo
1313,LATAM,North,Mexico,Morelos,Cuernavaca
1344,LATAM,North,Mexico,Zacatecas,Fresnillo de Gonz?lez Echeverr?a
1354,LATAM,North,Mexico,Baja California,Rosarito
1356,LATAM,North,Mexico,Quer?taro,Quer?taro
1386,LATAM,North,Mexico,Chihuahua,Delicias
1393,LATAM,North,Mexico,Jalisco,Puerto Vallarta
1399,LATAM,North,Mexico,Puebla,Teziutl?n
1409,LATAM,North,Mexico,Guanajuato,Celaya
1432,LATAM,North,Mexico,Morelos,Temixco
1451,LATAM,North,Mexico,M?xico,San Pablo de las Salinas
1480,LATAM,North,Mexico,Distrito Federal,Milpa Alta
1510,LATAM,North,Mexico,Sonora,San Luis R?o Colorado
1529,LATAM,North,Mexico,Morelos,Jiutepec
1553,LATAM,North,Mexico,Puebla,Tehuac?n
1587,LATAM,North,Mexico,Michoac?n,Sahuayo de Jos? Mar?a Morelos
1589,LATAM,North,Mexico,Baja California,Ensenada
1622,LATAM,North,Mexico,Guanajuato,Silao
1628,LATAM,North,Mexico,Veracruz,C?rdoba
1650,LATAM,North,Mexico,Guanajuato,San Francisco del Rinc?n
1654,LATAM,North,Mexico,San Luis Potos?,Matehuala
1668,LATAM,North,Mexico,Coahuila,Villa Frontera
1686,LATAM,North,Mexico,Zacatecas,Zacatecas
1689,LATAM,North,Mexico,Guanajuato,Guanajuato
1703,LATAM,North,Mexico,Colima,Tecom?n
1704,LATAM,North,Mexico,Guerrero,Iguala
1716,LATAM,North,Mexico,Campeche,Campeche
1728,LATAM,North,Mexico,Oaxaca,Salina Cruz
1741,LATAM,North,Mexico,Puebla,Cholula
1747,LATAM,North,Mexico,Chiapas,Tapachula
1778,LATAM,North,Mexico,Veracruz,Altotonga
1803,LATAM,North,Mexico,Veracruz,Acayucan
1825,LATAM,North,Mexico,Hidalgo,Tulancingo
1884,LATAM,North,Mexico,Coahuila,Monclova
1913,LATAM,North,Mexico,Tamaulipas,Nuevo Laredo
1927,LATAM,North,Mexico,Tamaulipas,Miramar
1932,LATAM,North,Mexico,San Luis Potos?,Soledad D?ez Guti?rrez
1945,LATAM,North,Mexico,M?xico,Metepec
1947,LATAM,North,Mexico,Jalisco,Guzm?n
1978,LATAM,North,Mexico,Jalisco,Ocotl?n
1989,LATAM,North,Mexico,Quer?taro,San Juan del R?o
2043,LATAM,North,Mexico,M?xico,Cuautitl?n
2107,LATAM,North,Mexico,Nuevo Le?n,Cadereyta
2134,LATAM,North,Mexico,Quintana Roo,Chetumal
2147,LATAM,North,Mexico,Veracruz,Coatzacoalcos
2189,LATAM,North,Mexico,Sinaloa,Guam?chil
2260,LATAM,North,Mexico,Michoac?n,Apatzing?n de la Constituci?n
2273,LATAM,North,Mexico,Guerrero,Zihuatanejo
2295,LATAM,North,Mexico,Tamaulipas,Valle Hermoso
2316,LATAM,North,Mexico,Puebla,Iz?car de Matamoros
2321,LATAM,North,Mexico,Tamaulipas,Tampico
2344,LATAM,North,Mexico,Veracruz,Veracruz
2373,LATAM,North,Mexico,Michoac?n,Heroica Zit?cuaro
2411,LATAM,North,Mexico,M?xico,Huixquilucan
2442,LATAM,North,Mexico,Puebla,Atlixco
2529,LATAM,North,Mexico,Baja California Sur,La Paz
2530,LATAM,North,Mexico,Michoac?n,Hidalgo
2871,LATAM,North,Mexico,Jalisco,Lagos de Moreno
2879,LATAM,North,Mexico,Michoac?n,L?zaro C?rdenas
3300,LATAM,North,Mexico,Tamaulipas,R?o Bravo
3431,LATAM,North,Mexico,M?xico,Melchor Ocampo
3476,LATAM,North,Mexico,Nuevo Le?n,Linares
436,LATAM,Caribbean,Cuba,Santiago de Cuba,Palma Soriano
460,LATAM,Caribbean,Cuba,Granma,Manzanillo
466,LATAM,Caribbean,Cuba,Guantanamo,Guantanamo
498,LATAM,Caribbean,Cuba,Pinar del R?o,Pinar del R?o
500,LATAM,Caribbean,Cuba,Mayabeque,San Jose de las Lajas
505,LATAM,Caribbean,Trinidad and Tobago,San Fernando,San Fernando
520,LATAM,Caribbean,Cuba,Santiago de Cuba,Santiago de Cuba
521,Canada,Canada,Canada,Ontario,Ottawa
528,EU,North,United Kingdom,Scotland,Edinburgh
536,Canada,Canada,Canada,Ontario,Mississauga
555,Canada,Canada,Canada,Ontario,Kingston
565,EU,North,United Kingdom,Scotland,Glasgow
583,LATAM,Caribbean,Cuba,Granma,Bayamo
585,EU,North,United Kingdom,Wales,Rhondda
592,LATAM,Caribbean,Cuba,Santiago de Cuba,Contramaestre
606,LATAM,Caribbean,Cuba,Pinar del Rio,Consolacion del Sur
610,EU,North,Norway,Oslo,Oslo
616,LATAM,Caribbean,Cuba,Las Tunas,Las Tunas
626,Canada,Canada,Canada,Quebec,Montreal
634,EU,North,United Kingdom,Wales,Briton Ferry
654,EU,North,Norway,Rogaland,Sandnes
663,LATAM,Caribbean,Trinidad and Tobago,Chaguanas,Chaguanas
665,Canada,Canada,Canada,Ontario,Toronto
666,Canada,Canada,Canada,Quebec,Laval
673,Canada,Canada,Canada,British Columbia,Vancouver
674,EU,North,Finland,Uusimaa,Helsinki
678,Canada,Canada,Canada,British Columbia,Saanich
685,Canada,Canada,Canada,Ontario,North York
777,LATAM,Caribbean,Guadeloupe,Guadeloupe,Les Abymes
785,LATAM,Caribbean,Cuba,Camaguey,Camaguey
791,Canada,Canada,Canada,Ontario,Whitby
833,EU,North,Finland,Finland Proper,Turku
853,Canada,Canada,Canada,Alberta,Edmonton
879,EU,North,Finland,Uusimaa,Vantaa
898,LATAM,Caribbean,Cuba,Holguin,Holguin
919,LATAM,Caribbean,Cuba,Ciego de avila,Ciego de avila
920,LATAM,Caribbean,Jamaica,Saint Catherine,Spanish Town
921,LATAM,Caribbean,Jamaica,Saint Catherine,Portmore
931,LATAM,Caribbean,Cuba,Isla de la Juventud,Nueva Gerona
940,EU,North,United Kingdom,Wales,Cardiff
951,EU,North,Norway,Buskerud,Drammen
958,LATAM,Caribbean,Cuba,Las Tunas,Puerto Padre
1030,EU,North,Norway,Vest-Agder,Kristiansand
1040,Canada,Canada,Canada,Ontario,Oshawa
1041,EU,North,United Kingdom,Scotland,Aberdeen
1044,Canada,Canada,Canada,Nova Scotia,Halifax
1049,Canada,Canada,Canada,Alberta,Calgary
1083,LATAM,Caribbean,Cuba,Cienfuegos,Cienfuegos
1094,LATAM,Caribbean,Cuba,Artemisa,Artemisa
1120,LATAM,Caribbean,Cuba,Villa Clara,Santa Clara
1164,Canada,Canada,Canada,Ontario,Markham
1171,LATAM,Caribbean,Cuba,Ciego de ?vila,Mor?n
1177,EU,North,United Kingdom,Scotland,Paisley
1186,LATAM,Caribbean,Cuba,Matanzas,Matanzas
1232,LATAM,Caribbean,Martinique,Martinique,Fort-de-France
1234,Canada,Canada,Canada,Manitoba,Winnipeg
1235,Canada,Canada,Canada,British Columbia,Burnaby
1236,Canada,Canada,Canada,Ontario,Vaughan
1242,EU,North,Finland,Uusimaa,Espoo
1243,Canada,Canada,Canada,Saskatchewan,Regina
1248,Canada,Canada,Canada,Ontario,Hamilton
1250,LATAM,Caribbean,Cuba,Sancti Sp?ritus,Sancti Sp?ritus
1252,Canada,Canada,Canada,Ontario,Brantford
1256,Canada,Canada,Canada,Ontario,Oakville
1384,Canada,Canada,Canada,British Columbia,Richmond
1425,Canada,Canada,Canada,Ontario,Kitchener
1431,LATAM,Caribbean,Barbados,Saint Michael,Bridgetown
1469,Canada,Canada,Canada,Saskatchewan,Saskatoon
1494,EU,North,Norway,Hordaland,Bergen
1710,EU,North,Norway,Rogaland,Stavanger
1717,Canada,Canada,Canada,Ontario,Brampton
1750,LATAM,Caribbean,Cuba,Matanzas,C?rdenas
1758,Canada,Canada,Canada,Ontario,St. Catharines
1760,Canada,Canada,Canada,British Columbia,Abbotsford
1791,Canada,Canada,Canada,British Columbia,Surrey
1805,Canada,Canada,Canada,Ontario,London
1909,EU,North,United Kingdom,Wales,Barry
1942,Canada,Canada,Canada,Nova Scotia,Dartmouth
1974,EU,North,United Kingdom,Wales,Swansea
2012,EU,North,United Kingdom,Scotland,Kilwinning
2110,LATAM,Caribbean,Cuba,Holgu?n,Moa
2150,Canada,Canada,Canada,Newfoundland,St. John's
2214,Canada,Canada,Canada,Ontario,Guelph
2217,EU,North,Finland,Kymenlaakso,Kotka
2231,Canada,Canada,Canada,Ontario,Peterborough
2303,EU,North,United Kingdom,Scotland,Cumbernauld
2307,EU,North,United Kingdom,Wales,Clydach
2308,EU,North,United Kingdom,Scotland,East Kilbride
2326,Canada,Canada,Canada,Ontario,Windsor
2414,Canada,Canada,Canada,Ontario,Waterloo
2433,EU,North,United Kingdom,Scotland,Livingston
2508,EU,North,United Kingdom,Scotland,Dundee
2519,Canada,Canada,Canada,Ontario,Richmond Hill
2539,Canada,Canada,Canada,Ontario,Pickering
2560,Canada,Canada,Canada,Ontario,Burlington
2564,Canada,Canada,Canada,Ontario,Barrie
2639,EU,North,Norway,Hedmark,Hamar
2672,Canada,Canada,Canada,Quebec,Gatineau
2676,Canada,Canada,Canada,Quebec,Longueuil
2698,Canada,Canada,Canada,Alberta,Red Deer
2804,Canada,Canada,Canada,British Columbia,Coquitlam
2846,Canada,Canada,Canada,Quebec,Saint-Laurent
2898,Canada,Canada,Canada,Quebec,Quebec
3060,EU,North,Sweden,Stockholm,Nacka
3061,EU,North,Sweden,Halland,Halmstad
3062,EU,North,Denmark,South Denmark,Odense
3063,EU,North,Ireland,Dublin,Dublin
3064,EU,North,Sweden,Stockholm,Stockholm
3065,EU,North,Denmark,Central Jutland,Randers
3066,EU,North,Sweden,Stockholm,Huddinge
3067,EU,North,Denmark,Hovedstaden,Frederiksberg
3068,EU,North,Denmark,Zealand,Kalundborg
3069,EU,North,Ireland,Galway,Galway
3070,EU,North,Ireland,Cork,Cork
3071,EU,North,Sweden,Sk?ne,Lund
3072,EU,North,Sweden,Stockholm,Upplands V?sby
3073,EU,North,Sweden,V?stra G?taland,Gothenburg
3074,EU,North,Denmark,Hovedstaden,Copenhagen
3075,EU,North,Sweden,Sk?ne,Landskrona
3076,EU,North,Sweden,V?rmland,Karlstad
3230,LATAM,Caribbean,Dominican Republic,La Romana,La Romana
3231,LATAM,Caribbean,Dominican Republic,Santo Domingo,Santo Domingo
3232,LATAM,Caribbean,Dominican Republic,Duarte,San Francisco de Macor?s
3233,LATAM,Caribbean,Dominican Republic,Santiago,Santiago de los Caballeros
3234,LATAM,Caribbean,Dominican Republic,Barahona,Santa Cruz de Barahona
3235,LATAM,Caribbean,Dominican Republic,La Vega,La Vega
3236,LATAM,Caribbean,Dominican Republic,Peravia,Ban?
3237,LATAM,Caribbean,Dominican Republic,San Pedro de Macor?s,San Pedro de Macor?s
3238,LATAM,Caribbean,Dominican Republic,San Juan,San Juan de la Maguana
3239,LATAM,Caribbean,Dominican Republic,San Crist?bal,Bajos de Haina
3240,LATAM,Caribbean,Dominican Republic,Monse?or Nouel,Bonao
3241,LATAM,Caribbean,Haiti,Ouest,Carrefour
3324,EU,North,Denmark,South Denmark,Esbjerg
3325,EU,North,Sweden,Uppsala,Uppsala
3326,EU,North,Sweden,Stockholm,Haninge
3327,EU,North,Sweden,Sk?ne,Helsingborg
3328,EU,North,Ireland,South Dublin,Tallaght
3342,LATAM,Caribbean,Haiti,Artibonite,Gona?ves
3399,LATAM,Caribbean,Dominican Republic,Espaillat,Moca
3400,EU,North,Sweden,Stockholm,Solna
3454,EU,North,Sweden,S?dermanland,Eskilstuna
3485,EU,North,Denmark,South Denmark,Sonderborg
380,LATAM,Central,El Salvador,San Salvador,Soyapango
382,LATAM,Central,El Salvador,San Salvador,San Salvador
385,LATAM,Central,El Salvador,San Salvador,Delgado
386,LATAM,Central,Guatemala,Huehuetenango,Huehuetenango
387,EU,Central,Austria,Vienna,Vienna
388,LATAM,Central,Nicaragua,Managua,Managua
390,LATAM,Central,Guatemala,Guatemala,Villa Nueva
391,LATAM,Central,Guatemala,Guatemala,Guatemala City
395,LATAM,Central,Guatemala,Guatemala,Mixco
398,LATAM,Central,Nicaragua,Masaya,Masaya
408,LATAM,Central,Nicaragua,Granada,Granada
411,LATAM,Central,El Salvador,La Libertad,Antiguo Cuscatlan
412,LATAM,Central,El Salvador,San Salvador,Mejicanos
414,LATAM,Central,El Salvador,San Salvador,Apopa
415,LATAM,Central,Guatemala,Guatemala,Villa Canales
416,LATAM,Central,El Salvador,Santa Ana,Santa Ana
417,EU,Central,Belgium,East Flanders,Ghent
418,LATAM,Central,El Salvador,San Salvador,Ilopango
419,LATAM,Central,Guatemala,Guatemala,Petapa
420,EU,Central,Belgium,Limburg,Genk
421,LATAM,Central,El Salvador,Sonsonate,Sonsonate
422,EU,Central,Switzerland,Bern,Berne
424,LATAM,Central,Guatemala,Guatemala,Chinautla
425,LATAM,Central,Nicaragua,Matagalpa,Matagalpa
428,LATAM,Central,Guatemala,Escuintla,Escuintla
429,LATAM,Central,Nicaragua,Le?n,Le?n
800,EU,Central,Belgium,Antwerp,Antwerp
828,EU,Central,Switzerland,Z?rich,Zurich
838,EU,Central,Belgium,Hainaut,Charleroi
863,LATAM,Central,Nicaragua,Managua,Tipitapa
965,LATAM,Central,Guatemala,Guatemala,Amatitlan
966,LATAM,Central,Guatemala,Chimaltenango,Chimaltenango
967,LATAM,Central,Nicaragua,Chinandega,Chinandega
968,LATAM,Central,Nicaragua,Esteli,Esteli
980,EU,Central,Switzerland,Basel-Stadt,Basel
998,EU,Central,Austria,Upper Austria,Linz
1065,LATAM,Central,Guatemala,Quezaltenango,Quetzaltenango
1097,EU,Central,Belgium,Brussels,Brussels
1133,EU,Central,Belgium,Namur,Namur
1142,EU,Central,Belgium,Limburg,Hasselt
1146,LATAM,Central,El Salvador,San Salvador,Cuscatancingo
1319,LATAM,Central,El Salvador,Cuscatl?n,San Mart?n
1518,EU,Central,Austria,Upper Austria,Wels
1552,EU,Central,Austria,Carinthia,Villach
1611,EU,Central,Austria,Styria,Graz
1767,EU,Central,Belgium,Flemish Brabant,Leuven
1831,EU,Central,Austria,Tyrol,Innsbruck
1838,EU,Central,Belgium,West Flanders,Kortrijk
1846,EU,Central,Switzerland,St. Gallen,St. Gallen
1881,EU,Central,Belgium,Hainaut,Tournai
1911,EU,Central,Switzerland,Geneva,Geneva
2079,EU,Central,Austria,Salzburg,Salzburg
2092,EU,Central,Belgium,West Flanders,Roeselare
2102,EU,Central,Belgium,West Flanders,Bruges
2125,EU,Central,Switzerland,Vaud,Lausanne
2133,EU,Central,Belgium,Limburg,Peer
2196,EU,Central,Belgium,East Flanders,Hamme
2199,EU,Central,Belgium,Li?ge,Seraing
2206,EU,Central,Switzerland,Z?rich,Winterthur
2270,EU,Central,Austria,Carinthia,Klagenfurt
2371,EU,Central,Switzerland,Lucerne,Lucerne
2424,EU,Central,Belgium,East Flanders,Aalst
2534,EU,Central,Belgium,Antwerp,Mechelen
2680,EU,Central,Belgium,Li?ge,Verviers
2759,EU,Central,Belgium,Hainaut,Mouscron
3083,EU,Central,Netherlands,North Brabant,Helmond
3084,EU,Central,Netherlands,Gelderland,Apeldoorn
3085,EU,Central,Netherlands,North Brabant,Breda
3086,EU,Central,Netherlands,Groningen,Groningen
3087,EU,Central,Netherlands,South Holland,The Hague
3088,EU,Central,Netherlands,Drenthe,Emmen
3089,EU,Central,Netherlands,North Holland,Amsterdam
3090,EU,Central,Netherlands,North Holland,Haarlem
3091,EU,Central,Netherlands,North Brabant,Eindhoven
3092,EU,Central,Netherlands,South Holland,Schiedam
3093,EU,Central,Netherlands,Friesland,Leeuwarden
3094,EU,Central,Netherlands,Overijssel,Deventer
3095,EU,Central,Netherlands,Utrecht,Utrecht
3096,EU,Central,Netherlands,South Holland,Spijkenisse
3097,EU,Central,Netherlands,North Brabant,Bergen op Zoom
3098,EU,Central,Netherlands,Utrecht,Zeist
3099,EU,Central,Netherlands,Limburg,Heerlen
3100,EU,Central,Netherlands,South Holland,Vlaardingen
3101,EU,Central,Netherlands,North Holland,Den Helder
3102,EU,Central,Netherlands,North Holland,Purmerend
3103,EU,Central,Netherlands,Utrecht,Nieuwegein
3104,EU,Central,Netherlands,Limburg,Sittard
3105,EU,Central,Netherlands,South Holland,Rotterdam
3106,EU,Central,Netherlands,Limburg,Maastricht
3107,EU,Central,Netherlands,Utrecht,Amersfoort
3242,LATAM,Central,Panama,Panama,Arraij?n
3243,LATAM,Central,Panama,Panama,San Miguelito
3244,LATAM,Central,Honduras,Francisco Moraz?n,Tegucigalpa
3249,LATAM,Central,Honduras,Choluteca,Choluteca
3253,LATAM,Central,Panama,Panama,Panama City
3254,LATAM,Central,Honduras,Yoro,El Progreso
3256,LATAM,Central,Panama,Panama,La Chorrera
3257,LATAM,Central,Honduras,Cort?s,Choloma
3258,LATAM,Central,Honduras,Cort?s,San Pedro Sula
3263,LATAM,Central,Honduras,Atl?ntida,La Ceiba
3267,LATAM,Central,Panama,Col?n,Col?n
3281,LATAM,Central,Panama,Chiriqu?,David
3329,EU,Central,Netherlands,Overijssel,Zwolle
3330,EU,Central,Netherlands,Overijssel,Almelo
3331,EU,Central,Netherlands,Overijssel,Enschede
3332,EU,Central,Netherlands,South Holland,Dordrecht
3333,EU,Central,Netherlands,North Holland,Zaanstad
3334,EU,Central,Netherlands,Drenthe,Assen
3335,EU,Central,Netherlands,Gelderland,Nijmegen
3336,EU,Central,Netherlands,North Holland,Alkmaar
3337,EU,Central,Netherlands,North Brabant,Oosterhout
3378,EU,Central,Netherlands,North Holland,Amstelveen
3381,EU,Central,Netherlands,Overijssel,Hengelo
3384,EU,Central,Netherlands,North Holland,Velsen
3405,EU,Central,Netherlands,North Holland,Hilversum
3406,EU,Central,Netherlands,South Holland,Alphen aan den Rijn
3438,EU,Central,Netherlands,South Holland,Delft
3439,EU,Central,Netherlands,North Brabant,Tilburg
3441,EU,Central,Netherlands,North Brabant,Roosendaal
3442,EU,Central,Netherlands,North Holland,Uithoorn
3443,EU,Central,Netherlands,Utrecht,Veenendaal
3467,EU,Central,Netherlands,South Holland,Leiden
3497,EU,Central,Netherlands,Limburg,Venlo
3501,EU,Central,Netherlands,North Brabant,Oss
3505,EU,Central,Netherlands,Zeeland,Terneuzen
3534,EU,Central,Netherlands,Overijssel,Hardenberg
3535,EU,Central,Netherlands,Limburg,Roermond
3536,EU,Central,Netherlands,Gelderland,Arnhem
3537,EU,Central,Netherlands,South Holland,Capelle aan den IJssel
3538,EU,Central,Netherlands,Gelderland,Barneveld
3539,EU,Central,Netherlands,Gelderland,Doetinchem
431,Africa,Africa,South Africa,Free State,Bloemfontein
434,Africa,Africa,South Africa,Gauteng,Johannesburg
435,Africa,Africa,Democratic Republic of the Congo,Orientale,Kisangani
442,Africa,Africa,Niger,Niamey,Niamey
457,Africa,Africa,Madagascar,Haute-Matsiatra,Fianarantsoa
469,Africa,Africa,Egypt,Bur Sa'id,Port Said
478,Africa,Africa,Egypt,Al Qahirah,Cairo
486,Africa,Africa,Morocco,Marrakech-Tensift-El Haouz,Marrakech
493,Africa,Africa,Cameroon,Centre,Yaounde
502,Africa,Africa,Ghana,Ashanti,Kumasi
509,Africa,Africa,Morocco,Doukkala-Abda,Safi
525,Africa,Africa,Chad,Mandoul,Koumra
526,Africa,Africa,Kenya,Central,Thika
537,Africa,Africa,Djibouti,Djibouti,Djibouti
547,Africa,Africa,Morocco,Grand Casablanca,Casablanca
560,Africa,Africa,Zambia,Copperbelt,Ndola
568,Africa,Africa,Angola,Luanda,Luanda
588,Africa,Africa,Tanzania,Dar Es Salaam,Dar es Salaam
599,Africa,Africa,Democratic Republic of the Congo,Kinshasa,Kinshasa
621,Africa,Africa,Ghana,Greater Accra,Accra
625,Africa,Africa,Sierra Leone,Southern,Bo
630,Africa,Africa,South Africa,Kwazulu-natal,Pietermaritzburg
656,Africa,Africa,South Africa,Western Cape,Cape Town
662,Africa,Africa,South Africa,Gauteng,Pretoria
737,Africa,Africa,Cameroon,Extreme-Nord,Maroua
738,Africa,Africa,Liberia,Montserrado,Monrovia
739,Africa,Africa,Morocco,Souss-Massa-Dra?,Agadir
740,Africa,Africa,Guinea-Bissau,Bissau,Bissau
741,Africa,Africa,Zambia,Central,Kabwe
742,Africa,Africa,Egypt,Al Gharbiyah,Tanta
743,Africa,Africa,Somalia,Banaadir,Mogadishu
744,Africa,Africa,Zambia,Copperbelt,Chililabombwe
745,Africa,Africa,Madagascar,Analamanga,Antananarivo
746,Africa,Africa,Senegal,Dakar,Dakar
747,Africa,Africa,Egypt,Al Iskandariyah,Alexandria
748,Africa,Africa,Zambia,Copperbelt,Chingola
749,Africa,Africa,Tunisia,Tunis,Tunis
750,Africa,Africa,Democratic Republic of the Congo,Kasai-Occidental,Kananga
751,Africa,Africa,Morocco,Taza-Al Hoceima-Taounate,Taza
752,Africa,Africa,Morocco,Rabat-Sal?-Zemmour-Zaer,Sale
753,Africa,Africa,Mali,Bamako,Bamako
754,Africa,Africa,Algeria,Annaba,Annaba
755,Africa,Africa,South Africa,Gauteng,Roodepoort
756,Africa,Africa,Democratic Republic of the Congo,Katanga,Lubumbashi
757,Africa,Africa,Kenya,Nyanza,Kisumu
758,Africa,Africa,Cameroon,Est,Bertoua
759,Africa,Africa,Tanzania,Arusha,Arusha
760,Africa,Africa,Morocco,Mekn?s-Tafilalet,Meknes
761,Africa,Africa,South Africa,Eastern Cape,Port Elizabeth
762,Africa,Africa,South Africa,Kwazulu-natal,Mpumalanga
763,Africa,Africa,Benin,Littoral,Cotonou
764,Africa,Africa,Kenya,Nairobi,Nairobi
765,Africa,Africa,Algeria,Constantine,Constantine
766,Africa,Africa,Ethiopia,Dire Dawa,Dire Dawa
767,Africa,Africa,Libya,Banghazi,Benghazi
768,Africa,Africa,Algeria,Sidi Bel Abbes,Sidi Bel Abbes
769,Africa,Africa,Mozambique,Tete,Tete
770,Africa,Africa,Algeria,Alger,Algiers
779,Africa,Africa,Democratic Republic of the Congo,Katanga,Likasi
801,Africa,Africa,Togo,Maritime,Lome
807,Africa,Africa,Zambia,Copperbelt,Kitwe
819,Africa,Africa,Algeria,Bechar,Bechar
822,Africa,Africa,Egypt,Suhaj,Girga
823,Africa,Africa,Mozambique,Cidade De Maputo,Maputo
837,Africa,Africa,Ghana,Northern,Tamale
841,Africa,Africa,Cameroon,Nord-Ouest,Bamenda
854,Africa,Africa,Morocco,Tanger-T?touan,Tetouan
855,Africa,Africa,Democratic Republic of the Congo,Katanga,Kolwezi
861,Africa,Africa,Cote d'Ivoire,Vallee Du Bandama,Bouake
1017,Africa,Africa,Morocco,F?s-Boulemane,Fes
1020,Africa,Africa,Mozambique,Maputo,Matola
1027,Africa,Africa,Senegal,Thies,Thies Nones
1036,Africa,Africa,Lesotho,Maseru,Maseru
1046,Africa,Africa,Egypt,Al Bahr Al Ahmar,Hurghada
1051,Africa,Africa,Tanzania,Morogoro,Morogoro
1052,Africa,Africa,Cote d'Ivoire,Lagunes,Abidjan
1055,Africa,Africa,Kenya,Coast,Mombasa
1060,Africa,Africa,Somalia,Jubbada Hoose,Kismaayo
1066,Africa,Africa,Democratic Republic of the Congo,Katanga,Kalemie
1072,Africa,Africa,Democratic Republic of the Congo,South Kivu,Bukavu
1081,Africa,Africa,Morocco,Tanger-T?touan,Larache
1085,Africa,Africa,Egypt,Aswan,Aswan
1088,Africa,Africa,Tanzania,Mbeya,Mbeya
1090,Africa,Africa,Benin,Alibori,Kandi
1093,Africa,Africa,South Africa,Gauteng,Soweto
1098,Africa,Africa,Cote d'Ivoire,Lacs,Yamoussoukro
1100,Africa,Africa,Cameroon,Nord,Garoua
1158,Africa,Africa,South Africa,North-West,Potchefstroom
1163,Africa,Africa,Somalia,Woqooyi Galbeed,Hargeysa
1169,Africa,Africa,Rwanda,Kigali,Kigali
1172,Africa,Africa,South Africa,Western Cape,George
1181,Africa,Africa,South Africa,Eastern Cape,East London
1209,Africa,Africa,Algeria,Oran,Oran
1225,Africa,Africa,Tanzania,Shinyanga,Shinyanga
1227,Africa,Africa,Morocco,Rabat-Sal?-Zemmour-Zaer,Rabat
1285,Africa,Africa,Zambia,Lusaka,Lusaka
1286,Africa,Africa,Sudan,Red Sea,Bur Sudan
1287,Africa,Africa,Democratic Republic of the Congo,South Kivu,Uvira
1288,Africa,Africa,Tanzania,Kilimanjaro,Moshi
1289,Africa,Africa,Guinea,Nz?r?kor?,Nzerekore
1290,Africa,Africa,South Africa,Kwazulu-natal,Stanger
1291,Africa,Africa,South Africa,Kwazulu-natal,Durban
1292,Africa,Africa,Benin,Donga,Djougou
1293,Africa,Africa,Cameroon,Ouest,Foumban
1294,Africa,Africa,South Africa,Gauteng,Boksburg
1295,Africa,Africa,Tanzania,Mwanza,Mwanza
1296,Africa,Africa,South Africa,North-West,Rustenburg
1297,Africa,Africa,Cameroon,Ouest,Bafoussam
1298,Africa,Africa,Mozambique,Sofala,Beira
1299,Africa,Africa,Mozambique,Manica,Chimoio
1300,Africa,Africa,Benin,Atlantique,Ouidah
1301,Africa,Africa,Morocco,Tanger-T?touan,Tangier
1302,Africa,Africa,Republic of the Congo,Niari,Loubomo
1303,Africa,Africa,South Africa,Gauteng,Springs
1304,Africa,Africa,Sudan,White Nile,Ad Diwem
1308,Africa,Africa,Namibia,Khomas,Windhoek
1317,Africa,Africa,Angola,Benguela,Benguela
1320,Africa,Africa,Senegal,Ziguinchor,Ziguinchor
1321,Africa,Africa,South Africa,Mpumalanga,eMbalenhle
1350,Africa,Africa,Central African Republic,Bangui,Bangui
1365,Africa,Africa,Egypt,Qina,Qena
1371,Africa,Africa,Eritrea,Anseba,Keren
1374,Africa,Africa,Libya,Misratah,Misratah
1375,Africa,Africa,Algeria,Tlemcen,Tlemcen
1378,Africa,Africa,Morocco,Grand Casablanca,Mohammedia
1382,Africa,Africa,Togo,Kara,Kara
1392,Africa,Africa,Algeria,Guelma,Guelma
1406,Africa,Africa,Cote d'Ivoire,Haut-Sassandra,Daloa
1428,Africa,Africa,Egypt,Al Minya,Al Minya
1447,Africa,Africa,Niger,Maradi,Maradi
1453,Africa,Africa,Guinea,Kindia,Kindia
1455,Africa,Africa,Benin,Ou?m?,Porto-Novo
1486,Africa,Africa,Tanzania,Tabora,Tabora
1493,Africa,Africa,Morocco,Gharb-Chrarda-B?ni Hssen,Kenitra
1524,Africa,Africa,South Africa,Kwazulu-natal,Newcastle
1554,Africa,Africa,South Africa,North-West,Vryburg
1575,Africa,Africa,Algeria,Bejaia,Bejaia
1590,Africa,Africa,Zambia,Copperbelt,Luanshya
1640,Africa,Africa,Sudan,Kassala,Kassala
1649,Africa,Africa,Democratic Republic of the Congo,Kasai-Oriental,Mbuji-mayi
1663,Africa,Africa,Mali,Kayes,Kayes
1667,Africa,Africa,Angola,Huambo,Huambo
1671,Africa,Africa,Libya,Al Marqab,Al Khums
1673,Africa,Africa,Zambia,Southern,Livingstone
1682,Africa,Africa,Sudan,Khartoum,Khartoum
1684,Africa,Africa,Democratic Republic of the Congo,Maniema,Kindu
1687,Africa,Africa,Egypt,Al Fayyum,Al Fayyum
1694,Africa,Africa,Kenya,Rift Valley,Nakuru
1699,Africa,Africa,Zambia,Eastern,Chipata
1701,Africa,Africa,Tanzania,Kigoma,Uvinza
1719,Africa,Africa,South Africa,Western Cape,Stellenbosch
1727,Africa,Africa,South Africa,Gauteng,Vereeniging
1733,Africa,Africa,Algeria,Tizi Ouzou,Boghni
1738,Africa,Africa,Algeria,Djelfa,Ain Oussera
1769,Africa,Africa,Sierra Leone,Eastern,Koidu
1773,Africa,Africa,Algeria,Medea,Medea
1775,Africa,Africa,Mauritania,Nouakchott,Nouakchott
1777,Africa,Africa,Mozambique,Niassa,Lichinga
1779,Africa,Africa,Cameroon,Adamaoua,Ngaoundere
1790,Africa,Africa,Liberia,Grand Gedeh,Zwedru
1792,Africa,Africa,Sudan,Gezira,Wad Madani
1796,Africa,Africa,Democratic Republic of the Congo,Bandundu,Bandundu
1798,Africa,Africa,Egypt,Ash Sharqiyah,Bilbeis
1809,Africa,Africa,Tanzania,Mbeya,Igurusi
1815,Africa,Africa,Morocco,Guelmim-Es Semara,Guelmim
1821,Africa,Africa,Togo,Plateaux,Atakpame
1823,Africa,Africa,Tanzania,Mtwara,Mtwara
1892,Africa,Africa,Swaziland,Manzini,Manzini
1916,Africa,Africa,Egypt,Aswan,Idfu
1919,Africa,Africa,Morocco,Doukkala-Abda,El Jadida
1931,Africa,Africa,Gabon,Estuaire,Libreville
1936,Africa,Africa,Democratic Republic of the Congo,Bas-Congo,Matadi
1940,Africa,Africa,Angola,Namibe,Namibe
1962,Africa,Africa,Cote d'Ivoire,Fromager,Gagnoa
1963,Africa,Africa,Zambia,Copperbelt,Mufulira
1964,Africa,Africa,Egypt,Al Gharbiyah,Al Mahallah al Kubra
1965,Africa,Africa,Democratic Republic of the Congo,Equateur,Mbandaka
1966,Africa,Africa,Morocco,Tadla-Azilal,Beni Mellal
1967,Africa,Africa,Morocco,Chaouia-Ouardigha,Settat
1968,Africa,Africa,South Africa,Kwazulu-natal,Ulundi
1969,Africa,Africa,South Africa,Gauteng,Randfontein
2053,Africa,Africa,Egypt,Ash Sharqiyah,Abu Kabir
2054,Africa,Africa,South Africa,Gauteng,Westonaria
2073,Africa,Africa,Guinea,Kankan,Kankan
2080,Africa,Africa,Algeria,Batna,Batna
2084,Africa,Africa,Egypt,Al Minya,Mallawi
2138,Africa,Africa,Egypt,Kafr Ash Shaykh,Disuq
2140,Africa,Africa,Mali,Mopti,Mopti
2153,Africa,Africa,Morocco,Rabat-Sal?-Zemmour-Zaer,Khemisset
2156,Africa,Africa,Mozambique,Nampula,Nampula
2159,Africa,Africa,Benin,Borgou,Parakou
2176,Africa,Africa,Algeria,Saida,Saida
2184,Africa,Africa,Mozambique,Zambezia,Quelimane
2192,Africa,Africa,Algeria,Mostaganem,Mostaganem
2204,Africa,Africa,Madagascar,Atsinanana,Toamasina
2212,Africa,Africa,Madagascar,Boeny,Mahajanga
2224,Africa,Africa,Egypt,Suhaj,Sohag
2225,Africa,Africa,Algeria,Tipaza,Baraki
2226,Africa,Africa,South Africa,Gauteng,Mabopane
2228,Africa,Africa,Senegal,Saint-Louis,Saint-Louis
2233,Africa,Africa,Ghana,Central,Cape Coast
2238,Africa,Africa,Benin,Atakora,Natitingou
2247,Africa,Africa,Egypt,Suhaj,Akhmim
2248,Africa,Africa,Cameroon,Sud,Ebolowa
2282,Africa,Africa,Algeria,Djelfa,Messaad
2285,Africa,Africa,Democratic Republic of the Congo,Bandundu,Kikwit
2291,Africa,Africa,South Africa,Gauteng,Centurion
2330,Africa,Africa,South Africa,Mpumalanga,Volksrust
2331,Africa,Africa,Morocco,Chaouia-Ouardigha,Khouribga
2332,Africa,Africa,Cameroon,Littoral,Nkongsamba
2333,Africa,Africa,Mozambique,Inhambane,Maxixe
2340,Africa,Africa,Tanzania,Pwani,Chalinze
2347,Africa,Africa,Morocco,Gharb-Chrarda-B?ni Hssen,Sidi Qacem
2350,Africa,Africa,Morocco,Mekn?s-Tafilalet,Khenifra
2354,Africa,Africa,Sudan,Gezira,Al Manaqil
2355,Africa,Africa,South Africa,Limpopo,Giyani
2375,Africa,Africa,Algeria,Batna,Barika
2386,Africa,Africa,Togo,Centrale,Sokode
2421,Africa,Africa,Angola,Malanje,Malanje
2422,Africa,Africa,South Africa,Gauteng,Tembisa
2426,Africa,Africa,Madagascar,Diana,Antsiranana
2428,Africa,Africa,Niger,Diffa,Nguigmi
2435,Africa,Africa,Cameroon,Littoral,Edea
2440,Africa,Africa,Cameroon,Sud-Ouest,Kumba
2488,Africa,Africa,South Africa,Eastern Cape,Umtata
2489,Africa,Africa,Algeria,Skikda,Skikda
2513,Africa,Africa,Egypt,Kafr Ash Shaykh,Kafr ash Shaykh
2514,Africa,Africa,Tanzania,Kigoma,Kigoma
2518,Africa,Africa,Sierra Leone,Northern,Makeni
2532,Africa,Africa,Benin,Mono,Lokossa
2543,Africa,Africa,Equatorial Guinea,Litoral,Bata
2547,Africa,Africa,Cote d'Ivoire,Dix-Huit Montagnes,Man
2566,Africa,Africa,Egypt,Matruh,Marsa Matruh
2599,Africa,Africa,Angola,Bie,Kuito
2607,Africa,Africa,Egypt,Al Buhayrah,Kafr ad Dawwar
2609,Africa,Africa,Madagascar,Atsimo-Andrefana,Toliara
2620,Africa,Africa,Rwanda,Southern,Butare
2622,Africa,Africa,South Africa,Gauteng,Krugersdorp
2625,Africa,Africa,Zambia,Northern,Kasama
2661,Africa,Africa,Rwanda,Southern,Gitarama
2664,Africa,Africa,Egypt,Asyut,Asyut
2665,Africa,Africa,Egypt,Bani Suwayf,Beni Suef
2666,Africa,Africa,Niger,Zinder,Zinder
2669,Africa,Africa,Morocco,Chaouia-Ouardigha,Berrechid
2671,Africa,Africa,Egypt,Suhaj,Tahta
2673,Africa,Africa,Algeria,Djelfa,Dar Chioukh
2675,Africa,Africa,Tanzania,Mara,Musoma
2699,Africa,Africa,Algeria,Laghouat,Laghouat
2707,Africa,Africa,South Africa,Gauteng,Vanderbijlpark
2723,Africa,Africa,Mozambique,Cabo Delgado,Pemba
2725,Africa,Africa,Tanzania,Pwani,Bagamoyo
2740,Africa,Africa,Angola,Huila,Lubango
2742,Africa,Africa,South Africa,Gauteng,Benoni
2754,Africa,Africa,Kenya,Eastern,Marsabit
2757,Africa,Africa,South Sudan,Central Equatoria,Juba
2774,Africa,Africa,Cameroon,Littoral,Loum
2780,Africa,Africa,Egypt,Al Buhayrah,Damanhur
2799,Africa,Africa,Burundi,Bujumbura-Mairie,Bujumbura
2817,Africa,Africa,Ghana,Eastern,Koforidua
2827,Africa,Africa,Cameroon,Sud-Ouest,Limbe
2863,Africa,Africa,South Africa,Free State,Botshabelo
2867,Africa,Africa,Mali,Sikasso,Sikasso
2873,Africa,Africa,Democratic Republic of the Congo,Katanga,Kamina
2897,Africa,Africa,Cote d'Ivoire,Savanes,Korhogo
2899,Africa,Africa,Egypt,Al Minufiyah,Minuf
2905,Africa,Africa,Egypt,Al Minya,Samalut
2906,Africa,Africa,Tanzania,Tanga,Tanga
3017,Africa,Africa,Nigeria,Kano,Kano
3018,Africa,Africa,Nigeria,Lagos,Lagos
3019,Africa,Africa,Nigeria,Imo,Owerri
3020,Africa,Africa,Nigeria,Rivers,Port Harcourt
3021,Africa,Africa,Nigeria,Akwa Ibom,Ikot Ekpene
3022,Africa,Africa,Nigeria,Edo,Benin City
3023,Africa,Africa,Nigeria,Kaduna,Kaduna
3024,Africa,Africa,Nigeria,Borno,Maiduguri
3025,Africa,Africa,Nigeria,Ogun,Shagamu
3026,Africa,Africa,Nigeria,Bauchi,Bauchi
3027,Africa,Africa,Nigeria,Benue,Makurdi
3028,Africa,Africa,Nigeria,Kaduna,Zaria
3029,Africa,Africa,Nigeria,Delta,Warri
3030,Africa,Africa,Nigeria,Oyo,Ibadan
3031,Africa,Africa,Nigeria,Plateau,Jos
3032,Africa,Africa,Nigeria,Cross River,Calabar
3033,Africa,Africa,Nigeria,Kwara,Ilorin
3034,Africa,Africa,Nigeria,Abia,Aba
3035,Africa,Africa,Nigeria,Enugu,Enugu
3036,Africa,Africa,Nigeria,Osun,Ilesha
3037,Africa,Africa,Nigeria,Niger,Minna
3038,Africa,Africa,Nigeria,Katsina,Katsina
3039,Africa,Africa,Nigeria,Abuja Capital Territory,Abuja
3051,Africa,Africa,Uganda,Kampala,Kampala
3052,Africa,Africa,Zimbabwe,Harare,Chitungwiza
3053,Africa,Africa,Zimbabwe,Bulawayo,Bulawayo
3058,Africa,Africa,Zimbabwe,Harare,Harare
3301,Africa,Africa,Nigeria,Ondo,Akure
3302,Africa,Africa,Nigeria,Ondo,Owo
3303,Africa,Africa,Nigeria,Anambra,Onitsha
3304,Africa,Africa,Nigeria,Yobe,Damaturu
3305,Africa,Africa,Nigeria,Cross River,Ugep
3306,Africa,Africa,Nigeria,Gombe,Gombe
3307,Africa,Africa,Nigeria,Adamawa,Mubi
3308,Africa,Africa,Nigeria,Katsina,Funtua
3311,Africa,Africa,Zimbabwe,Matabeleland North,Victoria Falls
3312,Africa,Africa,Uganda,Kabarole,Fort Portal
3314,Africa,Africa,Zimbabwe,Manicaland,Mutare
3380,Africa,Africa,Zimbabwe,Harare,Epworth
3397,Africa,Africa,Uganda,Jinja,Jinja
3416,Africa,Africa,Uganda,Gulu,Gulu
3418,Africa,Africa,Nigeria,Zamfara,Gusau
3419,Africa,Africa,Nigeria,Sokoto,Sokoto
3420,Africa,Africa,Nigeria,Delta,Sapele
3425,Africa,Africa,Tanzania,Ruvuma,Mbinga
3440,Africa,Africa,Nigeria,Ogun,Abeokuta
3456,Africa,Africa,Tanzania,Iringa,Iringa
3487,Africa,Africa,Nigeria,Ebonyi,Abakaliki
3510,Africa,Africa,Zimbabwe,Mashonaland West,Kadoma
437,EU,North,United Kingdom,England,Wigan
451,EU,North,United Kingdom,England,Hastings
471,EU,North,United Kingdom,England,Bebington
476,EU,North,United Kingdom,England,Cheltenham
489,EU,North,United Kingdom,England,Nottingham
499,EU,North,United Kingdom,England,Leeds
503,EU,North,United Kingdom,England,Aylesbury
517,EU,North,United Kingdom,England,Northwich
527,EU,North,United Kingdom,England,Maidenhead
529,EU,North,United Kingdom,England,Bury
544,EU,North,United Kingdom,England,Kettering
549,EU,North,United Kingdom,England,Kingswood
553,EU,North,United Kingdom,England,Burnley
556,EU,North,United Kingdom,England,Lincoln
561,EU,North,United Kingdom,England,Solihull
579,EU,North,United Kingdom,England,Blackpool
584,EU,North,United Kingdom,England,Northampton
598,EU,North,United Kingdom,England,Bristol
618,EU,North,United Kingdom,England,Stoke-on-Trent
629,EU,North,United Kingdom,England,Brighton
633,EU,North,United Kingdom,England,Preston
636,EU,North,United Kingdom,England,West Bromwich
688,EU,North,United Kingdom,England,Poole
772,EU,North,United Kingdom,England,Manchester
790,EU,North,United Kingdom,England,High Wycombe
849,EU,North,United Kingdom,England,Bradford
886,EU,North,United Kingdom,England,Ipswich
904,EU,North,United Kingdom,England,Watford
910,EU,North,United Kingdom,England,Wolverhampton
923,EU,North,United Kingdom,England,Tamworth
929,EU,North,United Kingdom,England,Halesowen
932,EU,North,United Kingdom,England,Mansfield
934,EU,North,United Kingdom,England,Farnborough
938,EU,North,United Kingdom,England,Portsmouth
947,EU,North,United Kingdom,England,Luton
952,EU,North,United Kingdom,England,Stourbridge
957,EU,North,United Kingdom,England,South Shields
962,EU,North,United Kingdom,England,Bolton
1037,EU,North,United Kingdom,England,Worcester
1099,EU,North,United Kingdom,England,Torquay
1119,EU,North,United Kingdom,England,Hartlepool
1154,EU,North,United Kingdom,England,Coventry
1178,EU,North,United Kingdom,England,Washington
1182,EU,North,United Kingdom,England,Middlesbrough
1195,EU,North,United Kingdom,England,Oldham
1204,EU,North,United Kingdom,England,Warrington
1206,EU,North,United Kingdom,England,Plymouth
1223,EU,North,United Kingdom,England,Southend-on-Sea
1229,EU,North,United Kingdom,England,Peterborough
1230,EU,North,United Kingdom,England,Doncaster
1246,EU,North,United Kingdom,England,Leicester
1254,EU,North,United Kingdom,England,Harrow
1366,EU,North,United Kingdom,England,Newcastle upon Tyne
1376,EU,North,United Kingdom,England,Chesterfield
1385,EU,North,United Kingdom,England,Exeter
1397,EU,North,United Kingdom,England,Colchester
1416,EU,North,United Kingdom,England,Reading
1439,EU,North,United Kingdom,England,Margate
1449,EU,North,United Kingdom,England,York
1487,EU,North,United Kingdom,England,Stockport
1500,EU,North,United Kingdom,England,Chester
1537,EU,North,United Kingdom,England,Redditch
1580,EU,North,United Kingdom,England,Loughborough
1606,EU,North,United Kingdom,England,Hinckley
1632,EU,North,United Kingdom,England,Bath
1676,EU,North,United Kingdom,England,Rotherham
1679,EU,North,United Kingdom,England,Bournemouth
1680,EU,North,United Kingdom,England,Rochdale
1683,EU,North,United Kingdom,England,Stockton-on-Tees
1698,EU,North,United Kingdom,England,Basildon
1715,EU,North,United Kingdom,England,Eastbourne
1740,EU,North,United Kingdom,England,Great Yarmouth
1744,EU,North,United Kingdom,England,Rottingdean
1749,EU,North,United Kingdom,England,Darlington
1754,EU,North,United Kingdom,England,Fareham
1762,EU,North,United Kingdom,England,Dartford
1764,EU,North,United Kingdom,England,Bognor Regis
1770,EU,North,United Kingdom,England,Hereford
1784,EU,North,United Kingdom,England,Liverpool
1787,EU,North,United Kingdom,England,Garforth
1797,EU,North,United Kingdom,England,Waterlooville
1827,EU,North,United Kingdom,England,Woking
1833,EU,North,United Kingdom,England,Widnes
1835,EU,North,United Kingdom,England,Chelmsford
1836,EU,North,United Kingdom,England,Birkenhead
1837,EU,North,United Kingdom,England,Gateshead
1839,EU,North,United Kingdom,England,Weston-super-Mare
1841,EU,North,United Kingdom,England,Sale
1842,EU,North,United Kingdom,England,Bedford
1844,EU,North,United Kingdom,England,Hemel Hempstead
1845,EU,North,United Kingdom,England,Swindon
1847,EU,North,United Kingdom,England,Hove
1849,EU,North,United Kingdom,England,Clacton-on-Sea
1877,EU,North,United Kingdom,England,Derby
1895,EU,North,United Kingdom,England,Barnsley
1904,EU,North,United Kingdom,England,Norwich
1930,EU,North,United Kingdom,England,Runcorn
1943,EU,North,United Kingdom,England,Ashford
1971,EU,North,United Kingdom,England,Sunderland
1992,EU,North,United Kingdom,England,Taunton
2005,EU,North,United Kingdom,England,Cambridge
2008,EU,North,United Kingdom,England,Stafford
2019,EU,North,United Kingdom,England,Gosport
2041,EU,North,United Kingdom,England,Wallasey
2046,EU,North,United Kingdom,England,Carlisle
2062,EU,North,United Kingdom,England,Kidderminster
2069,EU,North,United Kingdom,England,Bracknell
2072,EU,North,United Kingdom,England,Rugby
2093,EU,North,United Kingdom,England,Gloucester
2097,EU,North,United Kingdom,England,Nuneaton
2115,EU,North,United Kingdom,England,Worthing
2144,EU,North,United Kingdom,England,Dewsbury
2164,EU,North,United Kingdom,England,Dudley
2185,EU,North,United Kingdom,England,Chatham
2190,EU,North,United Kingdom,England,Huddersfield
2203,EU,North,United Kingdom,England,Lowestoft
2215,EU,North,United Kingdom,England,Huyton
2229,EU,North,United Kingdom,England,Crewe
2274,EU,North,United Kingdom,England,Wakefield
2280,EU,North,United Kingdom,England,Maidstone
2343,EU,North,United Kingdom,England,Darton
2346,EU,North,United Kingdom,England,Gravesend
2363,EU,North,United Kingdom,England,Morley
2365,EU,North,United Kingdom,England,Harrogate
2369,EU,North,United Kingdom,England,Ferndown
2374,EU,North,United Kingdom,England,Letchworth
2378,EU,North,United Kingdom,England,Crawley
2404,EU,North,United Kingdom,England,Oxford
2427,EU,North,United Kingdom,England,Harlow
2464,EU,North,United Kingdom,England,Halifax
2485,EU,North,United Kingdom,England,Dunstable
2494,EU,North,United Kingdom,England,Littlehampton
2506,EU,North,United Kingdom,England,Gillingham
2545,EU,North,United Kingdom,England,Walsall
2567,EU,North,United Kingdom,England,Slough
2635,EU,North,United Kingdom,England,Bideford
2637,EU,North,United Kingdom,England,Dronfield
2652,EU,North,United Kingdom,England,Shrewsbury
2654,EU,North,United Kingdom,England,Basingstoke
2658,EU,North,United Kingdom,England,Blackburn
2722,EU,North,United Kingdom,England,Chapel Allerton
2753,EU,North,United Kingdom,England,Cheshunt
2772,EU,North,United Kingdom,England,Southport
2815,EU,North,United Kingdom,England,Stevenage
2842,EU,North,United Kingdom,England,Guildford
2892,EU,North,United Kingdom,England,Southampton
3108,EU,North,United Kingdom,England,London
3109,EU,North,United Kingdom,England,Sheffield
3110,EU,North,United Kingdom,England,Birmingham
440,EMEA,EMEA,Russia,Bashkortostan,Ufa
443,EMEA,EMEA,Qatar,Ad Dawhah,Doha
453,EMEA,EMEA,Poland,Lublin,Lublin
458,EMEA,EMEA,Iraq,Ninawa,Mosul
468,EMEA,EMEA,Saudi Arabia,Makkah,Jeddah
472,EMEA,EMEA,Iran,Markazi,Saveh
474,EMEA,EMEA,Ukraine,Ivano-Frankivsk,Ivano-Frankivs'k
532,EMEA,EMEA,Bulgaria,Plovdiv,Plovdiv
538,EMEA,EMEA,Iraq,Baghdad,Baghdad
559,EMEA,EMEA,Czech Republic,Prague,Prague
587,EMEA,EMEA,Russia,Chelyabinsk,Chelyabinsk
594,EMEA,EMEA,Russia,Yaroslavl',Rybinsk
620,EMEA,EMEA,Iran,Fars,Shiraz
646,EMEA,EMEA,Hungary,Bekes,Gyula
650,EMEA,EMEA,Ukraine,Kharkiv,Kharkiv
651,EMEA,EMEA,Iran,Khuzestan,Ahvaz
657,EMEA,EMEA,Saudi Arabia,Ar Riyad,Riyadh
698,EMEA,EMEA,Iran,Bushehr,Borazjan
699,EMEA,EMEA,Russia,Irkutsk,Irkutsk
700,EMEA,EMEA,Iran,Gilan,Rasht
701,EMEA,EMEA,Uzbekistan,Namangan,Namangan
702,EMEA,EMEA,Romania,Mehedinti,Drobeta-Turnu Severin
703,EMEA,EMEA,Kyrgyzstan,Osh,Osh
704,EMEA,EMEA,Ukraine,Rivne,Rivne
705,EMEA,EMEA,Russia,Belgorod,Belgorod
706,EMEA,EMEA,Poland,Silesia,Zabrze
707,EMEA,EMEA,Russia,Dagestan,Makhachkala
708,EMEA,EMEA,Russia,Dagestan,Kaspiysk
709,EMEA,EMEA,Hungary,Budapest,Budapest
710,EMEA,EMEA,Poland,Silesia,Katowice
711,EMEA,EMEA,Iran,Tehran,Varamin
712,EMEA,EMEA,Romania,Brasov,Brasov
713,EMEA,EMEA,Austria,Vienna,Vienna
714,EMEA,EMEA,Iraq,Maysan,Al Amarah
715,EMEA,EMEA,Belarus,Brest,Brest
716,EMEA,EMEA,Iraq,Arbil,Arbil
717,EMEA,EMEA,Iran,Razavi Khorasan,Quchan
718,EMEA,EMEA,Iran,Esfahan,Kashan
719,EMEA,EMEA,Poland,Masovia,Warsaw
720,EMEA,EMEA,Russia,Voronezh,Voronezh
721,EMEA,EMEA,Mongolia,Ulaanbaatar,Ulan Bator
722,EMEA,EMEA,Russia,Ivanovo,Ivanovo
723,EMEA,EMEA,Georgia,Imereti,K'ut'aisi
724,EMEA,EMEA,Iraq,Al Basrah,Basra
725,EMEA,EMEA,Syria,Dayr Az Zawr,Dayr az Zawr
726,EMEA,EMEA,Russia,Amur,Blagoveshchensk
727,EMEA,EMEA,Iran,Lorestan,Borujerd
728,EMEA,EMEA,Belarus,Hrodna,Hrodna
729,EMEA,EMEA,Croatia,Grad Zagreb,Zagreb
730,EMEA,EMEA,Ukraine,Dnipropetrovs'k,Kryvyy Rih
731,EMEA,EMEA,Israel,Central,Rehovot
732,EMEA,EMEA,Belarus,Homyel,Homyel
733,EMEA,EMEA,Russia,Astrakhan,Astrakhan
734,EMEA,EMEA,Iran,Zanjan,Zanjan
735,EMEA,EMEA,Israel,Haifa,Haifa
736,EMEA,EMEA,Ukraine,Volyn,Luts'k
771,EMEA,EMEA,Ukraine,Kherson,Kherson
780,EMEA,EMEA,Belarus,Vitsyebsk,Orsha
782,EMEA,EMEA,Jordan,Amman,Wadi as Sir
793,EMEA,EMEA,Romania,Constanta,Constanta
804,EMEA,EMEA,Israel,Tel Aviv,Holon
806,EMEA,EMEA,Poland,Silesia,Gliwice
808,EMEA,EMEA,Iran,Markazi,Arak
809,EMEA,EMEA,Iran,Razavi Khorasan,Mashhad
810,EMEA,EMEA,Ukraine,Mykolayiv,Mykolayiv
812,EMEA,EMEA,Iran,Mazandaran,Babol
814,EMEA,EMEA,Iran,South Khorasan,Birjand
816,EMEA,EMEA,Iran,Ardabil,Ardabil
818,EMEA,EMEA,Saudi Arabia,Al Madinah,Medina
832,EMEA,EMEA,Romania,Cluj,Cluj-Napoca
835,EMEA,EMEA,Poland,Pomerania,Gdansk
844,EMEA,EMEA,Ukraine,Chernihiv,Chernihiv
847,EMEA,EMEA,Iran,Qom,Qom
862,EMEA,EMEA,Russia,Stavropol,Budennovsk
1018,EMEA,EMEA,Poland,Silesia,Tychy
1024,EMEA,EMEA,Iran,Tehran,Tehran
1025,EMEA,EMEA,Iran,Kordestan,Sanandaj
1031,EMEA,EMEA,Romania,Sibiu,Sibiu
1032,EMEA,EMEA,Romania,Dolj,Craiova
1034,EMEA,EMEA,Azerbaijan,Baki,Baku
1057,EMEA,EMEA,Russia,Tambov,Uvarovo
1064,EMEA,EMEA,Iran,Hamadan,Hamadan
1067,EMEA,EMEA,Iran,Lorestan,Khorramabad
1071,EMEA,EMEA,Iraq,Al Qadisiyah,Ad Diwaniyah
1073,EMEA,EMEA,Ukraine,Donetsk,Donets'k
1082,EMEA,EMEA,Bahrain,Muharraq,Al Muharraq
1092,EMEA,EMEA,Iran,Kermanshah,Kermanshah
1095,EMEA,EMEA,Montenegro,Podgorica,Podgorica
1149,EMEA,EMEA,Saudi Arabia,Makkah,Mecca
1157,EMEA,EMEA,Israel,Tel Aviv,Tel Aviv
1159,EMEA,EMEA,Moldova,Balti,Balti
1174,EMEA,EMEA,Czech Republic,Plzen,Plzen
1175,EMEA,EMEA,Austria,Carinthia,Klagenfurt
1176,EMEA,EMEA,Ukraine,Zhytomyr,Zhytomyr
1203,EMEA,EMEA,Poland,Pomerania,Slupsk
1214,EMEA,EMEA,Romania,Bistrita-Nasaud,Bistrita
1224,EMEA,EMEA,Georgia,Tbilisi,Tbilisi
1228,EMEA,EMEA,Russia,Chelyabinsk,Magnitogorsk
1257,EMEA,EMEA,Estonia,Harjumaa,Tallinn
1258,EMEA,EMEA,Romania,Iasi,Iasi
1259,EMEA,EMEA,Uzbekistan,Qashqadaryo,Qarshi
1260,EMEA,EMEA,Albania,Vlor?,Vlore
1261,EMEA,EMEA,Russia,Irkutsk,Usol'ye-Sibirskoye
1262,EMEA,EMEA,Slovakia,Bansk? Bystrica,Banska Bystrica
1263,EMEA,EMEA,Saudi Arabia,Al Madinah,Yanbu al Bahr
1264,EMEA,EMEA,Romania,Prahova,Ploiesti
1265,EMEA,EMEA,Russia,Arkhangel'sk,Severodvinsk
1266,EMEA,EMEA,Poland,Pomerania,Gdynia
1267,EMEA,EMEA,Moldova,Chisinau,Chisinau
1268,EMEA,EMEA,Estonia,Tartumaa,Tartu
1269,EMEA,EMEA,Iran,Lorestan,Aligudarz
1270,EMEA,EMEA,Poland,Silesia,Czestochowa
1271,EMEA,EMEA,Ukraine,Cherkasy,Uman'
1272,EMEA,EMEA,Bulgaria,Sofiya-Grad,Sofia
1273,EMEA,EMEA,Iran,Mazandaran,Chalus
1274,EMEA,EMEA,Russia,Kaliningrad,Kaliningrad
1275,EMEA,EMEA,Israel,Tel Aviv,Bene Beraq
1276,EMEA,EMEA,Russia,Arkhangel'sk,Arkhangelsk
1277,EMEA,EMEA,Ukraine,Dnipropetrovs'k,Dnipropetrovs'k
1278,EMEA,EMEA,Romania,Giurgiu,Giurgiu
1279,EMEA,EMEA,Iran,Kermanshah,Javanrud
1280,EMEA,EMEA,Romania,Timis,Timisoara
1281,EMEA,EMEA,Croatia,Splitsko-Dalmatinska,Split
1282,EMEA,EMEA,Ukraine,Zaporizhzhya,Berdyans'k
1283,EMEA,EMEA,Poland,Silesia,Bielsko-Biala
1284,EMEA,EMEA,Syria,Hims,Homs
1316,EMEA,EMEA,Bulgaria,Varna,Varna
1323,EMEA,EMEA,Poland,Masovia,Radom
1325,EMEA,EMEA,Poland,Silesia,Bytom
1331,EMEA,EMEA,Romania,Gorj,Targu Jiu
1333,EMEA,EMEA,Romania,Bihor,Oradea
1337,EMEA,EMEA,Russia,Irkutsk,Bratsk
1340,EMEA,EMEA,Iraq,Salah Ad Din,Samarra'
1343,EMEA,EMEA,Ukraine,Donetsk,Kramators'k
1345,EMEA,EMEA,Romania,Braila,Braila
1359,EMEA,EMEA,Kyrgyzstan,Bishkek,Bishkek
1360,EMEA,EMEA,Russia,Chelyabinsk,Zlatoust
1369,EMEA,EMEA,Poland,Lodz,Piotrkow Trybunalski
1372,EMEA,EMEA,Czech Republic,Moravian-Silesian,Ostrava
1407,EMEA,EMEA,Ukraine,L'viv,L'viv
1413,EMEA,EMEA,Lebanon,Beirut,Beirut
1419,EMEA,EMEA,Bosnia and Herzegovina,Federation of Bosnia and Herzegovina,Sarajevo
1422,EMEA,EMEA,Saudi Arabia,Al Jawf,Sakaka
1429,EMEA,EMEA,Russia,Vladimir,Vladimir
1444,EMEA,EMEA,Czech Republic,Usti nad Labem,Usti nad Labem
1450,EMEA,EMEA,Iran,Kerman,Kerman
1458,EMEA,EMEA,Poland,Lodz,Lodz
1461,EMEA,EMEA,Ukraine,Khmel'nyts'kyy,Khmel'nyts'kyy
1467,EMEA,EMEA,Romania,Hunedoara,Deva
1470,EMEA,EMEA,Iran,Khuzestan,Masjed Soleyman
1472,EMEA,EMEA,Poland,Masovia,Siedlce
1476,EMEA,EMEA,Slovakia,?ilina,Zilina
1479,EMEA,EMEA,Iraq,Diyala,Baqubah
1484,EMEA,EMEA,Iraq,Babil,Al Hillah
1512,EMEA,EMEA,Jordan,Amman,Amman
1516,EMEA,EMEA,Poland,Silesia,Dabrowa Gornicza
1534,EMEA,EMEA,Ukraine,Chernihiv,Nizhyn
1538,EMEA,EMEA,Iran,Razavi Khorasan,Neyshabur
1539,EMEA,EMEA,Iran,Khuzestan,Khorramshahr
1546,EMEA,EMEA,Poland,Greater Poland,Kalisz
1547,EMEA,EMEA,Uzbekistan,Andijan,Andijon
1555,EMEA,EMEA,Russia,Bryansk,Bryansk
1561,EMEA,EMEA,Iran,Razavi Khorasan,Sabzevar
1566,EMEA,EMEA,Ukraine,Sumy,Sumy
1568,EMEA,EMEA,Poland,Silesia,Rybnik
1579,EMEA,EMEA,Ukraine,Vinnytsya,Vinnytsya
1586,EMEA,EMEA,Ukraine,Kirovohrad,Oleksandriya
1605,EMEA,EMEA,Iran,Mazandaran,Amol
1620,EMEA,EMEA,Iran,Esfahan,Najafabad
1621,EMEA,EMEA,Russia,Bashkortostan,Salavat
1630,EMEA,EMEA,Poland,Silesia,Ruda Slaska
1637,EMEA,EMEA,Russia,Yaroslavl',Yaroslavl'
1639,EMEA,EMEA,Poland,Greater Poland,Poznan
1644,EMEA,EMEA,Saudi Arabia,Jizan,Jizan
1664,EMEA,EMEA,Russia,Belgorod,Gubkin
1669,EMEA,EMEA,Iran,Yazd,Yazd
1677,EMEA,EMEA,Ukraine,Poltava,Kremenchuk
1700,EMEA,EMEA,Iran,Kerman,Rafsanjan
1711,EMEA,EMEA,Iran,Qazvin,Qazvin
1725,EMEA,EMEA,Iran,Fars,Fasa
1736,EMEA,EMEA,Israel,Tel Aviv,Ramat Aviv
1739,EMEA,EMEA,Romania,Galati,Galati
1765,EMEA,EMEA,Iran,Golestan,Gorgan
1771,EMEA,EMEA,Israel,Jerusalem,Jerusalem
1772,EMEA,EMEA,Albania,Shkod?r,Shkoder
1776,EMEA,EMEA,Iran,Qazvin,Takestan
1781,EMEA,EMEA,Israel,Southern,Be'er Sheva
1789,EMEA,EMEA,Austria,Salzburg,Salzburg
1793,EMEA,EMEA,Russia,Bashkortostan,Sterlitamak
1795,EMEA,EMEA,Iran,Hormozgan,Bandar Abbas
1799,EMEA,EMEA,Russia,Kaluga,Kaluga
1800,EMEA,EMEA,Romania,Arges,Pitesti
1801,EMEA,EMEA,Israel,Southern,Ashqelon
1804,EMEA,EMEA,Iraq,Karbala',Karbala'
1806,EMEA,EMEA,Ukraine,Poltava,Poltava
1807,EMEA,EMEA,Romania,Bacau,Bacau
1811,EMEA,EMEA,Russia,Dagestan,Khasavyurt
1813,EMEA,EMEA,Russia,Kabardino-Balkariya,Nal'chik
1817,EMEA,EMEA,Romania,Maramures,Baia Mare
1896,EMEA,EMEA,Russia,Chelyabinsk,Miass
1900,EMEA,EMEA,Saudi Arabia,Ash Sharqiyah,Al Hufuf
1901,EMEA,EMEA,Iran,Mazandaran,Sari
1914,EMEA,EMEA,Iran,Sistan Va Baluchestan,Zahedan
1917,EMEA,EMEA,Bulgaria,Pernik,Pernik
1922,EMEA,EMEA,Iran,Khuzestan,Behbahan
1924,EMEA,EMEA,Iran,Razavi Khorasan,Torbat-e Heydariyeh
1929,EMEA,EMEA,Jordan,Irbid,Irbid
1937,EMEA,EMEA,Iran,Hamadan,Malayer
1949,EMEA,EMEA,Belarus,Homyel',Mazyr
1950,EMEA,EMEA,Ukraine,Dnipropetrovs'k,Dniprodzerzhyns'k
1952,EMEA,EMEA,Ukraine,Zaporizhzhya,Zaporizhzhya
1953,EMEA,EMEA,Armenia,Lori,Vanadzor
1954,EMEA,EMEA,Poland,Silesia,Sosnowiec
1955,EMEA,EMEA,Ukraine,Cherkasy,Cherkasy
1956,EMEA,EMEA,Uzbekistan,Jizzakh,Jizzakh
1957,EMEA,EMEA,Russia,Dagestan,Derbent
1961,EMEA,EMEA,Saudi Arabia,Ash Sharqiyah,Al Mubarraz
1973,EMEA,EMEA,Bulgaria,Sliven,Sliven
1979,EMEA,EMEA,Slovenia,Ljubljana,Ljubljana
1986,EMEA,EMEA,Russia,Novosibirsk,Toguchin
2015,EMEA,EMEA,Bosnia and Herzegovina,Federation of Bosnia and Herzegovina,Zenica
2060,EMEA,EMEA,Israel,Southern,Ashdod
2064,EMEA,EMEA,Saudi Arabia,Tabuk,Tabuk
2066,EMEA,EMEA,Czech Republic,Liberec,Liberec
2070,EMEA,EMEA,Ukraine,Ternopil',Ternopil'
2099,EMEA,EMEA,Iraq,Dhi Qar,An Nasiriyah
2142,EMEA,EMEA,Poland,Opole,Nysa
2145,EMEA,EMEA,Iran,Ilam,Ilam
2154,EMEA,EMEA,Israel,Tel Aviv,Ramat Gan
2167,EMEA,EMEA,Russia,Bashkortostan,Blagoveshchensk
2168,EMEA,EMEA,Hungary,Gyor,Gyor
2171,EMEA,EMEA,Bulgaria,Burgas,Burgas
2175,EMEA,EMEA,Iran,Esfahan,Shahreza
2186,EMEA,EMEA,Slovakia,Nitra,Nitra
2187,EMEA,EMEA,Ukraine,Sevastopol',Sevastopol
2195,EMEA,EMEA,Iran,Esfahan,Khomeynishahr
2219,EMEA,EMEA,Ukraine,Luhans'k,Krasnyy Luch
2235,EMEA,EMEA,Ukraine,Luhans'k,Luhans'k
2244,EMEA,EMEA,Ukraine,Dnipropetrovs'k,Nikopol'
2249,EMEA,EMEA,Poland,Masovia,Plock
2261,EMEA,EMEA,Russia,Stavropol',Arzgir
2268,EMEA,EMEA,Czech Republic,Hradec Kralove,Hradec Kralove
2284,EMEA,EMEA,Romania,Mures,Targu Mures
2289,EMEA,EMEA,Romania,Botosani,Botosani
2298,EMEA,EMEA,Iran,Khuzestan,Shushtar
2299,EMEA,EMEA,Hungary,Hajdu-Bihar,Balmazujvaros
2301,EMEA,EMEA,Bosnia and Herzegovina,Federation of Bosnia and Herzegovina,Tuzla
2334,EMEA,EMEA,Austria,Tyrol,Innsbruck
2335,EMEA,EMEA,Saudi Arabia,Asir,Abha
2336,EMEA,EMEA,Ukraine,Donetsk,Mariupol'
2337,EMEA,EMEA,Macedonia,Bitola,Bitola
2338,EMEA,EMEA,Belarus,Brest,Pinsk
2341,EMEA,EMEA,Syria,Ar Raqqah,Ar Raqqah
2357,EMEA,EMEA,Romania,Caras-Severin,Resita
2358,EMEA,EMEA,Austria,Upper Austria,Linz
2376,EMEA,EMEA,Israel,Haifa,Hadera
2379,EMEA,EMEA,Croatia,Primorsko-Goranska,Rijeka
2381,EMEA,EMEA,Iran,Semnan,Semnan
2382,EMEA,EMEA,Romania,Neamt,Roman
2387,EMEA,EMEA,Iran,Razavi Khorasan,Gonabad
2393,EMEA,EMEA,Romania,Buzau,Buzau
2397,EMEA,EMEA,Ukraine,Donetsk,Horlivka
2400,EMEA,EMEA,Iran,Khuzestan,Abadan
2415,EMEA,EMEA,Iran,Tehran,Shahriar
2417,EMEA,EMEA,Bulgaria,Pazardzhik,Pazardzhik
2431,EMEA,EMEA,Poland,Lesser Poland,Tarnow
2432,EMEA,EMEA,Ukraine,Luhans'k,Lisichansk
2441,EMEA,EMEA,Uzbekistan,Surxondaryo,Termez
2446,EMEA,EMEA,Poland,Opole,Opole
2452,EMEA,EMEA,Ukraine,Ivano-Frankivsk,Kalush
2470,EMEA,EMEA,Romania,Suceava,Suceava
2473,EMEA,EMEA,Iran,Gilan,Bandar-e Anzali
2477,EMEA,EMEA,Russia,Irkutsk,Angarsk
2482,EMEA,EMEA,Israel,Central,Hod HaSharon
2487,EMEA,EMEA,Albania,Kor??,Korce
2490,EMEA,EMEA,Iran,Kordestan,Saqqez
2510,EMEA,EMEA,Iran,Sistan Va Baluchestan,Iranshahr
2512,EMEA,EMEA,Belarus,Hrodna,Lida
2553,EMEA,EMEA,Macedonia,Kumanovo,Kumanovo
2557,EMEA,EMEA,Poland,Lubusz,Gorzow Wielkopolski
2558,EMEA,EMEA,Ukraine,L'viv,Drogobych
2565,EMEA,EMEA,Russia,Kaluga,Obninsk
2600,EMEA,EMEA,Romania,Satu Mare,Satu Mare
2605,EMEA,EMEA,Poland,Podlaskie,Bialystok
2606,EMEA,EMEA,Romania,Valcea,Ramnicu Valcea
2608,EMEA,EMEA,Ukraine,Zhytomyr,Berdychiv
2630,EMEA,EMEA,Poland,Lubusz,Zielona Gora
2631,EMEA,EMEA,Russia,Moscow,Kashira
2650,EMEA,EMEA,Russia,Chelyabinsk,Kopeysk
2653,EMEA,EMEA,Czech Republic,Olomouc,Olomouc
2657,EMEA,EMEA,Ukraine,Kirovohrad,Kirovohrad
2659,EMEA,EMEA,Iran,Sistan Va Baluchestan,Zabol
2662,EMEA,EMEA,Bulgaria,Vratsa,Vratsa
2663,EMEA,EMEA,Bulgaria,Pleven,Pleven
2667,EMEA,EMEA,Austria,Styria,Leoben
2670,EMEA,EMEA,Russia,Bashkortostan,Oktyabr'skiy
2674,EMEA,EMEA,Belarus,Vitsyebsk,Polatsk
2679,EMEA,EMEA,Poland,Silesia,Chorzow
2703,EMEA,EMEA,Belarus,Homyel',Zhlobin
2704,EMEA,EMEA,Poland,Silesia,Jastrzebie Zdroj
2739,EMEA,EMEA,Bulgaria,Yambol,Yambol
2741,EMEA,EMEA,Romania,Arad,Arad
2755,EMEA,EMEA,Poland,Greater Poland,Pila
2756,EMEA,EMEA,Poland,Silesia,Jaworzno
2765,EMEA,EMEA,Russia,Novgorod,Pestovo
2770,EMEA,EMEA,Ukraine,Zaporizhzhya,Melitopol'
2777,EMEA,EMEA,Croatia,Zagrebacka,Samobor
2781,EMEA,EMEA,Lebanon,North Lebanon,Tripoli
2782,EMEA,EMEA,Austria,Styria,Graz
2802,EMEA,EMEA,Croatia,Osjecko-Baranjska,Osijek
2803,EMEA,EMEA,Albania,Durr?s,Durres
2821,EMEA,EMEA,Russia,Yevrey,Birobidzhan
2834,EMEA,EMEA,Ukraine,Luhans'k,Stakhanov
2843,EMEA,EMEA,Romania,Neamt,Piatra-Neamt
2845,EMEA,EMEA,Poland,Silesia,Myslowice
2847,EMEA,EMEA,Romania,Vrancea,Focsani
2858,EMEA,EMEA,Bulgaria,Stara Zagora,Stara Zagora
2860,EMEA,EMEA,Iran,Fars,Kazerun
2877,EMEA,EMEA,Romania,Timis,Lugoj
2880,EMEA,EMEA,Bulgaria,Shumen,Shumen
2889,EMEA,EMEA,Iran,Mazandaran,Behshahr
2893,EMEA,EMEA,Albania,Elbasan,Elbasan
2904,EMEA,EMEA,Uzbekistan,Khorezm,Urganch
3040,EMEA,EMEA,Turkmenistan,Ashgabat,Ashgabat
3041,EMEA,EMEA,Kazakhstan,Qaraghandy,Dzhezkazgan
3042,EMEA,EMEA,Kazakhstan,Almaty,Sarkand
3043,EMEA,EMEA,Kazakhstan,Pavlodar,Pavlodar
3044,EMEA,EMEA,Turkmenistan,Mary,Mary
3045,EMEA,EMEA,Kazakhstan,Almaty City,Almaty
3046,EMEA,EMEA,Lithuania,Vilnius,Vilnius
3047,EMEA,EMEA,Kazakhstan,Aqmola,Kokshetau
3048,EMEA,EMEA,Kazakhstan,Astana,Astana
3049,EMEA,EMEA,Lithuania,Kaunas,Kaunas
3050,EMEA,EMEA,Yemen,Ta'izz,Taizz
3054,EMEA,EMEA,Kazakhstan,Qaraghandy,Temirtau
3055,EMEA,EMEA,United Arab Emirates,Ra's Al Khaymah,Ras al Khaymah
3056,EMEA,EMEA,Lithuania,?iauliai,Siauliai
3057,EMEA,EMEA,Kazakhstan,Qostanay,Qostanay
3059,EMEA,EMEA,Yemen,Al Hudaydah,Al Hudaydah
3310,EMEA,EMEA,Kazakhstan,Zhambyl,Taraz
3313,EMEA,EMEA,Lithuania,Klaipeda,Klaipeda
3379,EMEA,EMEA,Lithuania,Panevezys,Panevezys
3382,EMEA,EMEA,United Arab Emirates,Ajman,Ajman
3383,EMEA,EMEA,Yemen,Ibb,Ibb
3402,EMEA,EMEA,Kazakhstan,Qaraghandy,Qaraghandy
3422,EMEA,EMEA,Turkmenistan,Lebap,Turkmenabat
3424,EMEA,EMEA,Kazakhstan,Pavlodar,Ekibastuz
3488,EMEA,EMEA,Kazakhstan,Almaty,Taldyqorghan
3509,EMEA,EMEA,Tajikistan,Khatlon,Kulob
2960,EMEA,EMEA,Turkey,Sivas,Sivas
2961,EMEA,EMEA,Turkey,Ankara,Ankara
2962,EMEA,EMEA,Turkey,Istanbul,Kartal
2963,EMEA,EMEA,Turkey,Kocaeli,Gebze
2964,EMEA,EMEA,Turkey,Istanbul,Istanbul
2965,EMEA,EMEA,Turkey,Nevsehir,Nevsehir
2966,EMEA,EMEA,Turkey,Corum,Corum
2967,EMEA,EMEA,Turkey,Manisa,Turgutlu
2968,EMEA,EMEA,Turkey,Mersin,Tarsus
2969,EMEA,EMEA,Turkey,Adana,Adana
2970,EMEA,EMEA,Turkey,Istanbul,Silivri
2971,EMEA,EMEA,Turkey,Osmaniye,Osmaniye
2972,EMEA,EMEA,Turkey,Samsun,Bafra
2973,EMEA,EMEA,Turkey,Ankara,Polatli
2974,EMEA,EMEA,Turkey,Izmir,Izmir
2975,EMEA,EMEA,Turkey,Kayseri,Kayseri
2976,EMEA,EMEA,Turkey,Bursa,Bursa
2977,EMEA,EMEA,Turkey,Canakkale,Canakkale
2978,EMEA,EMEA,Turkey,Ankara,Cankaya
2979,EMEA,EMEA,Turkey,Ankara,Mamak
2980,EMEA,EMEA,Turkey,Istanbul,Bagcilar
2981,EMEA,EMEA,Turkey,Konya,Konya
2982,EMEA,EMEA,Turkey,Manisa,Salihli
2983,EMEA,EMEA,Turkey,Denizli,Denizli
2984,EMEA,EMEA,Turkey,Sanliurfa,Sanliurfa
2985,EMEA,EMEA,Turkey,Gaziantep,Gaziantep
2986,EMEA,EMEA,Turkey,Eskisehir,Eskisehir
2987,EMEA,EMEA,Turkey,Istanbul,Buyukcekmece
2988,EMEA,EMEA,Turkey,Kars,Kars
2989,EMEA,EMEA,Turkey,Van,Van
2990,EMEA,EMEA,Turkey,Izmir,Gaziemir
2991,EMEA,EMEA,Turkey,Istanbul,Esenyurt
2992,EMEA,EMEA,Turkey,Izmir,Bornova
2993,EMEA,EMEA,Turkey,Batman,Batman
2994,EMEA,EMEA,Turkey,Izmir,Buca
2995,EMEA,EMEA,Turkey,Ankara,Sincan
2996,EMEA,EMEA,Turkey,Sirnak,Silopi
2997,EMEA,EMEA,Turkey,Balikesir,Bandirma
2998,EMEA,EMEA,Turkey,Izmir,Torbali
2999,EMEA,EMEA,Turkey,Balikesir,Balikesir
3000,EMEA,EMEA,Turkey,Bursa,Inegol
3001,EMEA,EMEA,Turkey,Hatay,Iskenderun
3002,EMEA,EMEA,Turkey,Mardin,Kiziltepe
3003,EMEA,EMEA,Turkey,Mersin,Mezitli
3004,EMEA,EMEA,Turkey,Samsun,Samsun
3005,EMEA,EMEA,Turkey,Izmir,Menemen
3006,EMEA,EMEA,Turkey,Diyarbakir,Diyarbakir
3007,EMEA,EMEA,Turkey,Mersin,Mersin
3008,EMEA,EMEA,Turkey,Adiyaman,Adiyaman
3009,EMEA,EMEA,Turkey,Antalya,Antalya
3010,EMEA,EMEA,Turkey,Malatya,Malatya
3011,EMEA,EMEA,Turkey,Amasya,Amasya
3012,EMEA,EMEA,Turkey,Istanbul,Uskudar
3013,EMEA,EMEA,Turkey,D?zce,Duzce
3014,EMEA,EMEA,Turkey,Tekirdag,Corlu
3015,EMEA,EMEA,Turkey,Manisa,Manisa
3016,EMEA,EMEA,Turkey,Istanbul,Beykoz
3354,EMEA,EMEA,Turkey,Kocaeli,Kocaeli
3355,EMEA,EMEA,Turkey,Manisa,Akhisar
3356,EMEA,EMEA,Turkey,Nigde,Nigde
3357,EMEA,EMEA,Turkey,Sirnak,Cizre
3358,EMEA,EMEA,Turkey,Kahramanmaras,Kahramanmaras
3359,EMEA,EMEA,Turkey,Manisa,Soma
3360,EMEA,EMEA,Turkey,Aydin,Aydin
3361,EMEA,EMEA,Turkey,Kutahya,Kutahya
3362,EMEA,EMEA,Turkey,Ankara,Etimesgut
3363,EMEA,EMEA,Turkey,Tekirdag,Tekirdag
3364,EMEA,EMEA,Turkey,Usak,Usak
3365,EMEA,EMEA,Turkey,Bolu,Bolu
3366,EMEA,EMEA,Turkey,Ankara,Cubuk
3367,EMEA,EMEA,Turkey,Trabzon,Trabzon
3368,EMEA,EMEA,Turkey,Mardin,Midyat
3369,EMEA,EMEA,Turkey,Aydin,Nazilli
3370,EMEA,EMEA,Turkey,Mardin,Mardin
3371,EMEA,EMEA,Turkey,Ordu,Ordu
3372,EMEA,EMEA,Turkey,Aksaray,Aksaray
3373,EMEA,EMEA,Turkey,Igdir,Igdir
3374,EMEA,EMEA,Turkey,Istanbul,Maltepe
3375,EMEA,EMEA,Turkey,Istanbul,Umraniye
3376,EMEA,EMEA,Turkey,Hatay,Antakya
3377,EMEA,EMEA,Turkey,Sanliurfa,Viransehir
3398,EMEA,EMEA,Turkey,Kirsehir,Kirsehir
3417,EMEA,EMEA,Turkey,Erzurum,Erzurum
3421,EMEA,EMEA,Turkey,Yalova,Yalova
3423,EMEA,EMEA,Turkey,Bingol,Bingol
3452,EMEA,EMEA,Turkey,Adana,Ceyhan
3453,EMEA,EMEA,Turkey,Kastamonu,Kastamonu
3462,EMEA,EMEA,Turkey,Elazig,Elazig
3471,EMEA,EMEA,Turkey,Bingol,Karliova
3477,EMEA,EMEA,Turkey,Adana,Kozan
3486,EMEA,EMEA,Turkey,Antalya,Alanya
3490,EMEA,EMEA,Turkey,Karaman,Karaman
3498,EMEA,EMEA,Turkey,Isparta,Isparta
3504,EMEA,EMEA,Turkey,Rize,Rize
3525,EMEA,EMEA,Turkey,Afyonkarahisar,Afyon
3526,EMEA,EMEA,Turkey,Tokat,Tokat
3527,EMEA,EMEA,Turkey,Kilis,Kilis
3528,EMEA,EMEA,Turkey,Ardahan,Ardahan
3529,EMEA,EMEA,Turkey,Siirt,Siirt
3530,EMEA,EMEA,Turkey,Edirne,Edirne
3531,EMEA,EMEA,Turkey,Kayseri,Felahiye
432,APAC,Central Asia,India,Telangana,Hyderabad
448,APAC,Central Asia,India,Tamil Nadu,Madurai
452,APAC,Central Asia,India,Madhya Pradesh,Jabalpur
454,APAC,Central Asia,India,Uttar Pradesh,Hapur
455,APAC,Central Asia,India,Andhra Pradesh,Guntur
467,APAC,Central Asia,India,Odisha,Brahmapur
473,APAC,Central Asia,India,Chhattisgarh,Bhilai
480,APAC,Central Asia,India,Maharashtra,Pune
483,APAC,Central Asia,India,Maharashtra,Aurangabad
485,APAC,Central Asia,India,Rajasthan,Jaipur
488,APAC,Central Asia,India,Uttar Pradesh,Mathura
508,APAC,Central Asia,India,Maharashtra,Jalna
541,APAC,Central Asia,India,Maharashtra,Kalyan
552,APAC,Central Asia,India,Karnataka,Mangalore
569,APAC,Central Asia,India,Uttar Pradesh,Lucknow
571,APAC,Central Asia,India,Tamil Nadu,Tirunelveli
600,APAC,Central Asia,India,Maharashtra,Parbhani
603,APAC,Central Asia,India,Assam,Guwahati
605,APAC,Central Asia,India,West Bengal,Kulti
612,APAC,Central Asia,India,Kerala,Kozhikode
619,APAC,Central Asia,India,Uttar Pradesh,Aligarh
642,APAC,Central Asia,India,Andhra Pradesh,Anantapur
644,APAC,Central Asia,India,Chandigarh,Chandigarh
645,APAC,Central Asia,India,Karnataka,Hubli
647,APAC,Central Asia,India,Uttar Pradesh,Mirzapur
658,APAC,Central Asia,India,West Bengal,Panihati
682,APAC,Central Asia,India,Rajasthan,Jodhpur
774,APAC,Central Asia,India,Madhya Pradesh,Ujjain
778,APAC,Central Asia,India,Maharashtra,Nagpur
786,APAC,Central Asia,India,Karnataka,Bangalore
834,APAC,Central Asia,India,Tamil Nadu,Salem
845,APAC,Central Asia,India,Madhya Pradesh,Indore
864,APAC,Central Asia,India,Uttar Pradesh,Agra
865,APAC,Central Asia,India,Uttar Pradesh,Moradabad
880,APAC,Central Asia,India,Bihar,Muzaffarpur
893,APAC,Central Asia,India,Uttar Pradesh,Jhansi
899,APAC,Central Asia,India,Bihar,Bihar Sharif
928,APAC,Central Asia,India,Andhra Pradesh,Nellore
936,APAC,Central Asia,India,Odisha,Bhubaneswar
941,APAC,Central Asia,India,Kerala,Thiruvananthapuram
942,APAC,Central Asia,India,Uttar Pradesh,Meerut
949,APAC,Central Asia,India,Bihar,Aurangabad
950,APAC,Central Asia,India,Maharashtra,Sangli
960,APAC,Central Asia,India,Delhi,Delhi
964,APAC,Central Asia,India,Andhra Pradesh,Vijayawada
1035,APAC,Central Asia,India,Maharashtra,Thane
1050,APAC,Central Asia,India,Punjab,Ludhiana
1061,APAC,Central Asia,India,Uttar Pradesh,Varanasi
1063,APAC,Central Asia,India,Maharashtra,Bhiwandi
1076,APAC,Central Asia,India,Gujarat,Surat
1089,APAC,Central Asia,India,Jharkhand,Bokaro
1105,APAC,Central Asia,India,Chhattisgarh,Kota
1109,APAC,Central Asia,India,Tamil Nadu,Chennai
1112,APAC,Central Asia,India,Uttar Pradesh,Kanpur
1113,APAC,Central Asia,India,Maharashtra,Durgapur
1117,APAC,Central Asia,India,Uttar Pradesh,Saharanpur
1124,APAC,Central Asia,India,Gujarat,Vadodara
1240,APAC,Central Asia,India,Jammu and Kashmir,Jammu
1241,APAC,Central Asia,India,Maharashtra,Nasik
1247,APAC,Central Asia,India,Maharashtra,Amravati
1249,APAC,Central Asia,India,West Bengal,Durgapur
1327,APAC,Central Asia,India,Gujarat,Rajkot
1336,APAC,Central Asia,India,Maharashtra,Ulhasnagar
1348,APAC,Central Asia,India,Punjab,Amritsar
1358,APAC,Central Asia,India,Madhya Pradesh,Mau
1391,APAC,Central Asia,India,Gujarat,Jodhpur
1396,APAC,Central Asia,India,Karnataka,Belgaum
1400,APAC,Central Asia,India,Kerala,Kollam
1441,APAC,Central Asia,India,Uttarakhand,Srinagar
1443,APAC,Central Asia,India,Odisha,Cuttack
1464,APAC,Central Asia,India,Haryana,Gorakhpur
1466,APAC,Central Asia,India,Madhya Pradesh,Dewas
1475,APAC,Central Asia,India,Tamil Nadu,Avadi
1477,APAC,Central Asia,India,Bihar,Patna
1481,APAC,Central Asia,India,Uttar Pradesh,Bareilly
1491,APAC,Central Asia,India,Maharashtra,Pimpri
1492,APAC,Central Asia,India,Jharkhand,Ranchi
1495,APAC,Central Asia,India,Haryana,Sonipat
1515,APAC,Central Asia,India,Rajasthan,Ajmer
1520,APAC,Central Asia,India,Gujarat,Bhavnagar
1528,APAC,Central Asia,India,Tamil Nadu,Coimbatore
1531,APAC,Central Asia,India,Telangana,Karimnagar
1556,APAC,Central Asia,India,Haryana,Faridabad
1585,APAC,Central Asia,India,Jharkhand,Jamshedpur
1601,APAC,Central Asia,India,Telangana,Warangal
1608,APAC,Central Asia,India,Madhya Pradesh,Bhopal
1610,APAC,Central Asia,India,Andhra Pradesh,Visakhapatnam
1623,APAC,Central Asia,India,Rajasthan,Ganganagar
1629,APAC,Central Asia,India,Maharashtra,Solapur
1645,APAC,Central Asia,India,Jammu and Kashmir,Srinagar
1656,APAC,Central Asia,India,Karnataka,Mysore
1688,APAC,Central Asia,India,Rajasthan,Bikaner
1708,APAC,Central Asia,India,Madhya Pradesh,Satna
1713,APAC,Central Asia,India,Uttar Pradesh,Allahabad
1886,APAC,Central Asia,India,Rajasthan,Fatehpur
1888,APAC,Central Asia,India,West Bengal,Barddhaman
1907,APAC,Central Asia,India,Uttar Pradesh,Etawah
1925,APAC,Central Asia,India,Delhi,New Delhi
1934,APAC,Central Asia,India,Chhattisgarh,Raipur
1935,APAC,Central Asia,India,West Bengal,Bhatpara
1959,APAC,Central Asia,India,Manipur,Imphal
1987,APAC,Central Asia,India,Maharashtra,Akola
1997,APAC,Central Asia,India,Haryana,Rohtak
2013,APAC,Central Asia,India,Madhya Pradesh,Ratlam
2067,APAC,Central Asia,India,Maharashtra,Malegaon
2111,APAC,Central Asia,India,Madhya Pradesh,Gwalior
2146,APAC,Central Asia,India,Puducherry,Puducherry
2179,APAC,Central Asia,India,Uttar Pradesh,Shahjahanpur
2201,APAC,Central Asia,India,Punjab,Patiala
2234,APAC,Central Asia,India,Haryana,Panipat
2243,APAC,Central Asia,India,Maharashtra,Latur
2275,APAC,Central Asia,India,Uttar Pradesh,Bilaspur
2278,APAC,Central Asia,India,Rajasthan,Kota
2286,APAC,Central Asia,India,Karnataka,Gulbarga
2300,APAC,Central Asia,India,Chhattisgarh,Durg
2304,APAC,Central Asia,India,Uttar Pradesh,Gorakhpur
2314,APAC,Central Asia,India,Tamil Nadu,Nagercoil
2353,APAC,Central Asia,India,Andhra Pradesh,Kakinada
2370,APAC,Central Asia,India,Tamil Nadu,Tiruchchirappalli
2372,APAC,Central Asia,India,Bihar,Darbhanga
2380,APAC,Central Asia,India,Tripura,Udaipur
2383,APAC,Central Asia,India,Tamil Nadu,Ambattur
2391,APAC,Central Asia,India,Uttarakhand,Raipur
2398,APAC,Central Asia,India,Chhattisgarh,Korba
2410,APAC,Central Asia,India,Haryana,Karnal
2419,APAC,Central Asia,India,West Bengal,Kamarhati
2458,APAC,Central Asia,India,West Bengal,Barasat
2462,APAC,Central Asia,India,Karnataka,Shimoga
2474,APAC,Central Asia,India,Gujarat,Jamnagar
2491,APAC,Central Asia,India,Karnataka,Bellary
2540,APAC,Central Asia,India,Tamil Nadu,Tiruppur
2541,APAC,Central Asia,India,Uttar Pradesh,Ghaziabad
2544,APAC,Central Asia,India,Maharashtra,Kolhapur
2546,APAC,Central Asia,India,Telangana,Kukatpalli
2555,APAC,Central Asia,India,Maharashtra,Dhule
2556,APAC,Central Asia,India,Karnataka,Bijapur
2575,APAC,Central Asia,India,Rajasthan,Bharatpur
2577,APAC,Central Asia,India,Rajasthan,Raipur
2632,APAC,Central Asia,India,West Bengal,Naihati
2649,APAC,Central Asia,India,Punjab,Bhatinda
2695,APAC,Central Asia,India,Maharashtra,Ichalkaranji
2719,APAC,Central Asia,India,Uttar Pradesh,Firozabad
2734,APAC,Central Asia,India,Tamil Nadu,Thanjavur
2744,APAC,Central Asia,India,Haryana,Hisar
2749,APAC,Central Asia,India,Bihar,Gaya
2750,APAC,Central Asia,India,West Bengal,Asansol
2763,APAC,Central Asia,India,Rajasthan,Bhilwara
2771,APAC,Central Asia,India,Uttar Pradesh,Mau
2776,APAC,Central Asia,India,West Bengal,Baranagar
2790,APAC,Central Asia,India,Karnataka,Tumkur
2795,APAC,Central Asia,India,Andhra Pradesh,Tirupati
2838,APAC,Central Asia,India,Uttarakhand,Dehra Dun
2844,APAC,Central Asia,India,Kerala,Kochi
2890,APAC,Central Asia,India,Telangana,Nizamabad
3119,APAC,Central Asia,India,Maharashtra,Mumbai
433,APAC,North Asia,Hong Kong,Hong Kong,Kowloon
444,APAC,Oceania,New Zealand,Marlborough,Blenheim
449,APAC,Southeast Asia,Malaysia,Perak,Ipoh
477,APAC,North Asia,Japan,Oita,Matsubara
487,APAC,Oceania,New Zealand,Taranaki,New Plymouth
490,APAC,Southeast Asia,Malaysia,Pahang,Kuantan
531,APAC,Central Asia,Bangladesh,Dhaka,Dhaka
534,APAC,Oceania,New Zealand,Hawke's Bay,Napier
542,APAC,Southeast Asia,Singapore,Singapore,Singapore
572,APAC,Oceania,Australia,Northern Territory,Alice Springs
576,APAC,Central Asia,Bangladesh,Chittagong,Chittagong
578,APAC,Oceania,New Zealand,Waikato,Taupo
586,APAC,North Asia,Japan,Osaka,Hirakata
601,APAC,Southeast Asia,Malaysia,Sabah,Kota Kinabalu
609,APAC,Oceania,Australia,Australian Capital Territory,Canberra
640,APAC,Oceania,New Zealand,Canterbury,Christchurch
660,APAC,Oceania,New Zealand,Wellington,Wellington
669,APAC,Oceania,New Zealand,Northland,Whangarei
679,APAC,North Asia,Japan,Hokkaido,Asahikawa
680,APAC,Central Asia,Afghanistan,Kabul,Kabul
826,APAC,North Asia,Japan,Tokyo,Tokyo
830,APAC,North Asia,Japan,Aichi,Kasugai
859,APAC,Oceania,Australia,New South Wales,Wagga Wagga
888,APAC,North Asia,Taiwan,Taipei City,Taipei
911,APAC,Southeast Asia,Malaysia,Sabah,Tawau
939,APAC,Southeast Asia,Cambodia,Phnom Penh,Phnom Penh
943,APAC,Southeast Asia,Malaysia,Trengganu,Kuala Terengganu
944,APAC,North Asia,Japan,Shizuoka,Nagaoka
1026,APAC,North Asia,Japan,Hyogo,Himeji
1028,APAC,Oceania,Australia,South Australia,Gawler
1056,APAC,North Asia,Japan,Saitama,Kawagoe
1068,APAC,Oceania,Australia,Tasmania,Burnie
1069,APAC,Oceania,New Zealand,Southland,Invercargill
1070,APAC,Oceania,Australia,New South Wales,Cessnock
1084,APAC,Oceania,Australia,New South Wales,Port Macquarie
1106,APAC,Southeast Asia,Malaysia,Kuala Lumpur,Kuala Lumpur
1110,APAC,Southeast Asia,Malaysia,Selangor,Shah Alam
1134,APAC,North Asia,Japan,Hiroshima,Kure
1166,APAC,North Asia,Japan,Kanagawa,Kawasaki
1170,APAC,North Asia,Japan,Saitama,Koshigaya
1180,APAC,Oceania,Australia,New South Wales,Albury
1190,APAC,North Asia,Japan,Aichi,Handa
1213,APAC,Central Asia,Nepal,Central,Kathmandu
1231,APAC,Oceania,New Zealand,Wellington,Paraparaumu
1310,APAC,Oceania,New Zealand,Bay of Plenty,Tauranga
1315,APAC,Oceania,Australia,New South Wales,Lismore
1329,APAC,Central Asia,Sri Lanka,Western,Colombo
1330,APAC,North Asia,Japan,Fukuoka,Kawasaki
1353,APAC,Southeast Asia,Malaysia,Sabah,Sandakan
1362,APAC,Oceania,New Zealand,Wellington,Porirua
1380,APAC,Southeast Asia,Malaysia,Perak,Taiping
1442,APAC,North Asia,Japan,Chiba,Noda
1445,APAC,Oceania,Australia,Tasmania,Hobart
1452,APAC,Oceania,New Zealand,Wellington,Lower Hutt
1497,APAC,Central Asia,Bangladesh,Khulna,Khulna
1525,APAC,North Asia,Japan,Chiba,Funabashi
1535,APAC,Oceania,Australia,New South Wales,Wollongong
1541,APAC,Oceania,Australia,South Australia,Murray Bridge
1543,APAC,Oceania,Australia,New South Wales,Newcastle
1574,APAC,Oceania,New Zealand,Waikato,Hamilton
1595,APAC,North Asia,Japan,Chiba,Ichikawa
1602,APAC,Oceania,New Zealand,Manawatu-Wanganui,Palmerston North
1607,APAC,Oceania,New Zealand,Wellington,Masterton
1612,APAC,Central Asia,Afghanistan,Hirat,Herat
1613,APAC,Oceania,Australia,New South Wales,Forster
1651,APAC,Central Asia,Bangladesh,Sylhet,Sylhet
1690,APAC,North Asia,Japan,Nagano,Ueda
1693,APAC,Oceania,Australia,Northern Territory,Palmerston
1702,APAC,Oceania,New Zealand,Manawatu-Wanganui,Levin
1705,APAC,North Asia,Japan,Osaka,Takatsuki
1748,APAC,Southeast Asia,Malaysia,Sarawak,Kuching
1757,APAC,Oceania,New Zealand,Canterbury,Timaru
1812,APAC,North Asia,Japan,Chiba,Matsudo
1822,APAC,North Asia,Japan,Osaka,Ibaraki
1883,APAC,North Asia,Japan,Tokyo,Edogawa-ku
1887,APAC,North Asia,Japan,Hyogo,Nishinomiya
1946,APAC,Southeast Asia,Malaysia,Negeri Sembilan,Seremban
1948,APAC,North Asia,Japan,Aichi,Toyohashi
1970,APAC,North Asia,Japan,Saga,Saga
1984,APAC,North Asia,Japan,Aichi,Anjo
2010,APAC,North Asia,Japan,Aomori,Hachinohe
2057,APAC,North Asia,Japan,Oita,Yokkaichi
2081,APAC,North Asia,Japan,Shizuoka,Hamamatsu
2108,APAC,North Asia,Japan,Hiroshima,Fukuyama
2165,APAC,North Asia,Japan,Nagasaki,Nagasaki
2181,APAC,Oceania,Australia,New South Wales,Goulburn
2207,APAC,North Asia,Japan,Kanagawa,Sagamihara
2246,APAC,Oceania,New Zealand,Bay of Plenty,Rotorua
2281,APAC,Oceania,New Zealand,Bay of Plenty,Whakatane
2287,APAC,Oceania,Australia,New South Wales,Dubbo
2292,APAC,North Asia,Japan,Hyogo,Amagasaki
2323,APAC,North Asia,Japan,Fukui,Fukui
2351,APAC,Oceania,Australia,New South Wales,Queanbeyan
2352,APAC,Oceania,Australia,New South Wales,Katoomba
2366,APAC,Oceania,New Zealand,Waikato,Cambridge
2377,APAC,North Asia,Japan,Kanagawa,Aoba-ku
2388,APAC,North Asia,Japan,Shizuoka,Fuji
2405,APAC,North Asia,Japan,Yamaguchi,Ube
2413,APAC,Central Asia,Afghanistan,Nangarhar,Jalalabad
2439,APAC,North Asia,Japan,Kanagawa,Fujisawa
2453,APAC,Oceania,Australia,New South Wales,Nowra
2465,APAC,North Asia,Japan,Osaka,Kita-ku
2468,APAC,Central Asia,Afghanistan,Kandahar,Kandahar
2492,APAC,Oceania,Australia,New South Wales,Tamworth
2516,APAC,Oceania,New Zealand,Wellington,Upper Hutt
2528,APAC,Oceania,Australia,Northern Territory,Darwin
2538,APAC,North Asia,Japan,Hyogo,Kita-ku
2542,APAC,North Asia,Japan,Hokkaido,Atsugacho
2548,APAC,North Asia,Japan,Osaka,Yao
2574,APAC,North Asia,Japan,Tottori,Tottori
2578,APAC,North Asia,Japan,Kanagawa,Chigasaki
2579,APAC,Central Asia,Bangladesh,Chittagong,Cox?s B?z?r
2581,APAC,Oceania,New Zealand,Hawke's Bay,Hastings
2582,APAC,North Asia,Japan,Ishikawa,Takamatsu
2618,APAC,Central Asia,Bangladesh,Dhaka,Narsingdi
2627,APAC,Central Asia,Bangladesh,Rajshahi,Rajshahi
2677,APAC,North Asia,Japan,Kagawa,Takamatsu
2701,APAC,North Asia,Japan,Nagano,Matsumoto
2721,APAC,North Asia,Japan,Tochigi,Oyama
2726,APAC,Oceania,Australia,New South Wales,Orange
2737,APAC,North Asia,Japan,Mie,Yokkaichi
2762,APAC,North Asia,Japan,Okayama,Kurashiki
2773,APAC,Oceania,Australia,Tasmania,Devonport
2791,APAC,North Asia,Japan,Ibaraki,Tsukuba
2814,APAC,North Asia,Japan,Saitama,Kawaguchi
2820,APAC,North Asia,Japan,Yamaguchi,Shimonoseki
2824,APAC,Oceania,Australia,South Australia,Whyalla
2839,APAC,Central Asia,Bangladesh,Dhaka,Tongi
2848,APAC,North Asia,Japan,Tokyo,Katsushika-ku
2861,APAC,North Asia,Japan,Kanagawa,Hiratsuka
2864,APAC,Oceania,Australia,New South Wales,Broken Hill
2878,APAC,North Asia,Japan,Gunma,Takasaki
2888,APAC,North Asia,Japan,Chiba,Kawaguchi
2900,APAC,Oceania,Australia,South Australia,Mount Gambier
3115,APAC,Oceania,New Zealand,Auckland,Waitakere
3116,APAC,North Asia,South Korea,Seoul,Seoul
3117,APAC,Central Asia,Pakistan,Punjab,Rawalpindi
3118,APAC,Central Asia,Pakistan,Sindh,Sukkur
3120,APAC,Oceania,New Zealand,Auckland,Manukau City
3122,APAC,Oceania,Papua New Guinea,National Capital,Port Moresby
3123,APAC,Central Asia,Pakistan,Punjab,Bahawalpur
3124,APAC,Central Asia,Pakistan,Punjab,Sialkot
3125,APAC,Central Asia,Pakistan,Khyber Pakhtunkhwa,Peshawar
3126,APAC,North Asia,South Korea,Daejeon,Daejeon
3127,APAC,Central Asia,Pakistan,Punjab,Lahore
3128,APAC,Oceania,New Zealand,Auckland,Papakura
3129,APAC,Oceania,New Zealand,Auckland,Auckland
3130,APAC,Oceania,New Zealand,Nelson,Nelson
3131,APAC,Central Asia,Pakistan,F.C.T.,Islamabad
3132,APAC,North Asia,South Korea,Gyeongsangnam,Changwon
3133,APAC,North Asia,South Korea,Daegu,Daegu
3134,APAC,North Asia,Japan,Osaka,Sakai
3135,APAC,North Asia,South Korea,Busan,Busan
3136,APAC,North Asia,Japan,Gunma,Sakai
3137,APAC,North Asia,South Korea,Gyeonggi,Kwangju
3138,APAC,Central Asia,Pakistan,Punjab,Multan
3139,APAC,Central Asia,Pakistan,Sindh,Hyderabad
3140,APAC,Oceania,New Zealand,Otago,Dunedin
3141,APAC,North Asia,South Korea,Gyeonggi,Goyang
3142,APAC,North Asia,South Korea,Gyeonggi,Bucheon
3143,APAC,North Asia,Japan,Ibaraki,Sakai
3144,APAC,North Asia,South Korea,Ulsan,Ulsan
3145,APAC,Central Asia,Pakistan,Punjab,Gujranwala
3146,APAC,North Asia,South Korea,Gangwon,Chuncheon
3147,APAC,Oceania,New Zealand,Gisborne,Gisborne
3149,APAC,Southeast Asia,Thailand,Bangkok,Bangkok
3150,APAC,Southeast Asia,Myanmar (Burma),Yangon,Yangon
3151,APAC,Southeast Asia,Vietnam,Ho Ch? Minh City,Ho Chi Minh City
3152,APAC,Southeast Asia,Philippines,Northern Mindanao,Valencia
3153,APAC,Southeast Asia,Philippines,Western Visayas,Bacolod City
3154,APAC,Southeast Asia,Vietnam,Th? D? H? N?i,Hanoi
3155,APAC,Southeast Asia,Philippines,Cordillera,Baguio City
3156,APAC,Southeast Asia,Vietnam,T?nh C?n Th?,Can Tho
3157,APAC,Southeast Asia,Philippines,Calabarzon,Bacoor
3158,APAC,Southeast Asia,Vietnam,Kh?nh H?a,Nha Trang
3159,APAC,Southeast Asia,Vietnam,D? Nang,Da Nang
3160,APAC,Southeast Asia,Philippines,Calabarzon,Cainta
3161,APAC,Southeast Asia,Philippines,Calabarzon,San Pedro
3162,APAC,Southeast Asia,Philippines,Calabarzon,Antipolo
3163,APAC,Southeast Asia,Philippines,Calabarzon,Calamba
3164,APAC,Southeast Asia,Thailand,Nakhon Ratchasima,Nakhon Ratchasima
3165,APAC,Southeast Asia,Philippines,Central Luzon,San Jose del Monte
3166,APAC,Southeast Asia,Philippines,National Capital,Manila
3167,APAC,Southeast Asia,Philippines,National Capital,Makati
3168,APAC,Southeast Asia,Philippines,National Capital,Marikina
3169,APAC,Southeast Asia,Philippines,National Capital,Caloocan
3170,APAC,Southeast Asia,Philippines,National Capital,Valenzuela
3171,APAC,Southeast Asia,Philippines,National Capital,Pasig
3172,APAC,Southeast Asia,Indonesia,Jawa Barat,Depok
3173,APAC,Southeast Asia,Indonesia,Jakarta,Jakarta
3174,APAC,Southeast Asia,Indonesia,Jawa Barat,Bekasi
3175,APAC,Southeast Asia,Indonesia,Yogyakarta,Yogyakarta
3176,APAC,Southeast Asia,Indonesia,Bali,Denpasar
3177,APAC,Southeast Asia,Indonesia,Jawa Barat,Bandung
3178,APAC,Southeast Asia,Indonesia,Jawa Tengah,Semarang
3179,APAC,Southeast Asia,Indonesia,Nusa Tenggara Timur,Kupang
3180,APAC,Southeast Asia,Indonesia,Sulawesi Tenggara,Kendari
3181,APAC,Southeast Asia,Indonesia,Jawa Timur,Malang
3182,APAC,Southeast Asia,Indonesia,Sumatera Utara,Binjai
3183,APAC,Southeast Asia,Indonesia,Jawa Timur,Surabaya
3184,APAC,Southeast Asia,Indonesia,Sulawesi Utara,Manado
3185,APAC,Southeast Asia,Indonesia,Sumatera Selatan,Palembang
3186,APAC,Southeast Asia,Indonesia,Jawa Barat,Cirebon
3187,APAC,Southeast Asia,Indonesia,Sumatera Utara,Medan
3188,APAC,Southeast Asia,Indonesia,Jawa Timur,Jember
3189,APAC,Southeast Asia,Indonesia,Sumatera Barat,Padang
3190,APAC,Southeast Asia,Indonesia,Jambi,Jambi
3191,APAC,Southeast Asia,Indonesia,Jawa Barat,Bogor
3192,APAC,Southeast Asia,Indonesia,Yogyakarta,Depok
3193,APAC,Southeast Asia,Indonesia,Jawa Tengah,Surakarta
3194,APAC,Southeast Asia,Indonesia,Sumatera Utara,Pematangsiantar
3195,APAC,Southeast Asia,Indonesia,Kalimantan Timur,Balikpapan
3196,APAC,Southeast Asia,Indonesia,Sulawesi Tengah,Palu
3197,APAC,Southeast Asia,Indonesia,Aceh,Banda Aceh
3198,APAC,Southeast Asia,Indonesia,Riau,Dumai
3199,APAC,Southeast Asia,Indonesia,Jawa Barat,Tasikmalaya
3200,APAC,Southeast Asia,Indonesia,Kalimantan Barat,Pontianak
3201,APAC,Southeast Asia,Indonesia,Riau,Pekanbaru
3202,APAC,Southeast Asia,Indonesia,Kalimantan Timur,Samarinda
3203,APAC,Southeast Asia,Indonesia,Jawa Tengah,Pekalongan
3204,APAC,Southeast Asia,Indonesia,Jawa Tengah,Purwokerto
3205,APAC,Southeast Asia,Indonesia,Jawa Tengah,Tegal
3317,APAC,Central Asia,Pakistan,Baluchistan,Quetta
3318,APAC,Central Asia,Pakistan,Punjab,Gujrat
3319,APAC,North Asia,South Korea,Gyeonggi,Suwon
3320,APAC,Central Asia,Pakistan,Punjab,Sargodha
3338,APAC,Southeast Asia,Indonesia,Kalimantan Selatan,Banjarmasin
3339,APAC,Southeast Asia,Indonesia,Papua,Jayapura
3340,APAC,Southeast Asia,Indonesia,Jawa Timur,Probolinggo
3341,APAC,Southeast Asia,Indonesia,Jawa Barat,Sukabumi
3392,APAC,Southeast Asia,Philippines,National Capital,Las Pinas
3426,APAC,Central Asia,Pakistan,Khyber Pakhtunkhwa,Mardan
3427,APAC,Southeast Asia,Vietnam,Ki?n Giang,Rach Gia
3428,APAC,Southeast Asia,Indonesia,Jawa Timur,Kediri
3429,APAC,Southeast Asia,Indonesia,Bengkulu,Bengkulu
3430,APAC,Southeast Asia,Indonesia,Nusa Tenggara Barat,Mataram
3472,APAC,Southeast Asia,Philippines,Central Luzon,Angeles City
3480,APAC,North Asia,South Korea,Jeju,Aew?l-li
3506,APAC,Southeast Asia,Indonesia,Maluku,Ambon
3511,APAC,North Asia,South Korea,Gyeonggi,Anyang
3516,APAC,North Asia,Mongolia,Ulaanbaatar,Ulan Bator
3517,APAC,North Asia,South Korea,South Chungcheong,Cheonan
3532,APAC,Southeast Asia,Indonesia,Jawa Barat,Tangerang
3533,APAC,Southeast Asia,Philippines,Calabarzon,Taytay
3546,APAC,Oceania,Australia,South Australia,Adelaide
3547,APAC,Oceania,Australia,Queensland,Brisbane
3548,APAC,Oceania,Australia,Queensland,Maryborough
3549,APAC,Oceania,Australia,Western Australia,Albany
3550,APAC,Oceania,Australia,Western Australia,Perth
3551,APAC,Oceania,Australia,Western Australia,Kwinana
3552,APAC,Oceania,Australia,Victoria,Melbourne
3553,APAC,Oceania,Australia,Queensland,Gold Coast
3554,APAC,Oceania,Australia,New South Wales,Sydney
3555,APAC,Oceania,Australia,Western Australia,Bunbury
3556,APAC,Oceania,Australia,Victoria,Geelong
3557,APAC,Oceania,Australia,Victoria,Bendigo
3558,APAC,Oceania,Australia,Queensland,Toowoomba
3559,APAC,Oceania,Australia,Queensland,Bundaberg
3560,APAC,Oceania,Australia,Western Australia,Geraldton
3561,APAC,Oceania,Australia,Victoria,Ballarat
3562,APAC,Oceania,Australia,Victoria,Melton
3563,APAC,Oceania,Australia,Western Australia,Mandurah
3564,APAC,Oceania,Australia,Victoria,Traralgon
3565,APAC,Oceania,Australia,Victoria,Sunbury
3566,APAC,Oceania,Australia,Victoria,Echuca
3567,APAC,Oceania,Australia,Victoria,Wodonga
3568,APAC,Oceania,Australia,Victoria,Mildura
3569,APAC,Oceania,Australia,Victoria,Warrnambool
3570,APAC,Oceania,Australia,Queensland,Caloundra
3571,APAC,Oceania,Australia,Queensland,Cairns
3572,APAC,Oceania,Australia,Queensland,Torquay
3573,APAC,Oceania,Australia,Queensland,Rockhampton
3574,APAC,Oceania,Australia,Queensland,Townsville
3575,APAC,Oceania,Australia,Queensland,Mackay
3576,APAC,Oceania,Australia,Queensland,Mount Isa
3577,APAC,Oceania,Australia,Queensland,Gladstone
3578,APAC,Oceania,Australia,Tasmania,Launceston
3579,APAC,Oceania,Australia,New South Wales,Armidale
3580,APAC,Oceania,Australia,New South Wales,Griffith
3581,APAC,Oceania,Australia,New South Wales,Coffs Harbour
441,APAC,North Asia,China,Guangdong,Jieyang
446,APAC,North Asia,China,Jiangsu,Taizhou
450,APAC,North Asia,China,Liaoning,Shenyang
479,APAC,North Asia,China,Shanxi,Taiyuan
482,APAC,North Asia,China,Jiangxi,Yichun
491,APAC,North Asia,China,Hunan,Hengyang
492,APAC,North Asia,China,Jiangxi,Pingxiang
494,APAC,North Asia,China,Shandong,Tengzhou
496,APAC,North Asia,China,Tianjin,Tianjin
504,APAC,North Asia,China,Jilin,Jiutai
513,APAC,North Asia,China,Hunan,Changsha
514,APAC,North Asia,China,Chongqing,Chongqing
530,APAC,North Asia,China,Fujian,Jinjiang
535,APAC,North Asia,China,Zhejiang,Ningbo
554,APAC,North Asia,China,Jiangsu,Huaiyin
558,APAC,North Asia,China,Shanghai,Shanghai
593,APAC,North Asia,China,Fujian,Zhangzhou
595,APAC,North Asia,China,Gansu,Suzhou
608,APAC,North Asia,China,Guangdong,Chaozhou
615,APAC,North Asia,China,Hunan,Liuyang
617,APAC,North Asia,China,Jilin,Changchun
622,APAC,North Asia,China,Henan,Nanyang
624,APAC,North Asia,China,Heilongjiang,Jixi
628,APAC,North Asia,China,Jiangsu,Xinghua
631,APAC,North Asia,China,Hunan,Yiyang
637,APAC,North Asia,China,Sichuan,Mianyang
641,APAC,North Asia,China,Liaoning,Kaiyuan
649,APAC,North Asia,China,Sichuan,Leshan
671,APAC,North Asia,China,Gansu,Lanzhou
676,APAC,North Asia,China,Guangdong,Shenzhen
689,APAC,North Asia,China,Hubei,Jingmen
775,APAC,North Asia,China,Heilongjiang,Shuangyashan
787,APAC,North Asia,China,Inner Mongolia,Chifeng
811,APAC,North Asia,China,Henan,Shangqiu
824,APAC,North Asia,China,Henan,Zhoukou
827,APAC,North Asia,China,Shanxi,Yuncheng
840,APAC,North Asia,China,Jiangsu,Wuxi
857,APAC,North Asia,China,Jilin,Shulan
860,APAC,North Asia,China,Inner Mongolia,Hohhot
867,APAC,North Asia,China,Hubei,Yingcheng
868,APAC,North Asia,China,Henan,Yunyang
870,APAC,North Asia,China,Jiangsu,Yancheng
871,APAC,North Asia,China,Anhui,Suzhou
873,APAC,North Asia,China,Guangdong,Guangzhou
874,APAC,North Asia,China,Jiangsu,Jiangyan
878,APAC,North Asia,China,Hunan,Wuxi
881,APAC,North Asia,China,Jiangsu,Changshu
883,APAC,North Asia,China,Guangxi,Nanning
887,APAC,North Asia,China,Sichuan,Jiangyou
894,APAC,North Asia,China,Jiangsu,Suzhou
895,APAC,North Asia,China,Sichuan,Suining
896,APAC,North Asia,China,Zhejiang,Lanxi
902,APAC,North Asia,China,Guangxi,Guilin
905,APAC,North Asia,China,Guangdong,Foshan
906,APAC,North Asia,China,Henan,Luoyang
913,APAC,North Asia,China,Zhejiang,Jiaxing
915,APAC,North Asia,China,Anhui,Hefei
918,APAC,North Asia,China,Shandong,Jinan
925,APAC,North Asia,China,Guangdong,Zhuhai
933,APAC,North Asia,China,Guangdong,Licheng
961,APAC,North Asia,China,Zhejiang,Hangzhou
1016,APAC,North Asia,China,Shandong,Qingdao
1022,APAC,North Asia,China,Hebei,Zhangjiakou
1038,APAC,North Asia,China,Beijing,Beijing
1039,APAC,North Asia,China,Zhejiang,Linhai
1043,APAC,North Asia,China,Hunan,Yueyang
1054,APAC,North Asia,China,Hunan,Chenzhou
1080,APAC,North Asia,China,Zhejiang,Ninghai
1091,APAC,North Asia,China,Guangdong,Shantou
1103,APAC,North Asia,China,Heilongjiang,Mudanjiang
1125,APAC,North Asia,China,Heilongjiang,Daqing
1135,APAC,North Asia,China,Guangxi,Pingnan
1151,APAC,North Asia,China,Sichuan,Chengdu
1153,APAC,North Asia,China,Inner Mongolia,Baotou
1185,APAC,North Asia,China,Shaanxi,Tongchuan
1188,APAC,North Asia,China,Guangdong,Jiangmen
1189,APAC,North Asia,China,Jiangxi,Nanchang
1197,APAC,North Asia,China,Anhui,Datong
1218,APAC,North Asia,China,Henan,Zhengzhou
1222,APAC,North Asia,China,Jiangsu,Changzhou
1238,APAC,North Asia,China,Shandong,Linyi
1245,APAC,North Asia,China,Zhejiang,Wenzhou
1311,APAC,North Asia,China,Heilongjiang,Qiqihar
1314,APAC,North Asia,China,Henan,Jiaozuo
1332,APAC,North Asia,China,Heilongjiang,Harbin
1347,APAC,North Asia,China,Fujian,Fuzhou
1361,APAC,North Asia,China,Guangxi,Lianzhou
1363,APAC,North Asia,China,Yunnan,Kunming
1370,APAC,North Asia,China,Qinghai,Xining
1379,APAC,North Asia,China,Henan,Puyang
1404,APAC,North Asia,China,Heilongjiang,Jiamusi
1410,APAC,North Asia,China,Hubei,Yicheng
1430,APAC,North Asia,China,Jiangsu,Yangzhou
1460,APAC,North Asia,China,Anhui,Anqing
1465,APAC,North Asia,China,Guangdong,Meizhou
1483,APAC,North Asia,China,Guangdong,Wuchuan
1501,APAC,North Asia,China,Shaanxi,Xianyang
1503,APAC,North Asia,China,Heilongjiang,Yichun
1505,APAC,North Asia,China,Hubei,Xianning
1507,APAC,North Asia,China,Fujian,Xiamen
1508,APAC,North Asia,China,Guangdong,Huizhou
1536,APAC,North Asia,China,Liaoning,Wafangdian
1558,APAC,North Asia,China,Heilongjiang,Wuchang
1560,APAC,North Asia,China,Hainan,Sanya
1567,APAC,North Asia,China,Shandong,Shouguang
1570,APAC,North Asia,China,Shandong,Xintai
1578,APAC,North Asia,China,Liaoning,Anshan
1582,APAC,North Asia,China,Jiangsu,Xuzhou
1584,APAC,North Asia,China,Sichuan,Zigong
1596,APAC,North Asia,China,Shandong,Heze
1598,APAC,North Asia,China,Hunan,Xiangtan
1599,APAC,North Asia,China,Jilin,Siping
1603,APAC,North Asia,China,Zhejiang,Huzhou
1615,APAC,North Asia,China,Zhejiang,Shangyu
1616,APAC,North Asia,China,Jilin,Jiaohe
1624,APAC,North Asia,China,Guangdong,Luoyang
1633,APAC,North Asia,China,Anhui,Chaohu
1634,APAC,North Asia,China,Shanxi,Xinzhou
1638,APAC,North Asia,China,Jiangsu,Gaoyou
1642,APAC,North Asia,China,Anhui,Huaibei
1655,APAC,North Asia,China,Ningxia,Shizuishan
1660,APAC,North Asia,China,Jilin,Gongzhuling
1665,APAC,North Asia,China,Hunan,Lianyuan
1670,APAC,North Asia,China,Henan,Pingdingshan
1672,APAC,North Asia,China,Guangdong,Dongguan
1695,APAC,North Asia,China,Jiangsu,Jiangdu
1696,APAC,North Asia,China,Shanxi,Yangquan
1697,APAC,North Asia,China,Hubei,Macheng
1706,APAC,North Asia,China,Shandong,Binzhou
1726,APAC,North Asia,China,Heilongjiang,Suihua
1730,APAC,North Asia,China,Shandong,Ninghai
1745,APAC,North Asia,China,Zhejiang,Yiwu
1753,APAC,North Asia,China,Shandong,Weifang
1768,APAC,North Asia,China,Henan,Kaifeng
1774,APAC,North Asia,China,Inner Mongolia,Wuhai
1782,APAC,North Asia,China,Fujian,Quanzhou
1785,APAC,North Asia,China,Sichuan,Deyang
1788,APAC,North Asia,China,Inner Mongolia,Jining
1802,APAC,North Asia,China,Liaoning,Fushun
1810,APAC,North Asia,China,Hebei,Cangzhou
1819,APAC,North Asia,China,Hubei,Guangshui
1820,APAC,North Asia,China,Liaoning,Beipiao
1824,APAC,North Asia,China,Liaoning,Chaoyang
1826,APAC,North Asia,China,Zhejiang,Yuyao
1885,APAC,North Asia,China,Jilin,Yanji
1905,APAC,North Asia,China,Tianjin,Hangu
1918,APAC,North Asia,China,Anhui,Huainan
1939,APAC,North Asia,China,Fujian,Sanming
1958,APAC,North Asia,China,Zhejiang,Wenling
1976,APAC,North Asia,China,Sichuan,Yibin
1977,APAC,North Asia,China,Sichuan,Neijiang
1990,APAC,North Asia,China,Hebei,Tangshan
1994,APAC,North Asia,China,Guangdong,Donghai
2003,APAC,North Asia,China,Sichuan,Nanchong
2006,APAC,North Asia,China,Hubei,Xinzhou
2007,APAC,North Asia,China,Zhejiang,Jinhua
2014,APAC,North Asia,China,Hubei,Xiaogan
2016,APAC,North Asia,China,Heilongjiang,Qitaihe
2017,APAC,North Asia,China,Liaoning,Dalian
2044,APAC,North Asia,China,Shandong,Jining
2045,APAC,North Asia,China,Shaanxi,Xi'an
2048,APAC,North Asia,China,Shandong,Gaomi
2052,APAC,North Asia,China,Shanxi,Datong
2074,APAC,North Asia,China,Shandong,Yantai
2076,APAC,North Asia,China,Xinjiang Uygur,Shihezi
2087,APAC,North Asia,China,Jiangsu,Nantong
2091,APAC,North Asia,China,Guizhou,Bijie
2095,APAC,North Asia,China,Henan,Xinxiang
2098,APAC,North Asia,China,Shandong,Laiyang
2127,APAC,North Asia,China,Sichuan,Tongchuan
2128,APAC,North Asia,China,Zhejiang,Shaoxing
2141,APAC,North Asia,China,Heilongjiang,Binzhou
2158,APAC,North Asia,China,Anhui,Huangshan
2161,APAC,North Asia,China,Hubei,Suizhou
2169,APAC,North Asia,China,Hainan,Haikou
2174,APAC,North Asia,China,Xinjiang Uygur,Aksu
2178,APAC,North Asia,China,Hubei,Shashi
2183,APAC,North Asia,China,Jilin,Huadian
2194,APAC,North Asia,China,Liaoning,Tieling
2208,APAC,North Asia,China,Jiangsu,Zhenjiang
2216,APAC,North Asia,China,Liaoning,Benxi
2220,APAC,North Asia,China,Guangxi,Wuzhou
2221,APAC,North Asia,China,Guizhou,Zunyi
2227,APAC,North Asia,China,Jiangxi,Jingdezhen
2237,APAC,North Asia,China,Heilongjiang,Hailin
2245,APAC,North Asia,China,Hubei,Xinshi
2263,APAC,North Asia,China,Tianjin,Tanggu
2264,APAC,North Asia,China,Jiangsu,Qidong
2269,APAC,North Asia,China,Xinjiang Uygur,Korla
2271,APAC,North Asia,China,Guangdong,Heyuan
2276,APAC,North Asia,China,Shandong,Liaocheng
2283,APAC,North Asia,China,Hebei,Baoding
2297,APAC,North Asia,China,Fujian,Luoyang
2305,APAC,North Asia,China,Hubei,Laohekou
2312,APAC,North Asia,China,Jilin,Jilin
2313,APAC,North Asia,China,Jiangsu,Taixing
2325,APAC,North Asia,China,Hebei,Shijiazhuang
2328,APAC,North Asia,China,Hebei,Renqiu
2342,APAC,North Asia,China,Hebei,Xuanhua
2367,APAC,North Asia,China,Sichuan,Xichang
2395,APAC,North Asia,China,Shanxi,Yuci
2399,APAC,North Asia,China,Beijing,Tongzhou
2402,APAC,North Asia,China,Hunan,Zhuzhou
2418,APAC,North Asia,China,Hubei,Ezhou
2423,APAC,North Asia,China,Hebei,Handan
2438,APAC,North Asia,China,Hubei,Xiantao
2444,APAC,North Asia,China,Hubei,Zhongxiang
2463,APAC,North Asia,China,Hubei,Huangshi
2476,APAC,North Asia,China,Shandong,Rizhao
2480,APAC,North Asia,China,Henan,Anyang
2483,APAC,North Asia,China,Henan,Luohe
2504,APAC,North Asia,China,Henan,Zhumadian
2505,APAC,North Asia,China,Liaoning,Liaoyang
2507,APAC,North Asia,China,Guangdong,Yangjiang
2517,APAC,North Asia,China,Henan,Hebi
2552,APAC,North Asia,China,Yunnan,Kaiyuan
2576,APAC,North Asia,China,Heilongjiang,Zhaoyuan
2580,APAC,North Asia,China,Guangdong,Shanwei
2583,APAC,North Asia,China,Hebei,Langfang
2602,APAC,North Asia,China,Jilin,Yushu
2603,APAC,North Asia,China,Guangdong,Lianzhou
2628,APAC,North Asia,China,Shandong,Weihai
2629,APAC,North Asia,China,Hunan,Huaihua
2633,APAC,North Asia,China,Shandong,Zaozhuang
2646,APAC,North Asia,China,Guangdong,Zhanjiang
2648,APAC,North Asia,China,Guangdong,Xinyi
2655,APAC,North Asia,China,Anhui,Bengbu
2678,APAC,North Asia,China,Hunan,Yuanjiang
2720,APAC,North Asia,China,Chongqing,Hechuan
2724,APAC,North Asia,China,Shanxi,Changzhi
2727,APAC,North Asia,China,Jilin,Liaoyuan
2745,APAC,North Asia,China,Liaoning,Fengcheng
2748,APAC,North Asia,China,Jiangsu,Licheng
2764,APAC,North Asia,China,Heilongjiang,Shangzhi
2769,APAC,North Asia,China,Hunan,Changde
2779,APAC,North Asia,China,Inner Mongolia,Tongliao
2792,APAC,North Asia,China,Hunan,Loudi
2793,APAC,North Asia,China,Heilongjiang,Shuangcheng
2794,APAC,North Asia,China,Guangxi,Guiping
2809,APAC,North Asia,China,Shandong,Wendeng
2812,APAC,North Asia,China,Guizhou,Anshun
2819,APAC,North Asia,China,Jiangsu,Chengjiang
2822,APAC,North Asia,China,Chongqing,Yongchuan
2835,APAC,North Asia,China,Anhui,Tongling
2836,APAC,North Asia,China,Hubei,Zaoyang
2849,APAC,North Asia,China,Anhui,Jieshou
2851,APAC,North Asia,China,Jilin,Chaoyang
2853,APAC,North Asia,China,Hubei,Xiangfan
2868,APAC,North Asia,China,Shanxi,Jincheng
2874,APAC,North Asia,China,Beijing,Mentougou
2875,APAC,North Asia,China,Guizhou,Guiyang
2881,APAC,North Asia,China,Hebei,Xingtai
2886,APAC,North Asia,China,Guangdong,Zhaoqing
2891,APAC,North Asia,China,Shandong,Penglai
3121,APAC,North Asia,China,Hubei,Wuhan
3148,APAC,North Asia,China,Shaanxi,Yulin
459,LATAM,South,Brazil,S?o Paulo,Cotia
470,LATAM,South,Brazil,Rio Grande do Sul,Santa Rosa
515,LATAM,South,Brazil,Parana,Toledo
516,LATAM,South,Brazil,Cear?,Fortaleza
518,LATAM,South,Brazil,Minas Gerais,Montes Claros
533,LATAM,South,Brazil,S?o Paulo,Guarulhos
546,LATAM,South,Brazil,S?o Paulo,Jundiai
562,LATAM,South,Brazil,Santa Catarina,Navegantes
563,LATAM,South,Brazil,Bahia,Feira de Santana
570,LATAM,South,Brazil,Rio de Janeiro,Petropolis
575,LATAM,South,Brazil,Sao Paulo,Sao Paulo
590,LATAM,South,Brazil,Bahia,Jequie
602,LATAM,South,Brazil,Sergipe,Aracaju
607,LATAM,South,Brazil,Sao Paulo,Taboao da Serra
643,LATAM,South,Brazil,S?o Paulo,Aracatuba
648,LATAM,South,Brazil,S?o Paulo,Franca
667,LATAM,South,Brazil,Rio Grande do Sul,Bage
692,LATAM,South,Brazil,Minas Gerais,Vespasiano
693,LATAM,South,Brazil,Sao Paulo,Tupa
697,LATAM,South,Brazil,Amazonas,Manaus
789,LATAM,South,Brazil,Sao Paulo,Taubate
805,LATAM,South,Brazil,GoiAs,Aguas Lindas de GoiAs
820,LATAM,South,Brazil,S?o Paulo,Diadema
843,LATAM,South,Brazil,S?o Paulo,Jaboticabal
875,LATAM,South,Brazil,Rio de Janeiro,Sao Goncalo
884,LATAM,South,Brazil,Pernambuco,Cabo de Santo Agostinho
890,LATAM,South,Brazil,Rio Grande do Sul,Porto Alegre
891,LATAM,South,Brazil,Federal District,Brasilia
892,LATAM,South,Brazil,Rio Grande do Sul,Lajeado
903,LATAM,South,Brazil,Para,Santarem
908,LATAM,South,Brazil,Parana,Curitiba
914,LATAM,South,Brazil,Rio Grande do Sul,Rio Grande
927,LATAM,South,Brazil,S?o Paulo,Osasco
935,LATAM,South,Brazil,Rond?nia,Ji-Parana
946,LATAM,South,Brazil,S?o Paulo,Itapevi
954,LATAM,South,Brazil,Cear?,Caucaia
956,LATAM,South,Brazil,Sao Paulo,Santo Andre
959,LATAM,South,Brazil,Parana,Maringa
1019,LATAM,South,Brazil,Mato Grosso do Sul,Dourados
1045,LATAM,South,Brazil,Minas Gerais,Juiz de Fora
1053,LATAM,South,Brazil,S?o Paulo,S?o Bernardo do Campo
1059,LATAM,South,Brazil,Maranh?o,S?o Lu?s
1075,LATAM,South,Brazil,Santa Catarina,Chapec?
1078,LATAM,South,Brazil,Piau?,Teresina
1107,LATAM,South,Brazil,Goi?s,Goi?nia
1108,LATAM,South,Brazil,Parana,Londrina
1139,LATAM,South,Brazil,Pernambuco,Recife
1198,LATAM,South,Brazil,S?o Paulo,Americana
1199,LATAM,South,Brazil,Rio Grande do Sul,Caxias do Sul
1201,LATAM,South,Brazil,Minas Gerais,Ibirit?
1215,LATAM,South,Brazil,Bahia,Cama?ari
1217,LATAM,South,Brazil,S?o Paulo,Mococa
1219,LATAM,South,Brazil,Rio de Janeiro,Barra do Pira?
1226,LATAM,South,Brazil,S?o Paulo,Barretos
1255,LATAM,South,Brazil,Minas Gerais,Patroc?nio
1318,LATAM,South,Brazil,Alagoas,Macei?
1326,LATAM,South,Brazil,Para?ba,Cajazeiras
1394,LATAM,South,Brazil,Rio Grande do Sul,Pelotas
1395,LATAM,South,Brazil,Parana,Arapongas
1405,LATAM,South,Brazil,S?o Paulo,Itapeva
1408,LATAM,South,Brazil,Rio Grande do Sul,S?o Leopoldo
1414,LATAM,South,Brazil,S?o Paulo,Mau?
1437,LATAM,South,Brazil,Minas Gerais,Betim
1456,LATAM,South,Brazil,Bahia,Itamaraju
1457,LATAM,South,Brazil,Para?ba,Bayeux
1459,LATAM,South,Brazil,Parana,Colombo
1468,LATAM,South,Brazil,Rio Grande do Sul,Canoas
1474,LATAM,South,Brazil,S?o Paulo,Santana de Parna?ba
1514,LATAM,South,Brazil,Minas Gerais,Conselheiro Lafaiete
1517,LATAM,South,Brazil,Para?ba,Jo?o Pessoa
1521,LATAM,South,Brazil,Bahia,Guanambi
1522,LATAM,South,Brazil,Tocantins,Aragua?na
1565,LATAM,South,Brazil,Esp?rito Santo,Serra
1572,LATAM,South,Brazil,S?o Paulo,Jos? Bonif?cio
1573,LATAM,South,Brazil,Parana,Rol?ndia
1592,LATAM,South,Brazil,S?o Paulo,Bragan?a Paulista
1600,LATAM,South,Brazil,Parana,Francisco Beltr?o
1609,LATAM,South,Brazil,Parana,Paranagu?
1614,LATAM,South,Brazil,S?o Paulo,Ibi?na
1617,LATAM,South,Brazil,Pernambuco,Paulista
1619,LATAM,South,Brazil,Santa Catarina,Gaspar
1635,LATAM,South,Brazil,Amap?,Macap?
1648,LATAM,South,Brazil,S?o Paulo,Araraquara
1657,LATAM,South,Brazil,Rond?nia,Ariquemes
1662,LATAM,South,Brazil,Rio Grande do Sul,Gravata?
1675,LATAM,South,Brazil,Tocantins,Gurupi
1678,LATAM,South,Brazil,Pernambuco,Garanhuns
1681,LATAM,South,Brazil,S?o Paulo,Guaruj?
1692,LATAM,South,Brazil,Minas Gerais,Uberaba
1714,LATAM,South,Brazil,Esp?rito Santo,Vit?ria
1735,LATAM,South,Brazil,Goi?s,Novo Gama
1737,LATAM,South,Brazil,Cear?,Tiangu?
1755,LATAM,South,Brazil,Santa Catarina,Balne?rio Cambori?
1756,LATAM,South,Brazil,Goi?s,Valpara?so de Goi?s
1759,LATAM,South,Brazil,S?o Paulo,Ribeir?o Preto
1763,LATAM,South,Brazil,Maranh?o,Graja?
1783,LATAM,South,Brazil,Bahia,Senhor do Bonfim
1786,LATAM,South,Brazil,Alagoas,Penedo
1794,LATAM,South,Brazil,Goi?s,Catal?o
1808,LATAM,South,Brazil,Bahia,Vit?ria da Conquista
1814,LATAM,South,Brazil,Cear?,Aracati
1818,LATAM,South,Brazil,Minas Gerais,Passos
1882,LATAM,South,Brazil,Rio de Janeiro,Niter?i
1889,LATAM,South,Brazil,Acre,Rio Branco
1891,LATAM,South,Brazil,Amazonas,Coari
1906,LATAM,South,Brazil,Para?ba,Campina Grande
1910,LATAM,South,Brazil,Cear?,S?o Benedito
1926,LATAM,South,Brazil,Acre,Cruzeiro do Sul
1928,LATAM,South,Brazil,Rio de Janeiro,Duque de Caxias
1951,LATAM,South,Brazil,Rio Grande do Sul,Santa Cruz do Sul
1960,LATAM,South,Brazil,S?o Paulo,Limeira
1980,LATAM,South,Brazil,Cear?,Crato
1982,LATAM,South,Brazil,Rio Grande do Sul,Uruguaiana
1985,LATAM,South,Brazil,Minas Gerais,Nova Serrana
1995,LATAM,South,Brazil,S?o Paulo,Jacare?
1996,LATAM,South,Brazil,Amazonas,Manacapuru
1998,LATAM,South,Brazil,S?o Paulo,Presidente Prudente
1999,LATAM,South,Brazil,S?o Paulo,Sorocaba
2001,LATAM,South,Brazil,Santa Catarina,Itaja?
2009,LATAM,South,Brazil,S?o Paulo,Ja?
2018,LATAM,South,Brazil,S?o Paulo,Praia Grande
2050,LATAM,South,Brazil,Alagoas,Arapiraca
2051,LATAM,South,Brazil,S?o Paulo,Guaratinguet?
2065,LATAM,South,Brazil,Santa Catarina,Crici?ma
2086,LATAM,South,Brazil,Para?ba,Sousa
2088,LATAM,South,Brazil,Mato Grosso do Sul,Campo Grande
2090,LATAM,South,Brazil,Par?,Ananindeua
2101,LATAM,South,Brazil,S?o Paulo,Mogi das Cruzes
2103,LATAM,South,Brazil,Rio Grande do Sul,Passo Fundo
2119,LATAM,South,Brazil,S?o Paulo,Santos
2131,LATAM,South,Brazil,S?o Paulo,Itapetininga
2139,LATAM,South,Brazil,Rio de Janeiro,Resende
2143,LATAM,South,Brazil,S?o Paulo,Barueri
2151,LATAM,South,Brazil,Parana,Pato Branco
2157,LATAM,South,Brazil,Mato Grosso,Cuiab?
2166,LATAM,South,Brazil,Minas Gerais,Ita?na
2173,LATAM,South,Brazil,Santa Catarina,Ca?ador
2193,LATAM,South,Brazil,Esp?rito Santo,Linhares
2198,LATAM,South,Brazil,S?o Paulo,Votuporanga
2200,LATAM,South,Brazil,S?o Paulo,Campo Limpo Paulista
2211,LATAM,South,Brazil,Rio Grande do Norte,Mossor?
2222,LATAM,South,Brazil,Par?,Castanhal
2232,LATAM,South,Brazil,Roraima,Boa Vista
2242,LATAM,South,Brazil,S?o Paulo,Carapicu?ba
2262,LATAM,South,Brazil,Mato Grosso do Sul,Cassil?ndia
2265,LATAM,South,Brazil,Rio Grande do Sul,Sapucaia do Sul
2272,LATAM,South,Brazil,S?o Paulo,Itu
2277,LATAM,South,Brazil,S?o Paulo,Valinhos
2290,LATAM,South,Brazil,Rio Grande do Sul,Iju?
2315,LATAM,South,Brazil,Pernambuco,Vit?ria de Santo Ant?o
2322,LATAM,South,Brazil,Minas Gerais,Pouso Alegre
2324,LATAM,South,Brazil,Mato Grosso,Sinop
2329,LATAM,South,Brazil,Rio de Janeiro,Teres?polis
2349,LATAM,South,Brazil,Santa Catarina,Palho?a
2356,LATAM,South,Brazil,S?o Paulo,Sumar?
2384,LATAM,South,Brazil,S?o Paulo,Caraguatatuba
2385,LATAM,South,Brazil,Bahia,Barreiras
2390,LATAM,South,Brazil,Bahia,Juazeiro
2403,LATAM,South,Brazil,S?o Paulo,S?o Vicente
2425,LATAM,South,Brazil,Minas Gerais,Boa Esperan?a
2450,LATAM,South,Brazil,Rio Grande do Sul,Bento Gon?alves
2451,LATAM,South,Brazil,S?o Paulo,Franco da Rocha
2457,LATAM,South,Brazil,Rio Grande do Norte,Natal
2460,LATAM,South,Brazil,Rio de Janeiro,Cabo Frio
2467,LATAM,South,Brazil,Bahia,Sim?es Filho
2469,LATAM,South,Brazil,Pernambuco,Camaragibe
2475,LATAM,South,Brazil,Rio de Janeiro,S?o Pedro da Aldeia
2486,LATAM,South,Brazil,Par?,Itaituba
2515,LATAM,South,Brazil,S?o Paulo,Catanduva
2520,LATAM,South,Brazil,S?o Paulo,Indaiatuba
2526,LATAM,South,Brazil,Par?,Altamira
2531,LATAM,South,Brazil,Par?,Oriximin?
2569,LATAM,South,Brazil,Pernambuco,Igarassu
2570,LATAM,South,Brazil,Parana,Guarapuava
2571,LATAM,South,Brazil,S?o Paulo,Birigui
2572,LATAM,South,Brazil,Minas Gerais,Novo Cruzeiro
2573,LATAM,South,Brazil,Parana,Apucarana
2610,LATAM,South,Brazil,S?o Paulo,Cosm?polis
2611,LATAM,South,Brazil,Bahia,Eun?polis
2612,LATAM,South,Brazil,Maranh?o,Itapecuru Mirim
2613,LATAM,South,Brazil,Rio Grande do Sul,Vacaria
2614,LATAM,South,Brazil,Rio de Janeiro,Barra Mansa
2615,LATAM,South,Brazil,S?o Paulo,Lorena
2616,LATAM,South,Brazil,S?o Paulo,Pindamonhangaba
2617,LATAM,South,Brazil,S?o Paulo,Lins
2641,LATAM,South,Brazil,Pernambuco,Palmares
2643,LATAM,South,Brazil,Rio de Janeiro,Serop?dica
2644,LATAM,South,Brazil,Minas Gerais,Uberl?ndia
2645,LATAM,South,Brazil,Goi?s,Cidade Ocidental
2656,LATAM,South,Brazil,Santa Catarina,Joinville
2660,LATAM,South,Brazil,Goi?s,Jata?
2668,LATAM,South,Brazil,Pernambuco,Jurema
2696,LATAM,South,Brazil,S?o Paulo,Tatu?
2705,LATAM,South,Brazil,Mato Grosso,Sorriso
2728,LATAM,South,Brazil,Minas Gerais,Ituiutaba
2732,LATAM,South,Brazil,Cear?,Sobral
2735,LATAM,South,Brazil,Maranh?o,Pinheiro
2738,LATAM,South,Brazil,Bahia,Cruz das Almas
2746,LATAM,South,Brazil,Minas Gerais,Ipatinga
2767,LATAM,South,Brazil,Goi?s,An?polis
2768,LATAM,South,Brazil,Minas Gerais,Divin?polis
2778,LATAM,South,Brazil,Parana,Umuarama
2783,LATAM,South,Brazil,S?o Paulo,S?o Jos? dos Campos
2785,LATAM,South,Brazil,S?o Paulo,Cruzeiro
2786,LATAM,South,Brazil,Maranh?o,Santa Helena
2787,LATAM,South,Brazil,Pernambuco,Gravat?
2789,LATAM,South,Brazil,S?o Paulo,Francisco Morato
2796,LATAM,South,Brazil,S?o Paulo,Cubat?o
2800,LATAM,South,Brazil,Esp?rito Santo,Guarapari
2801,LATAM,South,Brazil,Maranh?o,Buriticupu
2811,LATAM,South,Brazil,Pernambuco,Arcoverde
2813,LATAM,South,Brazil,Minas Gerais,Paracatu
2825,LATAM,South,Brazil,Rio Grande do Sul,Erechim
2831,LATAM,South,Brazil,Parana,Camb?
2840,LATAM,South,Brazil,S?o Paulo,Len??is Paulista
2841,LATAM,South,Brazil,Parana,Arauc?ria
2859,LATAM,South,Brazil,S?o Paulo,Itapecerica da Serra
2862,LATAM,South,Brazil,Bahia,Ilh?us
2865,LATAM,South,Brazil,Mato Grosso,V?rzea Grande
2870,LATAM,South,Brazil,Maranh?o,Pa?o do Lumiar
2876,LATAM,South,Brazil,S?o Paulo,Andradina
2883,LATAM,South,Brazil,Mato Grosso,Rondon?polis
2895,LATAM,South,Brazil,Rio Grande do Sul,Farroupilha
2896,LATAM,South,Brazil,Minas Gerais,Po?os de Caldas
2901,LATAM,South,Brazil,S?o Paulo,Salto
3206,LATAM,South,Brazil,Cear?,Limoeiro do Norte
3207,LATAM,South,Brazil,Rond?nia,Vilhena
3208,LATAM,South,Brazil,Bahia,Salvador
3209,LATAM,South,Brazil,Minas Gerais,Ponte Nova
3210,LATAM,South,Brazil,Pernambuco,Bezerros
3211,LATAM,South,Brazil,Piau?,Floriano
3212,LATAM,South,Brazil,Santa Catarina,Indaial
3213,LATAM,South,Brazil,Santa Catarina,Blumenau
3214,LATAM,South,Brazil,Rio Grande do Norte,A?u
3215,LATAM,South,Brazil,Maranh?o,Presidente Dutra
3216,LATAM,South,Brazil,Minas Gerais,Pirapora
3217,LATAM,South,Brazil,Alagoas,S?o Miguel dos Campos
3218,LATAM,South,Brazil,Bahia,Bom Jesus da Lapa
3219,LATAM,South,Brazil,Bahia,Brumado
3220,LATAM,South,Brazil,Pernambuco,Surubim
3221,LATAM,South,Brazil,Rio de Janeiro,Vassouras
3222,LATAM,South,Brazil,Amazonas,Parintins
3223,LATAM,South,Brazil,Bahia,Jacobina
3224,LATAM,South,Brazil,Minas Gerais,Belo Horizonte
3225,LATAM,South,Brazil,Cear?,Camocim
3226,LATAM,South,Brazil,Cear?,Quixad?
3227,LATAM,South,Brazil,Santa Catarina,Ararangu?
3228,LATAM,South,Brazil,Alagoas,Pilar
3229,LATAM,South,Brazil,Maranh?o,Barreirinhas
3309,LATAM,South,Brazil,Mato Grosso,Pontes e Lacerda
3413,LATAM,South,Brazil,S?o Paulo,Registro
3475,LATAM,South,Brazil,Minas Gerais,Contagem
3491,LATAM,South,Brazil,Minas Gerais,Barbacena
3496,LATAM,South,Brazil,Pernambuco,Abreu e Lima
430,EU,South,Italy,Sicily,Trapani
475,EU,South,Italy,Piedmont,Turin
501,EU,South,Italy,Veneto,Venice
523,EU,South,Italy,Sicily,Palermo
545,EU,South,Italy,Apulia,Trani
551,EU,South,Italy,Campania,Marano di Napoli
557,EU,South,Italy,Lombardy,Bergamo
567,EU,South,Italy,Lazio,Rome
574,EU,South,Italy,Lombardy,Milan
604,EU,South,Italy,Sicily,Agrigento
623,EU,South,Italy,Veneto,Rovigo
635,EU,South,Italy,Trentino-Alto Adige,Trento
664,EU,South,Italy,Sicily,Gela
670,EU,South,Italy,Veneto,Vicenza
792,EU,South,Italy,Apulia,Bitonto
794,EU,South,Italy,Piedmont,Cuneo
796,EU,South,Italy,Apulia,Bari
798,EU,South,Italy,Marche,Ancona
799,EU,South,Italy,Lombardy,Monza
803,EU,South,Italy,Tuscany,Prato
866,EU,South,Italy,Lombardy,Sesto San Giovanni
869,EU,South,Italy,Apulia,Brindisi
882,EU,South,Italy,Trentino-Alto Adige,Bolzano
889,EU,South,Italy,Emilia-Romagna,Ferrara
901,EU,South,Italy,Emilia-Romagna,Reggio nell'Emilia
912,EU,South,Italy,Lombardy,Brescia
926,EU,South,Italy,Abruzzi,Teramo
937,EU,South,Italy,Apulia,Taranto
945,EU,South,Italy,Marche,Pesaro
953,EU,South,Italy,Emilia-Romagna,Ravenna
1033,EU,South,Italy,Apulia,Lecce
1114,EU,South,Italy,Sicily,Vittoria
1115,EU,South,Italy,Sicily,Acireale
1131,EU,South,Italy,Friuli-Venezia Giulia,Trieste
1136,EU,South,Italy,Umbria,Perugia
1150,EU,South,Italy,Tuscany,Grosseto
1152,EU,South,Italy,Campania,Naples
1161,EU,South,Italy,Tuscany,Florence
1179,EU,South,Italy,Campania,Pozzuoli
1192,EU,South,Italy,Lazio,Latina
1194,EU,South,Italy,Apulia,Cerignola
1196,EU,South,Italy,Tuscany,Lucca
1210,EU,South,Italy,Emilia-Romagna,Imola
1322,EU,South,Italy,Tuscany,Carrara
1341,EU,South,Italy,Tuscany,Montecatini Terme
1346,EU,South,Italy,Apulia,Andria
1352,EU,South,Italy,Sicily,Messina
1355,EU,South,Italy,Apulia,Foggia
1357,EU,South,Italy,Liguria,Genoa
1373,EU,South,Italy,Emilia-Romagna,Modena
1390,EU,South,Italy,Emilia-Romagna,Piacenza
1418,EU,South,Italy,Piedmont,Moncalieri
1421,EU,South,Italy,Lazio,Velletri
1454,EU,South,Italy,Lazio,Aprilia
1462,EU,South,Italy,Emilia-Romagna,Bologna
1485,EU,South,Italy,Lazio,Tivoli
1489,EU,South,Italy,Apulia,Molfetta
1498,EU,South,Italy,Apulia,Altamura
1527,EU,South,Italy,Sicily,Marsala
1540,EU,South,Italy,Campania,Benevento
1569,EU,South,Italy,Lazio,Pomezia
1571,EU,South,Italy,Lombardy,Vigevano
1593,EU,South,Italy,Basilicata,Potenza
1597,EU,South,Italy,Emilia-Romagna,Cesena
1604,EU,South,Italy,Lombardy,Cinisello Balsamo
1712,EU,South,Italy,Campania,Portici
1729,EU,South,Italy,Veneto,Treviso
1743,EU,South,Italy,Abruzzi,Pescara
1832,EU,South,Italy,Lombardy,Cremona
1880,EU,South,Italy,Lazio,Viterbo
1920,EU,South,Italy,Emilia-Romagna,Faenza
1983,EU,South,Italy,Liguria,La Spezia
1988,EU,South,Italy,Liguria,Savona
1991,EU,South,Italy,Emilia-Romagna,Rimini
1993,EU,South,Italy,Emilia-Romagna,Vignola
2011,EU,South,Italy,Piedmont,Asti
2049,EU,South,Italy,Sicily,Catania
2083,EU,South,Italy,Umbria,Foligno
2094,EU,South,Italy,Lombardy,Legnano
2117,EU,South,Italy,Emilia-Romagna,Carpi
2120,EU,South,Italy,Tuscany,Arezzo
2132,EU,South,Italy,Piedmont,Alessandria
2197,EU,South,Italy,Tuscany,Marina di Carrara
2202,EU,South,Italy,Piedmont,Novara
2213,EU,South,Italy,Tuscany,Pisa
2236,EU,South,Italy,Marche,Falconara Marittima
2257,EU,South,Italy,Campania,Ercolano
2279,EU,South,Italy,Marche,Fano
2302,EU,South,Italy,Calabria,Crotone
2309,EU,South,Italy,Tuscany,Pistoia
2311,EU,South,Italy,Emilia-Romagna,Parma
2348,EU,South,Italy,Campania,Torre del Greco
2360,EU,South,Italy,Sicily,Modica
2396,EU,South,Italy,Sardinia,Cagliari
2406,EU,South,Italy,Campania,Afragola
2461,EU,South,Italy,Campania,Acerra
2479,EU,South,Italy,Tuscany,Capannori
2495,EU,South,Italy,Calabria,Cosenza
2496,EU,South,Italy,Campania,Avellino
2509,EU,South,Italy,Sicily,Ragusa
2559,EU,South,Italy,Lombardy,Busto Arsizio
2561,EU,South,Italy,Campania,Capua
2568,EU,South,Italy,Campania,Casoria
2598,EU,South,Italy,Tuscany,Siena
2621,EU,South,Italy,Sardinia,Sassari
2636,EU,South,Italy,Veneto,Verona
2638,EU,South,Italy,Lazio,Fiumicino
2640,EU,South,Italy,Lazio,Guidonia Montecelio
2702,EU,South,Italy,Tuscany,Massa
2758,EU,South,Italy,Lombardy,Gallarate
2760,EU,South,Italy,Lazio,Anzio
2775,EU,South,Italy,Lazio,Civitavecchia
2797,EU,South,Italy,Campania,Cercola
2826,EU,South,Italy,Lombardy,Como
2852,EU,South,Italy,Abruzzi,Chieti
2885,EU,South,Italy,Apulia,Barletta
2887,EU,South,Italy,Campania,Boscoreale
3079,EU,South,Italy,Campania,Battipaglia
3081,EU,South,Italy,Apulia,San Severo
3082,EU,South,Italy,Lombardy,Treviglio
3385,EU,South,Italy,Veneto,Chioggia
3386,EU,South,Italy,Campania,Caserta
3387,EU,South,Italy,Sardinia,Quartu Sant'Elena
3396,EU,South,Italy,Lombardy,Varese
3408,EU,South,Italy,Apulia,Bisceglie
3489,EU,South,Italy,Campania,Castellammare di Stabia
3512,EU,South,Italy,Apulia,Manfredonia
438,EU,South,Spain,Catalonia,Barcelona
439,EU,South,Spain,Castile and Le?n,Ponferrada
464,EU,South,Spain,Valenciana,Valencia
465,EU,South,Spain,Madrid,Madrid
512,EU,South,Spain,Valenciana,Elx
543,EU,South,Spain,Andalus?a,Seville
573,EU,South,Spain,Castile-La Mancha,Puertollano
597,EU,South,Spain,Basque Country,Bilbao
613,EU,South,Spain,Murcia,Murcia
659,EU,South,Spain,Catalonia,Girona
672,EU,South,Spain,Catalonia,Granollers
788,EU,South,Spain,Catalonia,Tarragona
821,EU,South,Spain,Murcia,Molina de Segura
852,EU,South,Spain,Castile-La Mancha,Talavera de la Reina
897,EU,South,Spain,Basque Country,San Sebastian
917,EU,South,Spain,Castile and Le?n,Valladolid
922,EU,South,Spain,Madrid,Alcobendas
1042,EU,South,Spain,Valenciana,Benidorm
1048,EU,South,Spain,Catalonia,Castelldefels
1116,EU,South,Spain,Castile-La Mancha,Albacete
1155,EU,South,Spain,Galicia,Lugo
1167,EU,South,Spain,Catalonia,Reus
1173,EU,South,Spain,Balearic Islands,Palma de Mallorca
1200,EU,South,Spain,Valenciana,Elda
1202,EU,South,Spain,Valenciana,Gandia
1207,EU,South,Spain,Madrid,Las Rozas de Madrid
1239,EU,South,Spain,Valenciana,Orihuela
1244,EU,South,Spain,Catalonia,El Prat de Llobregat
1306,EU,South,Spain,Castile and Le?n,Salamanca
1309,EU,South,Spain,Basque Country,Getxo
1335,EU,South,Spain,Valenciana,Torrevieja
1342,EU,South,Spain,Galicia,Vigo
1349,EU,South,Spain,Andalus?a,Lora del R?o
1381,EU,South,Spain,Andalus?a,Estepona
1388,EU,South,Spain,Basque Country,Vitoria
1433,EU,South,Spain,Basque Country,Irun
1436,EU,South,Spain,Catalonia,Sant Boi de Llobregat
1471,EU,South,Spain,Murcia,Cartagena
1542,EU,South,Spain,Andalus?a,Marbella
1576,EU,South,Spain,Valenciana,Alicante
1631,EU,South,Spain,Castile and Le?n,Burgos
1653,EU,South,Spain,Cantabria,Santander
1731,EU,South,Spain,Andalusia,Huelva
1830,EU,South,Spain,Catalonia,Manresa
1874,EU,South,Spain,Madrid,Parla
1876,EU,South,Spain,Andalus?a,Jerez de la Frontera
1944,EU,South,Spain,Andalus?a,Dos Hermanas
1981,EU,South,Spain,Basque Country,Barakaldo
2002,EU,South,Spain,Ceuta,Ceuta
2004,EU,South,Spain,Castile-La Mancha,Toledo
2096,EU,South,Spain,Asturias,Oviedo
2130,EU,South,Spain,Andalus?a,Huelva
2136,EU,South,Spain,Madrid,Coslada
2155,EU,South,Spain,Murcia,Lorca
2180,EU,South,Spain,Andalus?a,Granada
2182,EU,South,Spain,Castile and Le?n,Segovia
2230,EU,South,Spain,Andalus?a,San Fernando
2359,EU,South,Spain,Andalus?a,Torremolinos
2364,EU,South,Spain,Galicia,Pontevedra
2434,EU,South,Spain,Castile and Le?n,Zamora
2436,EU,South,Spain,Andalus?a,Mijas
2437,EU,South,Spain,Madrid,Valdemoro
2466,EU,South,Spain,Galicia,Santiago de Compostela
2481,EU,South,Spain,Catalonia,Rub?
2493,EU,South,Spain,Madrid,Fuenlabrada
2497,EU,South,Spain,Madrid,Getafe
2511,EU,South,Spain,Galicia,Ponteareas
2554,EU,South,Spain,Catalonia,Badalona
2562,EU,South,Spain,Catalonia,Sabadell
2563,EU,South,Spain,Melilla,Melilla
2601,EU,South,Spain,Andalus?a,El Ejido
2604,EU,South,Spain,Andalus?a,Fuengirola
2647,EU,South,Spain,Madrid,El Escorial
2697,EU,South,Spain,Madrid,Majadahonda
2706,EU,South,Spain,Castile and Le?n,Palencia
2829,EU,South,Spain,Castile-La Mancha,Guadalajara
2830,EU,South,Spain,Andalus?a,Chiclana de la Frontera
2837,EU,South,Spain,Navarra,Pamplona
3409,EU,South,Spain,Andalus?a,C?rtama
3457,EU,South,Spain,Extremadura,Badajoz
3463,EU,South,Spain,Castile-La Mancha,Cuenca
3465,EU,South,Spain,Valenciana,Sagunto
3077,EU,South,Portugal,Porto,Porto
3078,EU,South,Portugal,Lisboa,Lisbon
3080,EU,South,Portugal,Set?bal,Arrentela
3321,EU,South,Portugal,Coimbra,Coimbra
3322,EU,South,Portugal,Porto,Vila Nova de Gaia
3323,EU,South,Portugal,Lisboa,Odivelas
3407,EU,South,Portugal,Lisboa,Amadora
3455,EU,South,Portugal,Braga,Braga
3513,EU,South,Portugal,Braga,Guimar?es
3514,EU,South,Portugal,Aveiro,Feira
3515,EU,South,Portugal,Lisboa,Loures
462,LATAM,South,Colombia,Bogota,Bogota
497,LATAM,South,Chile,O'Higgins,Rancagua
507,LATAM,South,Colombia,Tolima,Ibague
539,LATAM,South,Uruguay,Montevideo,Montevideo
564,LATAM,South,Chile,Los Lagos,Puerto Montt
566,LATAM,South,Bolivia,Santa Cruz,Santa Cruz de la Sierra
581,LATAM,South,Colombia,Caldas,Manizales
614,LATAM,South,Colombia,Valle del Cauca,Palmira
638,LATAM,South,Colombia,Santander,Bucaramanga
661,LATAM,South,Ecuador,Pichincha,Quito
690,LATAM,South,Chile,Santiago,Santiago
829,LATAM,South,Colombia,Bol?var,Cartagena
924,LATAM,South,Chile,Santiago,Puente Alto
948,LATAM,South,Colombia,Atl?ntico,Soledad
1021,LATAM,South,Colombia,Atl?ntico,Barranquilla
1062,LATAM,South,Bolivia,Oruro,Oruro
1077,LATAM,South,Colombia,Antioquia,Apartad?
1127,LATAM,South,Colombia,Antioquia,Medell?n
1132,LATAM,South,Chile,Valpara?so,Valpara?so
1307,LATAM,South,Colombia,Meta,Villavicencio
1328,LATAM,South,Colombia,Cundinamarca,Soacha
1402,LATAM,South,Uruguay,Canelones,Las Piedras
1423,LATAM,South,Colombia,Nari?o,Pasto
1463,LATAM,South,Chile,Valpara?so,Vi?a del Mar
1482,LATAM,South,Colombia,Quind?o,Armenia
1509,LATAM,South,Bolivia,Potos?,Potos?
1513,LATAM,South,Colombia,Norte de Santander,Oca?a
1519,LATAM,South,Ecuador,Guayas,Guayaquil
1583,LATAM,South,Colombia,Risaralda,Dos Quebradas
1618,LATAM,South,Chile,Valpara?so,San Antonio
1625,LATAM,South,Paraguay,Central,Fernando de la Mora
1627,LATAM,South,Colombia,Norte de Santander,C?cuta
1685,LATAM,South,Colombia,Valle del Cauca,Cartago
1751,LATAM,South,Colombia,Huila,Pitalito
1752,LATAM,South,Chile,Valpara?so,Villa Alemana
1761,LATAM,South,Bolivia,La Paz,La Paz
1766,LATAM,South,Colombia,Norte de Santander,Los Patios
1780,LATAM,South,Ecuador,Pichincha,Santo Domingo de los Colorados
1816,LATAM,South,Bolivia,Chuquisaca,Sucre
1890,LATAM,South,Paraguay,Asunci?n,Asunci?n
1897,LATAM,South,Bolivia,Cochabamba,Cochabamba
1972,LATAM,South,Colombia,Magdalena,Santa Marta
1975,LATAM,South,Colombia,Santander,Piedecuesta
2000,LATAM,South,Colombia,Nari?o,Ipiales
2055,LATAM,South,Chile,Tarapac?,Iquique
2059,LATAM,South,Chile,Biobio,Talcahuano
2063,LATAM,South,Paraguay,Central,San Lorenzo
2071,LATAM,South,Chile,Santiago,San Bernardo
2085,LATAM,South,Ecuador,Manabi,Portoviejo
2106,LATAM,South,Colombia,Cundinamarca,Facatativ?
2109,LATAM,South,Colombia,Valle del Cauca,Jamund?
2135,LATAM,South,Bolivia,Beni,Riberalta
2191,LATAM,South,Chile,Biobio,Chill?n
2210,LATAM,South,Ecuador,Azuay,Cuenca
2223,LATAM,South,Colombia,Caquet?,Florencia
2293,LATAM,South,Bolivia,Beni,Trinidad
2296,LATAM,South,Colombia,Boyac?,Duitama
2317,LATAM,South,Chile,Arica y Parinacota,Arica
2318,LATAM,South,Colombia,C?rdoba,Monter?a
2319,LATAM,South,Chile,Antofagasta,Antofagasta
2320,LATAM,South,Colombia,Cundinamarca,Mosquera
2327,LATAM,South,Colombia,Atl?ntico,Sabanalarga
2368,LATAM,South,Colombia,Cesar,Valledupar
2401,LATAM,South,Chile,Biobio,Los ?ngeles
2407,LATAM,South,Colombia,Casanare,Yopal
2408,LATAM,South,Colombia,Huila,Neiva
2484,LATAM,South,Chile,Los Lagos,Osorno
2550,LATAM,South,Colombia,Arauca,Arauca
2551,LATAM,South,Colombia,Antioquia,Envigado
2623,LATAM,South,Uruguay,Rivera,Rivera
2642,LATAM,South,Colombia,Risaralda,Pereira
2651,LATAM,South,Colombia,Quind?o,Montenegro
2700,LATAM,South,Colombia,Antioquia,Bello
2729,LATAM,South,Bolivia,Tarija,Yacuiba
2730,LATAM,South,Paraguay,Central,Lambar?
2747,LATAM,South,Chile,Santiago,Lo Prado
2766,LATAM,South,Colombia,Santander,Floridablanca
2784,LATAM,South,Colombia,Choc?,Quibd?
2788,LATAM,South,Chile,Magallanes y Ant?rtica Chilena,Punta Arenas
2798,LATAM,South,Chile,Antofagasta,Calama
2818,LATAM,South,Colombia,Boyac?,Sogamoso
2823,LATAM,South,Chile,Atacama,Copiap?
2850,LATAM,South,Colombia,Atl?ntico,Malambo
2866,LATAM,South,Uruguay,Paysand?,Paysand?
2872,LATAM,South,Colombia,Santander,Gir?n
2902,LATAM,South,Colombia,Magdalena,Ci?naga
3245,LATAM,South,Argentina,Provincia de Buenos Aires,Bahia Blanca
3246,LATAM,South,Argentina,Chaco,Presidencia Roque S?enz Pe?a
3247,LATAM,South,Peru,Lima (city),Lima
3248,LATAM,South,Argentina,Buenos Aires,Buenos Aires
3250,LATAM,South,Venezuela,Anzo?tegui,Puerto La Cruz
3251,LATAM,South,Argentina,Provincia de Buenos Aires,Mar del Plata
3252,LATAM,South,Venezuela,Distrito Capital,Caracas
3255,LATAM,South,Venezuela,Carabobo,Valencia
3259,LATAM,South,Argentina,Santa Fe,San Justo
3260,LATAM,South,Argentina,Provincia de Buenos Aires,Jun?n
3261,LATAM,South,Argentina,Entre R?os,Paran?
3262,LATAM,South,Argentina,Provincia de Buenos Aires,Quilmes
3264,LATAM,South,Venezuela,Zulia,Maracaibo
3265,LATAM,South,Venezuela,Miranda,Petare
3266,LATAM,South,Ecuador,Los Rios,Quevedo
3268,LATAM,South,Venezuela,Lara,Carora
3269,LATAM,South,Argentina,San Juan,San Juan
3270,LATAM,South,Peru,Ayacucho,Ayacucho
3271,LATAM,South,Peru,Piura,Talara
3272,LATAM,South,Venezuela,Portuguesa,Acarigua
3273,LATAM,South,Venezuela,Bolivar,Guayana
3274,LATAM,South,Argentina,Chaco,Resistencia
3275,LATAM,South,Venezuela,Miranda,Guarenas
3276,LATAM,South,Venezuela,Bolivar,Bol?var
3277,LATAM,South,Argentina,Santiago del Estero,Santiago del Estero
3278,LATAM,South,Argentina,Neuqu?n,Neuqu?n
3279,LATAM,South,Argentina,Santa Fe,Santa Fe
3280,LATAM,South,Argentina,Mendoza,Mendoza
3282,LATAM,South,Venezuela,Monagas,Matur?n
3283,LATAM,South,Venezuela,Gu?rico,Calabozo
3284,LATAM,South,Venezuela,Miranda,Charallave
3285,LATAM,South,Peru,Callao,Callao
3286,LATAM,South,Argentina,C?rdoba,C?rdoba
3287,LATAM,South,Venezuela,Miranda,Guatire
3288,LATAM,South,Argentina,Mendoza,San Rafael
3289,LATAM,South,Peru,Loreto,Iquitos
3290,LATAM,South,Argentina,Santa Fe,Rosario
3291,LATAM,South,Venezuela,Zulia,San Carlos del Zulia
3292,LATAM,South,Argentina,Misiones,Posadas
3293,LATAM,South,Peru,Cajamarca,Cajamarca
3294,LATAM,South,Argentina,San Luis,San Luis
3295,LATAM,South,Venezuela,Aragua,Maracay
3296,LATAM,South,Argentina,Chubut,Comodoro Rivadavia
3297,LATAM,South,Argentina,Provincia de Buenos Aires,La Plata
3298,LATAM,South,Argentina,La Rioja,La Rioja
3299,LATAM,South,Venezuela,Vargas,Catia La Mar
3315,LATAM,South,Argentina,Corrientes,Corrientes
3343,LATAM,South,Peru,La Libertad,Trujillo
3344,LATAM,South,Venezuela,Merida,Merida
3345,LATAM,South,Venezuela,Aragua,Cagua
3346,LATAM,South,Argentina,Salta,Salta
3347,LATAM,South,Venezuela,Portuguesa,Guanare
3348,LATAM,South,Peru,Arequipa,Arequipa
3349,LATAM,South,Venezuela,Anzo?tegui,San Jos? de Guanipa
3350,LATAM,South,Argentina,Jujuy,San Salvador de Jujuy
3351,LATAM,South,Venezuela,Lara,Barquisimeto
3352,LATAM,South,Venezuela,Aragua,Palo Negro
3353,LATAM,South,Peru,Lambayeque,Chiclayo
3393,LATAM,South,Peru,Puno,Puno
3394,LATAM,South,Peru,Ancash,Huaraz
3395,LATAM,South,Argentina,Provincia de Buenos Aires,Bah?a Blanca
3401,LATAM,South,Argentina,Catamarca,San Fernando del Valle de Catamarca
3403,LATAM,South,Peru,Lima,Barranca
3410,LATAM,South,Venezuela,Carabobo,Guacara
3411,LATAM,South,Venezuela,Sucre,Cuman?
3412,LATAM,South,Argentina,Corrientes,Esquina
3414,LATAM,South,Argentina,Provincia de Buenos Aires,San Nicol?s de los Arroyos
3415,LATAM,South,Peru,Ucayali,Pucallpa
3444,LATAM,South,Venezuela,Anzo?tegui,El Tigre
3445,LATAM,South,Venezuela,Miranda,Baruta
3446,LATAM,South,Peru,Piura,Paita
3447,LATAM,South,Argentina,Entre R?os,Concepci?n del Uruguay
3448,LATAM,South,Peru,Puno,Juliaca
3449,LATAM,South,Venezuela,T?chira,San Crist?bal
3450,LATAM,South,Venezuela,Nueva Esparta,Porlamar
3451,LATAM,South,Venezuela,Zulia,Cabimas
3464,LATAM,South,Venezuela,Anzo?tegui,Barcelona
3466,LATAM,South,Argentina,Salta,Tartagal
3468,LATAM,South,Argentina,Santa Fe,Avellaneda
3469,LATAM,South,Venezuela,Aragua,Turmero
3470,LATAM,South,Venezuela,Aragua,El Lim?n
3481,LATAM,South,Venezuela,Yaracuy,Yaritagua
3483,LATAM,South,Argentina,R?o Negro,Cipolletti
3492,LATAM,South,Peru,Jun?n,Huancayo
3493,LATAM,South,Peru,Moquegua,Ilo
3502,LATAM,South,Venezuela,Miranda,C?a
3503,LATAM,South,Peru,Ancash,Chimbote
3518,LATAM,South,Chile,Santiago,La Pintana
3519,LATAM,South,Venezuela,Gu?rico,Valle de La Pascua
3520,LATAM,South,Peru,Ica,Chincha Alta
3521,LATAM,South,Peru,Piura,Piura
3522,LATAM,South,Venezuela,Cojedes,Tinaquillo
3523,LATAM,South,Argentina,Provincia de Buenos Aires,Necochea
3524,LATAM,South,Argentina,La Pampa,Santa Rosa
