productID,productCategory,productSubcategory,productName,productKey
OFF-EAT-10003405,Office Supplies,Paper,"Eaton Parchment Paper, Multicolor",81
OFF-ENE-10001356,Office Supplies,Paper,"Enermax Cards & Envelopes, Multicolor",89
OFF-XER-10002906,Office Supplies,Paper,"Xerox Memo Slips, Premium",93
OFF-XER-10003600,Office Supplies,Paper,"Xerox Memo Slips, Multicolor",102
OFF-XER-10003203,Office Supplies,Paper,"Xerox Computer Printout Paper, Recycled",111
OFF-EAT-10003338,Office Supplies,Paper,"Eaton Message Books, 8.5 x 11",179
OFF-EAT-10004307,Office Supplies,Paper,"Eaton Memo Slips, 8.5 x 11",186
OFF-GRE-10003334,Office Supplies,Paper,"Green Bar Parchment Paper, 8.5 x 11",187
OFF-XER-10002256,Office Supplies,Paper,"Xerox Note Cards, Recycled",197
OFF-XER-10003901,Office Supplies,Paper,"Xerox Computer Printout Paper, 8.5 x 11",202
OFF-EAT-10000652,Office Supplies,Paper,"Eaton Computer Printout Paper, 8.5 x 11",203
OFF-EAT-10002122,Office Supplies,Paper,"Eaton Cards & Envelopes, Premium",204
OFF-PA-10001466,Office Supplies,Paper,"Eaton Computer Printout Paper, 8.5 x 11",240
OFF-PA-10001795,Office Supplies,Paper,"Green Bar Message Books, Premium",242
OFF-PA-10001661,Office Supplies,Paper,"SanDisk Computer Printout Paper, 8.5 x 11",243
OFF-PA-10001722,Office Supplies,Paper,"SanDisk Message Books, Premium",244
OFF-PA-10003133,Office Supplies,Paper,"Eaton Cards & Envelopes, 8.5 x 11",270
OFF-GRE-10003943,Office Supplies,Paper,"Green Bar Message Books, Multicolor",291
OFF-SAN-10000844,Office Supplies,Paper,"SanDisk Parchment Paper, Recycled",296
OFF-SAN-10004602,Office Supplies,Paper,"SanDisk Parchment Paper, 8.5 x 11",303
OFF-GRE-10001521,Office Supplies,Paper,"Green Bar Message Books, Recycled",313
OFF-PA-10003938,Office Supplies,Paper,"Eaton Cards & Envelopes, Premium",350
OFF-PA-10002373,Office Supplies,Paper,"Enermax Parchment Paper, Premium",351
OFF-PA-10002974,Office Supplies,Paper,"Enermax Note Cards, 8.5 x 11",393
OFF-PA-10003878,Office Supplies,Paper,"Enermax Cards & Envelopes, Premium",400
OFF-PA-10001720,Office Supplies,Paper,"Xerox Parchment Paper, Multicolor",423
OFF-PA-10004115,Office Supplies,Paper,"Green Bar Computer Printout Paper, 8.5 x 11",437
OFF-PA-10004994,Office Supplies,Paper,"Green Bar Parchment Paper, Premium",442
OFF-PA-10003381,Office Supplies,Paper,"Eaton Cards & Envelopes, Multicolor",450
OFF-PA-10003899,Office Supplies,Paper,"SanDisk Memo Slips, Premium",461
OFF-PA-10003511,Office Supplies,Paper,"Green Bar Memo Slips, 8.5 x 11",475
OFF-PA-10003654,Office Supplies,Paper,"SanDisk Memo Slips, Recycled",479
OFF-SAN-10000931,Office Supplies,Paper,"SanDisk Message Books, 8.5 x 11",487
OFF-PA-10001236,Office Supplies,Paper,"Enermax Message Books, Recycled",516
OFF-PA-10003744,Office Supplies,Paper,"Green Bar Parchment Paper, Multicolor",518
OFF-PA-10003796,Office Supplies,Paper,"Eaton Parchment Paper, 8.5 x 11",544
OFF-PA-10002248,Office Supplies,Paper,"Green Bar Memo Slips, 8.5 x 11",545
OFF-PA-10001971,Office Supplies,Paper,"Eaton Memo Slips, Premium",546
OFF-ENE-10002093,Office Supplies,Paper,"Enermax Message Books, Multicolor",557
OFF-PA-10001979,Office Supplies,Paper,"Enermax Message Books, Premium",606
OFF-PA-10001526,Office Supplies,Paper,Xerox 1949,642
OFF-PA-10002666,Office Supplies,Paper,Southworth 25% Cotton Linen-Finish Paper & Envelopes,648
OFF-PA-10000007,Office Supplies,Paper,"Telephone Message Books with Fax/Mobile Section, 4 1/4"" x 6""",650
OFF-PA-10003302,Office Supplies,Paper,Xerox 1906,651
OFF-PA-10004379,Office Supplies,Paper,"Enermax Computer Printout Paper, Premium",754
OFF-PA-10001815,Office Supplies,Paper,Xerox 1885,767
OFF-PA-10001534,Office Supplies,Paper,Xerox 230,768
OFF-PA-10004239,Office Supplies,Paper,Xerox 1953,770
OFF-PA-10004185,Office Supplies,Paper,"SanDisk Message Books, Recycled",789
OFF-PA-10003349,Office Supplies,Paper,Xerox 1957,807
OFF-PA-10003072,Office Supplies,Paper,"Eureka Recycled Copy Paper 8 1/2"" x 11"", Ream",809
OFF-PA-10000380,Office Supplies,Paper,"REDIFORM Incoming/Outgoing Call Register, 11"" X 8 1/2"", 100 Messages",810
OFF-ENE-10002784,Office Supplies,Paper,"Enermax Parchment Paper, Multicolor",820
OFF-GRE-10002109,Office Supplies,Paper,"Green Bar Note Cards, Multicolor",821
OFF-EAT-10000820,Office Supplies,Paper,"Eaton Message Books, Multicolor",863
OFF-PA-10003868,Office Supplies,Paper,"SanDisk Cards & Envelopes, Recycled",902
OFF-SAN-10001326,Office Supplies,Paper,"SanDisk Note Cards, 8.5 x 11",908
OFF-SAN-10001681,Office Supplies,Paper,"SanDisk Computer Printout Paper, 8.5 x 11",911
OFF-GRE-10000328,Office Supplies,Paper,"Green Bar Parchment Paper, Premium",914
OFF-SAN-10000335,Office Supplies,Paper,"SanDisk Parchment Paper, Premium",928
OFF-PA-10000453,Office Supplies,Paper,"Xerox Cards & Envelopes, 8.5 x 11",964
OFF-PA-10002755,Office Supplies,Paper,"Xerox Computer Printout Paper, Multicolor",982
OFF-PA-10000213,Office Supplies,Paper,Xerox 198,986
OFF-PA-10003625,Office Supplies,Paper,Xerox 1979,989
OFF-ENE-10003314,Office Supplies,Paper,"Enermax Parchment Paper, Recycled",995
OFF-PA-10002516,Office Supplies,Paper,"Enermax Cards & Envelopes, 8.5 x 11",1010
OFF-PA-10004621,Office Supplies,Paper,Xerox 212,1057
OFF-PA-10000249,Office Supplies,Paper,Staples,1058
OFF-PA-10000474,Office Supplies,Paper,Staples,1059
OFF-PA-10002941,Office Supplies,Paper,"Green Bar Computer Printout Paper, Premium",1150
OFF-PA-10000994,Office Supplies,Paper,Xerox 1915,1194
OFF-PA-10000241,Office Supplies,Paper,"IBM Multi-Purpose Copy Paper, 8 1/2 x 11"", Case",1195
OFF-PA-10001091,Office Supplies,Paper,"Eaton Computer Printout Paper, Recycled",1212
OFF-ENE-10002104,Office Supplies,Paper,"Enermax Note Cards, Premium",1225
OFF-PA-10001801,Office Supplies,Paper,Xerox 193,1231
OFF-PA-10004069,Office Supplies,Paper,"SanDisk Parchment Paper, 8.5 x 11",1247
OFF-PA-10001869,Office Supplies,Paper,"Green Bar Computer Printout Paper, 8.5 x 11",1259
OFF-ENE-10001117,Office Supplies,Paper,"Enermax Message Books, 8.5 x 11",1274
OFF-XER-10001513,Office Supplies,Paper,"Xerox Message Books, Recycled",1275
OFF-GRE-10001774,Office Supplies,Paper,"Green Bar Note Cards, Premium",1293
OFF-SAN-10003226,Office Supplies,Paper,"SanDisk Message Books, Recycled",1314
OFF-SAN-10004618,Office Supplies,Paper,"SanDisk Memo Slips, Recycled",1325
OFF-EAT-10001303,Office Supplies,Paper,"Eaton Message Books, Premium",1333
OFF-PA-10004943,Office Supplies,Paper,"Enermax Memo Slips, 8.5 x 11",1362
OFF-PA-10000116,Office Supplies,Paper,"Xerox Parchment Paper, Premium",1366
OFF-PA-10003455,Office Supplies,Paper,"Xerox Cards & Envelopes, Premium",1428
OFF-PA-10001170,Office Supplies,Paper,"Xerox Cards & Envelopes, Multicolor",1438
OFF-PA-10004100,Office Supplies,Paper,Xerox 216,1454
OFF-EAT-10004979,Office Supplies,Paper,"Eaton Cards & Envelopes, Multicolor",1490
OFF-PA-10004694,Office Supplies,Paper,"Green Bar Cards & Envelopes, 8.5 x 11",1492
OFF-PA-10004034,Office Supplies,Paper,"Green Bar Parchment Paper, 8.5 x 11",1498
OFF-PA-10000908,Office Supplies,Paper,"Xerox Note Cards, Premium",1505
OFF-PA-10004111,Office Supplies,Paper,"Enermax Parchment Paper, Multicolor",1544
OFF-PA-10000273,Office Supplies,Paper,"SanDisk Cards & Envelopes, Premium",1578
OFF-PA-10004531,Office Supplies,Paper,"SanDisk Note Cards, 8.5 x 11",1582
OFF-PA-10000960,Office Supplies,Paper,"Xerox Parchment Paper, 8.5 x 11",1583
OFF-PA-10004386,Office Supplies,Paper,"Green Bar Note Cards, Premium",1589
OFF-PA-10004609,Office Supplies,Paper,Xerox 221,1644
OFF-PA-10001800,Office Supplies,Paper,Xerox 220,1645
OFF-PA-10004450,Office Supplies,Paper,"Xerox Cards & Envelopes, Recycled",1654
OFF-PA-10000994,Office Supplies,Paper,"Enermax Message Books, 8.5 x 11",1659
OFF-PA-10001385,Office Supplies,Paper,"Xerox Memo Slips, 8.5 x 11",1661
OFF-PA-10004835,Office Supplies,Paper,"Enermax Computer Printout Paper, Multicolor",1675
OFF-PA-10003838,Office Supplies,Paper,"Eaton Note Cards, Premium",1676
OFF-PA-10000362,Office Supplies,Paper,"Xerox Parchment Paper, Premium",1710
OFF-GRE-10004604,Office Supplies,Paper,"Green Bar Cards & Envelopes, 8.5 x 11",1727
OFF-SAN-10003393,Office Supplies,Paper,"SanDisk Cards & Envelopes, Recycled",1748
OFF-PA-10003982,Office Supplies,Paper,"SanDisk Message Books, Premium",1762
OFF-PA-10002219,Office Supplies,Paper,"SanDisk Parchment Paper, Multicolor",1763
OFF-PA-10000872,Office Supplies,Paper,"Xerox Parchment Paper, Multicolor",1764
OFF-PA-10004313,Office Supplies,Paper,"Green Bar Computer Printout Paper, 8.5 x 11",1785
OFF-PA-10004359,Office Supplies,Paper,"Xerox Computer Printout Paper, Premium",1787
OFF-XER-10001429,Office Supplies,Paper,"Xerox Parchment Paper, Recycled",1793
OFF-PA-10001972,Office Supplies,Paper,Xerox 214,1809
OFF-PA-10001569,Office Supplies,Paper,Xerox 232,1817
OFF-PA-10001125,Office Supplies,Paper,Xerox 1988,1821
OFF-PA-10000955,Office Supplies,Paper,Southworth 25% Cotton Granite Paper & Envelopes,1852
OFF-PA-10000061,Office Supplies,Paper,Xerox 205,1859
OFF-PA-10003475,Office Supplies,Paper,"Enermax Note Cards, Premium",1889
OFF-PA-10002328,Office Supplies,Paper,"Eaton Memo Slips, Recycled",1894
OFF-PA-10001470,Office Supplies,Paper,"Green Bar Message Books, 8.5 x 11",1910
OFF-EAT-10001933,Office Supplies,Paper,"Eaton Cards & Envelopes, Recycled",1973
OFF-ENE-10002833,Office Supplies,Paper,"Enermax Cards & Envelopes, Premium",1982
OFF-PA-10004248,Office Supplies,Paper,Xerox 1990,2003
OFF-PA-10001752,Office Supplies,Paper,Hammermill CopyPlus Copy Paper (20Lb. and 84 Bright),2010
OFF-PA-10002499,Office Supplies,Paper,Xerox 1890,2018
OFF-PA-10002319,Office Supplies,Paper,Xerox 1944,2019
OFF-PA-10003893,Office Supplies,Paper,Xerox 1962,2020
OFF-PA-10001712,Office Supplies,Paper,Xerox 1948,2021
OFF-PA-10003971,Office Supplies,Paper,Xerox 1965,2025
OFF-PA-10002479,Office Supplies,Paper,Xerox 4200 Series MultiUse Premium Copy Paper (20Lb. and 84 Bright),2027
OFF-PA-10003129,Office Supplies,Paper,Tops White Computer Printout Paper,2030
OFF-PA-10000100,Office Supplies,Paper,Xerox 1945,2031
OFF-PA-10003724,Office Supplies,Paper,"Wirebound Message Book, 4 per Page",2034
OFF-PA-10002250,Office Supplies,Paper,Things To Do Today Pad,2070
OFF-PA-10002464,Office Supplies,Paper,HP Office Recycled Paper (20Lb. and 87 Bright),2074
OFF-PA-10000533,Office Supplies,Paper,Southworth Parchment Paper & Envelopes,2083
OFF-PA-10000721,Office Supplies,Paper,"Enermax Cards & Envelopes, Recycled",2112
OFF-PA-10001421,Office Supplies,Paper,"Green Bar Memo Slips, 8.5 x 11",2117
OFF-PA-10003699,Office Supplies,Paper,"SanDisk Parchment Paper, Recycled",2118
OFF-PA-10003320,Office Supplies,Paper,"Green Bar Parchment Paper, Recycled",2123
OFF-PA-10001351,Office Supplies,Paper,"Enermax Message Books, Multicolor",2130
OFF-PA-10003232,Office Supplies,Paper,"Green Bar Cards & Envelopes, Recycled",2158
OFF-PA-10000206,Office Supplies,Paper,"Green Bar Message Books, Recycled",2169
OFF-PA-10001302,Office Supplies,Paper,"Eaton Memo Slips, Recycled",2177
OFF-PA-10000476,Office Supplies,Paper,"Eaton Computer Printout Paper, Premium",2179
OFF-PA-10004429,Office Supplies,Paper,"Xerox Memo Slips, Premium",2201
OFF-PA-10003105,Office Supplies,Paper,"SanDisk Parchment Paper, Premium",2218
OFF-PA-10001977,Office Supplies,Paper,Xerox 194,2265
OFF-PA-10003022,Office Supplies,Paper,Xerox 1992,2283
OFF-PA-10001609,Office Supplies,Paper,Tops Wirebound Message Log Books,2289
OFF-PA-10001289,Office Supplies,Paper,White Computer Printout Paper by Universal,2290
OFF-PA-10001937,Office Supplies,Paper,Xerox 21,2297
OFF-PA-10003395,Office Supplies,Paper,Xerox 1941,2307
OFF-PA-10004327,Office Supplies,Paper,Xerox 1911,2313
OFF-PA-10004101,Office Supplies,Paper,Xerox 1894,2316
OFF-PA-10003657,Office Supplies,Paper,Xerox 1927,2319
OFF-PA-10003729,Office Supplies,Paper,Xerox 1998,2322
OFF-PA-10002749,Office Supplies,Paper,"Wirebound Message Books, 5-1/2 x 4 Forms, 2 or 4 Forms per Page",2327
OFF-PA-10003823,Office Supplies,Paper,Xerox 197,2328
OFF-PA-10004923,Office Supplies,Paper,"Xerox Memo Slips, Multicolor",2350
OFF-PA-10003943,Office Supplies,Paper,"Green Bar Computer Printout Paper, Multicolor",2432
OFF-SAN-10001074,Office Supplies,Paper,"SanDisk Message Books, Premium",2465
OFF-XER-10003104,Office Supplies,Paper,"Xerox Memo Slips, Recycled",2471
OFF-EAT-10001137,Office Supplies,Paper,"Eaton Parchment Paper, 8.5 x 11",2488
OFF-SAN-10004633,Office Supplies,Paper,"SanDisk Message Books, Multicolor",2491
OFF-XER-10004042,Office Supplies,Paper,"Xerox Parchment Paper, Premium",2503
OFF-GRE-10001084,Office Supplies,Paper,"Green Bar Cards & Envelopes, Multicolor",2504
OFF-PA-10003573,Office Supplies,Paper,"Enermax Parchment Paper, 8.5 x 11",2590
OFF-PA-10002787,Office Supplies,Paper,Xerox 227,2596
OFF-PA-10004000,Office Supplies,Paper,"While You Were Out Pads, 50 per Pad, 4 x 5 1/4, Green Cycle",2597
OFF-PA-10003731,Office Supplies,Paper,"Enermax Note Cards, Premium",2623
OFF-PA-10003686,Office Supplies,Paper,"SanDisk Message Books, Multicolor",2646
OFF-PA-10002479,Office Supplies,Paper,"Enermax Cards & Envelopes, 8.5 x 11",2647
OFF-PA-10004727,Office Supplies,Paper,"Eaton Note Cards, 8.5 x 11",2652
OFF-PA-10000026,Office Supplies,Paper,"Eaton Cards & Envelopes, 8.5 x 11",2657
OFF-EAT-10004908,Office Supplies,Paper,"Eaton Message Books, Recycled",2659
OFF-PA-10000143,Office Supplies,Paper,Astroparche Fine Business Paper,2677
OFF-PA-10001509,Office Supplies,Paper,"Recycled Desk Saver Line ""While You Were Out"" Book, 5 1/2"" X 4""",2678
OFF-PA-10004082,Office Supplies,Paper,"Adams Telephone Message Book w/Frequently-Called Numbers Space, 400 Messages per Book",2686
OFF-PA-10004243,Office Supplies,Paper,Xerox 1939,2687
OFF-PA-10000062,Office Supplies,Paper,Green Bar Computer Printout Paper,2688
OFF-GRE-10001059,Office Supplies,Paper,"Green Bar Note Cards, 8.5 x 11",2725
OFF-PA-10000344,Office Supplies,Paper,"SanDisk Memo Slips, 8.5 x 11",2745
OFF-PA-10000976,Office Supplies,Paper,"Green Bar Cards & Envelopes, Premium",2746
OFF-PA-10001327,Office Supplies,Paper,"SanDisk Cards & Envelopes, Recycled",2770
OFF-PA-10003416,Office Supplies,Paper,"Green Bar Parchment Paper, Recycled",2782
OFF-PA-10001653,Office Supplies,Paper,"Green Bar Memo Slips, Multicolor",2786
OFF-PA-10001968,Office Supplies,Paper,"Eaton Computer Printout Paper, 8.5 x 11",2788
OFF-PA-10003332,Office Supplies,Paper,"Xerox Cards & Envelopes, Recycled",2794
OFF-PA-10002771,Office Supplies,Paper,"SanDisk Parchment Paper, Premium",2797
OFF-PA-10004613,Office Supplies,Paper,"Green Bar Note Cards, Premium",2818
OFF-PA-10003449,Office Supplies,Paper,"Green Bar Computer Printout Paper, Premium",2872
OFF-PA-10004260,Office Supplies,Paper,"Xerox Memo Slips, Recycled",2874
OFF-PA-10004475,Office Supplies,Paper,"Xerox Computer Printout Paper, 8.5 x 11",2882
OFF-PA-10002022,Office Supplies,Paper,"Xerox Message Books, 8.5 x 11",2883
OFF-PA-10004124,Office Supplies,Paper,"SanDisk Message Books, 8.5 x 11",2896
OFF-PA-10001944,Office Supplies,Paper,"SanDisk Computer Printout Paper, Premium",2908
OFF-PA-10004930,Office Supplies,Paper,"Xerox Note Cards, Recycled",2909
OFF-PA-10004444,Office Supplies,Paper,"SanDisk Note Cards, Premium",2915
OFF-PA-10004495,Office Supplies,Paper,"SanDisk Note Cards, Premium",2919
OFF-PA-10003906,Office Supplies,Paper,"Eaton Memo Slips, Premium",2927
OFF-PA-10001370,Office Supplies,Paper,"SanDisk Parchment Paper, 8.5 x 11",2935
OFF-PA-10004326,Office Supplies,Paper,"Enermax Parchment Paper, Multicolor",2945
OFF-PA-10004187,Office Supplies,Paper,"Xerox Message Books, Multicolor",2969
OFF-PA-10004648,Office Supplies,Paper,"Xerox Message Books, Recycled",2976
OFF-PA-10000030,Office Supplies,Paper,"Eaton Parchment Paper, Recycled",2996
OFF-PA-10004353,Office Supplies,Paper,Southworth 25% Cotton Premium Laser Paper and Envelopes,3036
OFF-PA-10000318,Office Supplies,Paper,"Enermax Message Books, Multicolor",3049
OFF-PA-10002811,Office Supplies,Paper,"Green Bar Message Books, 8.5 x 11",3053
OFF-PA-10004815,Office Supplies,Paper,"Xerox Note Cards, Premium",3055
OFF-PA-10000944,Office Supplies,Paper,"Enermax Computer Printout Paper, 8.5 x 11",3059
OFF-PA-10000127,Office Supplies,Paper,"SanDisk Parchment Paper, Multicolor",3064
OFF-PA-10000756,Office Supplies,Paper,"Enermax Computer Printout Paper, Premium",3074
OFF-PA-10001006,Office Supplies,Paper,"Eaton Message Books, Recycled",3082
OFF-PA-10000562,Office Supplies,Paper,"Enermax Message Books, Multicolor",3087
OFF-PA-10003884,Office Supplies,Paper,"Eaton Message Books, Multicolor",3101
OFF-PA-10000423,Office Supplies,Paper,"Enermax Computer Printout Paper, Recycled",3144
OFF-PA-10004261,Office Supplies,Paper,"Green Bar Memo Slips, 8.5 x 11",3180
OFF-PA-10004241,Office Supplies,Paper,"SanDisk Memo Slips, Premium",3182
OFF-PA-10000420,Office Supplies,Paper,"Green Bar Cards & Envelopes, 8.5 x 11",3203
OFF-PA-10002196,Office Supplies,Paper,"Green Bar Message Books, Recycled",3227
OFF-SAN-10003152,Office Supplies,Paper,"SanDisk Memo Slips, Multicolor",3249
OFF-PA-10003571,Office Supplies,Paper,"Enermax Cards & Envelopes, Recycled",3285
OFF-PA-10003883,Office Supplies,Paper,"Message Book, Phone, Wirebound Standard Line Memo, 2 3/4"" X 5""",3363
OFF-PA-10001776,Office Supplies,Paper,"Wirebound Message Books, Four 2 3/4"" x 5"" Forms per Page, 600 Sets per Book",3364
OFF-PA-10002618,Office Supplies,Paper,"Eaton Memo Slips, Multicolor",3367
OFF-PA-10004756,Office Supplies,Paper,"SanDisk Cards & Envelopes, Multicolor",3368
OFF-SAN-10001237,Office Supplies,Paper,"SanDisk Cards & Envelopes, Premium",3407
OFF-PA-10003418,Office Supplies,Paper,"Enermax Memo Slips, Multicolor",3418
OFF-PA-10004268,Office Supplies,Paper,"SanDisk Note Cards, 8.5 x 11",3433
OFF-PA-10002105,Office Supplies,Paper,Xerox 223,3461
OFF-PA-10001357,Office Supplies,Paper,Xerox 1886,3464
OFF-PA-10004888,Office Supplies,Paper,Xerox 217,3465
OFF-PA-10003177,Office Supplies,Paper,Xerox 1999,3468
OFF-PA-10000863,Office Supplies,Paper,"Enermax Parchment Paper, Recycled",3485
OFF-PA-10000527,Office Supplies,Paper,"Enermax Note Cards, Premium",3496
OFF-PA-10002109,Office Supplies,Paper,"SanDisk Message Books, Premium",3512
OFF-PA-10004337,Office Supplies,Paper,"Eaton Computer Printout Paper, Premium",3517
OFF-XER-10004519,Office Supplies,Paper,"Xerox Cards & Envelopes, Multicolor",3533
OFF-SAN-10001542,Office Supplies,Paper,"SanDisk Note Cards, Multicolor",3561
OFF-PA-10000317,Office Supplies,Paper,"Xerox Computer Printout Paper, Premium",3615
OFF-PA-10002524,Office Supplies,Paper,"Enermax Note Cards, 8.5 x 11",3625
OFF-PA-10001223,Office Supplies,Paper,"SanDisk Cards & Envelopes, Premium",3650
OFF-PA-10004145,Office Supplies,Paper,"Xerox Message Books, 8.5 x 11",3681
OFF-PA-10001758,Office Supplies,Paper,"Enermax Note Cards, Premium",3705
OFF-PA-10003027,Office Supplies,Paper,"Enermax Message Books, Premium",3708
OFF-PA-10001662,Office Supplies,Paper,"Green Bar Note Cards, Premium",3712
OFF-PA-10001620,Office Supplies,Paper,"SanDisk Memo Slips, Recycled",3722
OFF-PA-10004296,Office Supplies,Paper,"Enermax Note Cards, Premium",3757
OFF-PA-10004856,Office Supplies,Paper,"Xerox Memo Slips, Recycled",3818
OFF-PA-10001283,Office Supplies,Paper,"Green Bar Parchment Paper, Premium",3874
OFF-PA-10004480,Office Supplies,Paper,"Eaton Cards & Envelopes, Recycled",3897
OFF-PA-10003994,Office Supplies,Paper,"Eaton Note Cards, Premium",3910
OFF-PA-10000827,Office Supplies,Paper,"Enermax Message Books, 8.5 x 11",3915
OFF-GRE-10002561,Office Supplies,Paper,"Green Bar Message Books, Premium",3931
OFF-XER-10001454,Office Supplies,Paper,"Xerox Parchment Paper, Multicolor",3939
OFF-PA-10000289,Office Supplies,Paper,Xerox 213,3953
OFF-PA-10003270,Office Supplies,Paper,Xerox 1954,3954
OFF-PA-10000878,Office Supplies,Paper,"SanDisk Note Cards, Multicolor",3989
OFF-PA-10003513,Office Supplies,Paper,"Enermax Message Books, Recycled",4062
OFF-PA-10000781,Office Supplies,Paper,"Eaton Message Books, 8.5 x 11",4069
OFF-PA-10000215,Office Supplies,Paper,"Eaton Parchment Paper, Premium",4115
OFF-PA-10003303,Office Supplies,Paper,"Xerox Computer Printout Paper, Multicolor",4116
OFF-PA-10000809,Office Supplies,Paper,Xerox 206,4121
OFF-PA-10003899,Office Supplies,Paper,"SanDisk Memo Slips, Multicolor",4128
OFF-PA-10001085,Office Supplies,Paper,"Eaton Computer Printout Paper, Premium",4155
OFF-PA-10000644,Office Supplies,Paper,"Green Bar Cards & Envelopes, Recycled",4158
OFF-PA-10000961,Office Supplies,Paper,"Green Bar Parchment Paper, Premium",4176
OFF-PA-10001212,Office Supplies,Paper,"Xerox Message Books, Recycled",4177
OFF-XER-10001746,Office Supplies,Paper,"Xerox Message Books, Premium",4210
OFF-SAN-10001546,Office Supplies,Paper,"SanDisk Computer Printout Paper, Recycled",4214
OFF-PA-10001735,Office Supplies,Paper,"Xerox Cards & Envelopes, 8.5 x 11",4237
OFF-PA-10002893,Office Supplies,Paper,"Wirebound Service Call Books, 5 1/2"" x 4""",4275
OFF-PA-10000393,Office Supplies,Paper,"Xerox Memo Slips, 8.5 x 11",4281
OFF-PA-10002418,Office Supplies,Paper,"Green Bar Message Books, Multicolor",4289
OFF-PA-10004854,Office Supplies,Paper,"Green Bar Cards & Envelopes, Recycled",4291
OFF-GRE-10002510,Office Supplies,Paper,"Green Bar Computer Printout Paper, Recycled",4302
OFF-PA-10004470,Office Supplies,Paper,"Green Bar Cards & Envelopes, Recycled",4357
OFF-PA-10000575,Office Supplies,Paper,"Wirebound Message Books, Four 2 3/4 x 5 White Forms per Page",4385
OFF-PA-10002539,Office Supplies,Paper,"SanDisk Cards & Envelopes, Multicolor",4406
OFF-PA-10002818,Office Supplies,Paper,"Enermax Parchment Paper, Premium",4407
OFF-PA-10002966,Office Supplies,Paper,"SanDisk Cards & Envelopes, Recycled",4411
OFF-PA-10002473,Office Supplies,Paper,"SanDisk Note Cards, Multicolor",4413
OFF-PA-10001536,Office Supplies,Paper,"SanDisk Message Books, 8.5 x 11",4431
OFF-PA-10002047,Office Supplies,Paper,"Green Bar Cards & Envelopes, 8.5 x 11",4449
OFF-PA-10003455,Office Supplies,Paper,"Green Bar Memo Slips, Recycled",4498
OFF-PA-10000357,Office Supplies,Paper,"Eaton Memo Slips, Recycled",4535
OFF-PA-10002370,Office Supplies,Paper,"Xerox Parchment Paper, Recycled",4536
OFF-PA-10001804,Office Supplies,Paper,Xerox 195,4544
OFF-PA-10003556,Office Supplies,Paper,"Eaton Computer Printout Paper, 8.5 x 11",4552
OFF-PA-10002231,Office Supplies,Paper,"Green Bar Computer Printout Paper, Premium",4559
OFF-PA-10002971,Office Supplies,Paper,"Eaton Memo Slips, Recycled",4575
OFF-PA-10001531,Office Supplies,Paper,"Eaton Parchment Paper, 8.5 x 11",4591
OFF-EAT-10002068,Office Supplies,Paper,"Eaton Note Cards, Premium",4594
OFF-ENE-10004132,Office Supplies,Paper,"Enermax Computer Printout Paper, 8.5 x 11",4595
OFF-GRE-10002555,Office Supplies,Paper,"Green Bar Memo Slips, 8.5 x 11",4602
OFF-PA-10002563,Office Supplies,Paper,"Enermax Memo Slips, Premium",4636
OFF-PA-10001685,Office Supplies,Paper,"Eaton Parchment Paper, Recycled",4643
OFF-PA-10001708,Office Supplies,Paper,"Green Bar Note Cards, Premium",4646
OFF-PA-10001972,Office Supplies,Paper,"Eaton Message Books, Premium",4655
OFF-PA-10003224,Office Supplies,Paper,"Eaton Computer Printout Paper, Premium",4657
OFF-PA-10000540,Office Supplies,Paper,"Enermax Note Cards, Multicolor",4676
OFF-PA-10000591,Office Supplies,Paper,"Green Bar Cards & Envelopes, Multicolor",4677
OFF-PA-10002011,Office Supplies,Paper,"SanDisk Parchment Paper, Premium",4678
OFF-PA-10002360,Office Supplies,Paper,"SanDisk Computer Printout Paper, 8.5 x 11",4682
OFF-PA-10003715,Office Supplies,Paper,"Xerox Computer Printout Paper, Recycled",4696
OFF-PA-10000705,Office Supplies,Paper,"Eaton Note Cards, Multicolor",4697
OFF-PA-10001576,Office Supplies,Paper,"Eaton Memo Slips, Multicolor",4723
OFF-EAT-10002674,Office Supplies,Paper,"Eaton Memo Slips, Multicolor",4738
OFF-PA-10001970,Office Supplies,Paper,Xerox 1881,4796
OFF-PA-10000157,Office Supplies,Paper,Xerox 191,4797
OFF-PA-10004287,Office Supplies,Paper,"Enermax Message Books, Recycled",4813
OFF-GRE-10004796,Office Supplies,Paper,"Green Bar Computer Printout Paper, Multicolor",4830
OFF-ENE-10000012,Office Supplies,Paper,"Enermax Computer Printout Paper, Recycled",4831
OFF-EAT-10004051,Office Supplies,Paper,"Eaton Memo Slips, Recycled",4833
OFF-PA-10002944,Office Supplies,Paper,"SanDisk Parchment Paper, Recycled",4856
OFF-PA-10002616,Office Supplies,Paper,"Green Bar Parchment Paper, Multicolor",4876
OFF-GRE-10002738,Office Supplies,Paper,"Green Bar Cards & Envelopes, Premium",4915
OFF-SAN-10003660,Office Supplies,Paper,"SanDisk Computer Printout Paper, Multicolor",4930
OFF-XER-10000641,Office Supplies,Paper,"Xerox Cards & Envelopes, Recycled",4931
OFF-GRE-10000492,Office Supplies,Paper,"Green Bar Memo Slips, Recycled",4932
OFF-SAN-10002873,Office Supplies,Paper,"SanDisk Cards & Envelopes, 8.5 x 11",4934
OFF-SAN-10003318,Office Supplies,Paper,"SanDisk Memo Slips, Premium",4937
OFF-ENE-10003409,Office Supplies,Paper,"Enermax Memo Slips, Recycled",4939
OFF-XER-10000566,Office Supplies,Paper,"Xerox Note Cards, 8.5 x 11",4996
OFF-PA-10003805,Office Supplies,Paper,"Eaton Note Cards, Multicolor",5007
OFF-PA-10000019,Office Supplies,Paper,Xerox 1931,5009
OFF-PA-10002222,Office Supplies,Paper,"Xerox Color Copier Paper, 11"" x 17"", Ream",5010
OFF-PA-10000694,Office Supplies,Paper,"Green Bar Message Books, Premium",5020
OFF-PA-10004673,Office Supplies,Paper,"Enermax Message Books, 8.5 x 11",5036
OFF-PA-10002585,Office Supplies,Paper,"Eaton Memo Slips, Multicolor",5043
OFF-PA-10001275,Office Supplies,Paper,"Xerox Note Cards, Multicolor",5055
OFF-PA-10000745,Office Supplies,Paper,"Green Bar Memo Slips, Recycled",5079
OFF-PA-10000752,Office Supplies,Paper,"Xerox Note Cards, Premium",5084
OFF-PA-10000091,Office Supplies,Paper,"Xerox Message Books, Premium",5090
OFF-PA-10000300,Office Supplies,Paper,Xerox 1936,5112
OFF-PA-10002363,Office Supplies,Paper,"Eaton Message Books, Recycled",5136
OFF-GRE-10001814,Office Supplies,Paper,"Green Bar Computer Printout Paper, 8.5 x 11",5141
OFF-PA-10000373,Office Supplies,Paper,"Xerox Cards & Envelopes, 8.5 x 11",5145
OFF-PA-10004151,Office Supplies,Paper,"SanDisk Note Cards, Multicolor",5148
OFF-PA-10004335,Office Supplies,Paper,"Green Bar Computer Printout Paper, Recycled",5170
OFF-PA-10002416,Office Supplies,Paper,"Xerox Memo Slips, 8.5 x 11",5175
OFF-PA-10004910,Office Supplies,Paper,"Eaton Message Books, Premium",5179
OFF-PA-10001258,Office Supplies,Paper,"Green Bar Cards & Envelopes, Multicolor",5184
OFF-PA-10001164,Office Supplies,Paper,"Green Bar Message Books, Recycled",5210
OFF-PA-10003380,Office Supplies,Paper,"Green Bar Memo Slips, Multicolor",5214
OFF-PA-10001178,Office Supplies,Paper,"Enermax Note Cards, 8.5 x 11",5215
OFF-SAN-10001114,Office Supplies,Paper,"SanDisk Cards & Envelopes, Multicolor",5246
OFF-PA-10002534,Office Supplies,Paper,"Green Bar Memo Slips, Multicolor",5261
OFF-PA-10003296,Office Supplies,Paper,"Xerox Message Books, Recycled",5282
OFF-PA-10001246,Office Supplies,Paper,Xerox 215,5308
OFF-PA-10000659,Office Supplies,Paper,"Adams Phone Message Book, Professional, 400 Message Capacity, 5 3/6? x 11?",5315
OFF-PA-10000034,Office Supplies,Paper,"Xerox Cards & Envelopes, Multicolor",5318
OFF-PA-10004155,Office Supplies,Paper,"Eaton Computer Printout Paper, 8.5 x 11",5343
OFF-PA-10000947,Office Supplies,Paper,"Eaton Memo Slips, Premium",5348
OFF-PA-10003492,Office Supplies,Paper,"Green Bar Computer Printout Paper, Recycled",5357
OFF-PA-10002033,Office Supplies,Paper,"Green Bar Cards & Envelopes, 8.5 x 11",5358
OFF-PA-10000194,Office Supplies,Paper,"SanDisk Cards & Envelopes, 8.5 x 11",5371
OFF-PA-10000308,Office Supplies,Paper,Xerox 1901,5383
OFF-PA-10003708,Office Supplies,Paper,"Green Bar Computer Printout Paper, Premium",5385
OFF-GRE-10000216,Office Supplies,Paper,"Green Bar Note Cards, Premium",5401
OFF-EAT-10002789,Office Supplies,Paper,"Eaton Computer Printout Paper, Recycled",5404
OFF-PA-10003832,Office Supplies,Paper,"Xerox Message Books, 8.5 x 11",5434
OFF-PA-10001905,Office Supplies,Paper,"Eaton Message Books, Recycled",5455
OFF-PA-10004381,Office Supplies,Paper,14-7/8 x 11 Blue Bar Computer Printout Paper,5474
OFF-PA-10004160,Office Supplies,Paper,"SanDisk Note Cards, Premium",5494
OFF-PA-10000301,Office Supplies,Paper,"Enermax Parchment Paper, Premium",5504
OFF-PA-10003911,Office Supplies,Paper,"Green Bar Cards & Envelopes, Premium",5511
OFF-PA-10002514,Office Supplies,Paper,"Xerox Memo Slips, Premium",5543
OFF-PA-10002377,Office Supplies,Paper,Xerox 1916,5591
OFF-PA-10001790,Office Supplies,Paper,Xerox 1910,5598
OFF-PA-10002558,Office Supplies,Paper,Xerox 1938,5599
OFF-PA-10004946,Office Supplies,Paper,"SanDisk Note Cards, Multicolor",5648
OFF-PA-10003020,Office Supplies,Paper,"Xerox Message Books, Premium",5651
OFF-PA-10000383,Office Supplies,Paper,"Green Bar Note Cards, Premium",5658
OFF-PA-10002262,Office Supplies,Paper,Xerox 192,5666
OFF-PA-10004746,Office Supplies,Paper,"SanDisk Memo Slips, 8.5 x 11",5679
OFF-PA-10003036,Office Supplies,Paper,"Black Print Carbonless 8 1/2"" x 8 1/4"" Rapid Memo Book",5822
OFF-PA-10001725,Office Supplies,Paper,Xerox 1892,5823
OFF-PA-10001622,Office Supplies,Paper,"Ampad Poly Cover Wirebound Steno Book, 6"" x 9"" Assorted Colors, Gregg Ruled",5825
OFF-PA-10002109,Office Supplies,Paper,Wirebound Voice Message Log Book,5826
OFF-PA-10001970,Office Supplies,Paper,Xerox 1908,5834
OFF-PA-10004971,Office Supplies,Paper,Xerox 196,5835
OFF-PA-10000595,Office Supplies,Paper,Xerox 1929,5837
OFF-PA-10000418,Office Supplies,Paper,Xerox 189,5840
OFF-PA-10001033,Office Supplies,Paper,Xerox 1893,5841
OFF-PA-10001166,Office Supplies,Paper,Xerox 2,5842
OFF-PA-10001934,Office Supplies,Paper,Xerox 1993,5844
OFF-PA-10002377,Office Supplies,Paper,"Adams Telephone Message Book W/Dividers/Space For Phone Numbers, 5 1/4""X8 1/2"", 200/Messages",5846
OFF-PA-10001461,Office Supplies,Paper,HP Office Paper (20Lb. and 87 Bright),5849
OFF-PA-10004041,Office Supplies,Paper,"It's Hot Message Books with Stickers, 2 3/4"" x 5""",5851
OFF-PA-10001215,Office Supplies,Paper,Xerox 1963,5852
OFF-PA-10001184,Office Supplies,Paper,Xerox 1903,5857
OFF-PA-10002581,Office Supplies,Paper,Xerox 1951,5858
OFF-PA-10000295,Office Supplies,Paper,Xerox 229,5859
OFF-PA-10001838,Office Supplies,Paper,"Adams Telephone Message Book W/Dividers/Space For Phone Numbers, 5 1/4""X8 1/2"", 300/Messages",5861
OFF-PA-10003892,Office Supplies,Paper,Xerox 1943,5868
OFF-PA-10001295,Office Supplies,Paper,Computer Printout Paper with Letter-Trim Perforations,5870
OFF-PA-10000791,Office Supplies,Paper,"Wirebound Message Books, Four 2 3/4 x 5 Forms per Page, 200 Sets per Book",5873
OFF-PA-10002160,Office Supplies,Paper,Xerox 1978,5874
OFF-PA-10003256,Office Supplies,Paper,Avery Personal Creations Heavyweight Cards,5876
OFF-PA-10001736,Office Supplies,Paper,Xerox 1880,5882
OFF-PA-10003641,Office Supplies,Paper,Xerox 1909,5883
OFF-PA-10003424,Office Supplies,Paper,"""While you Were Out"" Message Book, One Form per Page",5885
OFF-PA-10001685,Office Supplies,Paper,Staples,5886
OFF-PA-10004285,Office Supplies,Paper,Xerox 1959,5889
OFF-PA-10004965,Office Supplies,Paper,Xerox 1921,5891
OFF-PA-10001516,Office Supplies,Paper,"Xerox Note Cards, Recycled",5893
OFF-PA-10000726,Office Supplies,Paper,"Black Print Carbonless Snap-Off Rapid Letter, 8 1/2"" x 7""",5896
OFF-PA-10004998,Office Supplies,Paper,"Green Bar Parchment Paper, Multicolor",5905
OFF-PA-10001686,Office Supplies,Paper,"SanDisk Memo Slips, Premium",5925
OFF-PA-10004600,Office Supplies,Paper,"Xerox Cards & Envelopes, Premium",5929
OFF-PA-10003664,Office Supplies,Paper,"Enermax Computer Printout Paper, Premium",5934
OFF-PA-10004190,Office Supplies,Paper,"Xerox Note Cards, Multicolor",5960
OFF-PA-10004016,Office Supplies,Paper,"SanDisk Memo Slips, Recycled",5973
OFF-PA-10001878,Office Supplies,Paper,"Enermax Cards & Envelopes, Premium",5976
OFF-XER-10002982,Office Supplies,Paper,"Xerox Memo Slips, 8.5 x 11",5988
OFF-EAT-10004696,Office Supplies,Paper,"Eaton Note Cards, 8.5 x 11",6022
OFF-PA-10000036,Office Supplies,Paper,"Green Bar Note Cards, Multicolor",6058
OFF-PA-10002237,Office Supplies,Paper,"Enermax Memo Slips, 8.5 x 11",6059
OFF-PA-10003034,Office Supplies,Paper,"SanDisk Memo Slips, 8.5 x 11",6061
OFF-PA-10004990,Office Supplies,Paper,"SanDisk Computer Printout Paper, Recycled",6074
OFF-PA-10004054,Office Supplies,Paper,"Green Bar Computer Printout Paper, Recycled",6102
OFF-PA-10002246,Office Supplies,Paper,"Wirebound Four 2-3/4 x 5 Forms per Page, 400 Sets per Book",6165
OFF-PA-10003338,Office Supplies,Paper,"Enermax Parchment Paper, Recycled",6169
OFF-PA-10003441,Office Supplies,Paper,Xerox 226,6194
OFF-PA-10002986,Office Supplies,Paper,Xerox 1898,6197
OFF-PA-10004451,Office Supplies,Paper,Xerox 222,6198
OFF-PA-10000483,Office Supplies,Paper,Xerox 19,6204
OFF-PA-10002923,Office Supplies,Paper,Xerox 1942,6216
OFF-PA-10000605,Office Supplies,Paper,Xerox 1950,6222
OFF-PA-10004519,Office Supplies,Paper,Spiral Phone Message Books with Labels by Adams,6271
OFF-PA-10003416,Office Supplies,Paper,"Enermax Note Cards, Multicolor",6278
OFF-PA-10002645,Office Supplies,Paper,"Green Bar Computer Printout Paper, Recycled",6293
OFF-PA-10001166,Office Supplies,Paper,Xerox 1932,6321
OFF-PA-10000357,Office Supplies,Paper,Xerox 1888,6326
OFF-PA-10001363,Office Supplies,Paper,Xerox 1933,6329
OFF-PA-10000788,Office Supplies,Paper,Xerox 210,6334
OFF-PA-10000029,Office Supplies,Paper,Xerox 224,6335
OFF-PA-10002689,Office Supplies,Paper,Weyerhaeuser First Choice Laser/Copy Paper (20Lb. and 88 Bright),6356
OFF-PA-10001560,Office Supplies,Paper,"Adams Telephone Message Books, 5 1/4? x 11?",6359
OFF-PA-10000587,Office Supplies,Paper,"Array Parchment Paper, Assorted Colors",6361
OFF-PA-10004438,Office Supplies,Paper,Xerox 1907,6369
OFF-PA-10003656,Office Supplies,Paper,Xerox 1935,6373
OFF-PA-10000673,Office Supplies,Paper,"Post-it ?Important Message? Note Pad, Neon Colors, 50 Sheets/Pad",6375
OFF-PA-10003228,Office Supplies,Paper,Xerox 1917,6376
OFF-PA-10003848,Office Supplies,Paper,Xerox 1997,6377
OFF-PA-10000482,Office Supplies,Paper,"Snap-A-Way Black Print Carbonless Ruled Speed Letter, Triplicate",6381
OFF-PA-10004156,Office Supplies,Paper,Xerox 188,6382
OFF-PA-10002137,Office Supplies,Paper,"Southworth 100% Resume Paper, 24lb.",6388
OFF-PA-10001745,Office Supplies,Paper,"Wirebound Message Books, 2 7/8"" x 5"", 3 Forms per Page",6389
OFF-PA-10002615,Office Supplies,Paper,"Ampad Gold Fibre Wirebound Steno Books, 6"" x 9"", Gregg Ruled",6445
OFF-PA-10003673,Office Supplies,Paper,Strathmore Photo Mount Cards,6453
OFF-PA-10003591,Office Supplies,Paper,Southworth 100% Cotton The Best Paper,6462
OFF-PA-10004039,Office Supplies,Paper,Xerox 1882,6472
OFF-PA-10002365,Office Supplies,Paper,Xerox 1967,6474
OFF-PA-10004027,Office Supplies,Paper,"Xerox Cards & Envelopes, Recycled",6482
OFF-PA-10002382,Office Supplies,Paper,"Eaton Note Cards, Premium",6486
OFF-PA-10004610,Office Supplies,Paper,Xerox 1900,6545
OFF-PA-10000167,Office Supplies,Paper,Xerox 1925,6547
OFF-PA-10004343,Office Supplies,Paper,"Enermax Memo Slips, Premium",6571
OFF-PA-10004040,Office Supplies,Paper,Universal Premium White Copier/Laser Paper (20Lb. and 87 Bright),6577
OFF-PA-10000081,Office Supplies,Paper,"SanDisk Computer Printout Paper, Premium",6586
OFF-PA-10002195,Office Supplies,Paper,"RSVP Cards & Envelopes, Blank White, 8-1/2"" X 11"", 24 Cards/25 Envelopes/Set",6597
OFF-PA-10003510,Office Supplies,Paper,"Enermax Message Books, Recycled",6602
OFF-PA-10004849,Office Supplies,Paper,"Xerox Computer Printout Paper, Multicolor",6613
OFF-PA-10000867,Office Supplies,Paper,"SanDisk Message Books, Multicolor",6644
OFF-PA-10002927,Office Supplies,Paper,"Enermax Computer Printout Paper, 8.5 x 11",6650
OFF-PA-10001656,Office Supplies,Paper,"SanDisk Parchment Paper, 8.5 x 11",6651
OFF-PA-10004501,Office Supplies,Paper,"SanDisk Memo Slips, Multicolor",6652
OFF-PA-10003718,Office Supplies,Paper,"Xerox Memo Slips, Recycled",6673
OFF-PA-10000579,Office Supplies,Paper,"Xerox Computer Printout Paper, Recycled",6681
OFF-ENE-10003274,Office Supplies,Paper,"Enermax Memo Slips, 8.5 x 11",6702
OFF-SAN-10001094,Office Supplies,Paper,"SanDisk Memo Slips, 8.5 x 11",6703
OFF-XER-10004012,Office Supplies,Paper,"Xerox Note Cards, Premium",6704
OFF-ENE-10001906,Office Supplies,Paper,"Enermax Message Books, Recycled",6705
OFF-PA-10002195,Office Supplies,Paper,Xerox 1966,6754
OFF-PA-10002245,Office Supplies,Paper,Xerox 1895,6755
OFF-PA-10003001,Office Supplies,Paper,Xerox 1986,6763
OFF-PA-10003936,Office Supplies,Paper,Xerox 1994,6766
OFF-PA-10001994,Office Supplies,Paper,"Ink Jet Note and Greeting Cards, 8-1/2"" x 5-1/2"" Card Size",6767
OFF-PA-10004665,Office Supplies,Paper,Advantus Motivational Note Cards,6769
OFF-PA-10001307,Office Supplies,Paper,"Important Message Pads, 50 4-1/4 x 5-1/2 Forms per Pad",6772
OFF-PA-10000232,Office Supplies,Paper,Xerox 1975,6775
OFF-PA-10001204,Office Supplies,Paper,Xerox 1972,6778
OFF-PA-10000477,Office Supplies,Paper,Xerox 22,6781
OFF-EAT-10000854,Office Supplies,Paper,"Eaton Parchment Paper, Recycled",6787
OFF-PA-10004286,Office Supplies,Paper,"Enermax Cards & Envelopes, Recycled",6794
OFF-GRE-10003316,Office Supplies,Paper,"Green Bar Parchment Paper, Recycled",6797
OFF-PA-10003407,Office Supplies,Paper,"Enermax Memo Slips, Recycled",6821
OFF-PA-10002862,Office Supplies,Paper,"Green Bar Message Books, Recycled",6822
OFF-PA-10000032,Office Supplies,Paper,"SanDisk Note Cards, Premium",6838
OFF-PA-10001243,Office Supplies,Paper,Xerox 1983,6850
OFF-PA-10003363,Office Supplies,Paper,Xerox 204,6852
OFF-PA-10001846,Office Supplies,Paper,Xerox 1899,6858
OFF-PA-10000327,Office Supplies,Paper,Xerox 1971,6860
OFF-PA-10000935,Office Supplies,Paper,"SanDisk Computer Printout Paper, Multicolor",6884
OFF-PA-10003405,Office Supplies,Paper,"Green Bar Memo Slips, Premium",6894
OFF-PA-10002073,Office Supplies,Paper,"Green Bar Parchment Paper, 8.5 x 11",6899
OFF-PA-10004071,Office Supplies,Paper,"Eaton Premium Continuous-Feed Paper, 25% Cotton, Letter Size, White, 1000 Shts/Box",6907
OFF-PA-10001837,Office Supplies,Paper,Xerox 1976,6908
OFF-PA-10000951,Office Supplies,Paper,"Enermax Note Cards, Multicolor",6923
OFF-PA-10003969,Office Supplies,Paper,"Green Bar Note Cards, 8.5 x 11",6924
OFF-PA-10004380,Office Supplies,Paper,"SanDisk Memo Slips, Multicolor",6939
OFF-PA-10001835,Office Supplies,Paper,"SanDisk Computer Printout Paper, 8.5 x 11",6944
OFF-PA-10003845,Office Supplies,Paper,Xerox 1987,6958
OFF-PA-10003172,Office Supplies,Paper,Xerox 1996,6973
OFF-PA-10000349,Office Supplies,Paper,Staples,6974
OFF-PA-10002713,Office Supplies,Paper,"Adams Phone Message Book, 200 Message Capacity, 8 1/16? x 11?",6980
OFF-PA-10001293,Office Supplies,Paper,Xerox 1946,6985
OFF-PA-10000924,Office Supplies,Paper,"Green Bar Message Books, Multicolor",7015
OFF-SAN-10004426,Office Supplies,Paper,"SanDisk Note Cards, Premium",7072
OFF-PA-10001371,Office Supplies,Paper,"Xerox Computer Printout Paper, 8.5 x 11",7090
OFF-PA-10002040,Office Supplies,Paper,"Green Bar Cards & Envelopes, Multicolor",7092
OFF-PA-10001497,Office Supplies,Paper,"Xerox Note Cards, 8.5 x 11",7116
OFF-PA-10003301,Office Supplies,Paper,"Green Bar Parchment Paper, Recycled",7118
OFF-PA-10003907,Office Supplies,Paper,"Eaton Message Books, Premium",7120
OFF-PA-10002751,Office Supplies,Paper,Xerox 1920,7124
OFF-PA-10004267,Office Supplies,Paper,"Enermax Parchment Paper, 8.5 x 11",7131
OFF-PA-10001523,Office Supplies,Paper,"Enermax Cards & Envelopes, Premium",7137
OFF-PA-10002101,Office Supplies,Paper,"Xerox Parchment Paper, Multicolor",7143
OFF-PA-10001844,Office Supplies,Paper,"Eaton Message Books, 8.5 x 11",7164
OFF-PA-10000876,Office Supplies,Paper,"Eaton Computer Printout Paper, Multicolor",7166
OFF-PA-10000682,Office Supplies,Paper,Xerox 1924,7178
OFF-PA-10000450,Office Supplies,Paper,"Green Bar Note Cards, Multicolor",7196
OFF-PA-10001818,Office Supplies,Paper,"Green Bar Note Cards, Multicolor",7239
OFF-PA-10001667,Office Supplies,Paper,Great White Multi-Use Recycled Paper (20Lb. and 84 Bright),7244
OFF-PA-10001858,Office Supplies,Paper,"SanDisk Message Books, Multicolor",7260
OFF-PA-10001952,Office Supplies,Paper,Xerox 1902,7294
OFF-PA-10000552,Office Supplies,Paper,Xerox 200,7295
OFF-PA-10002767,Office Supplies,Paper,"Enermax Message Books, Premium",7301
OFF-PA-10002372,Office Supplies,Paper,"SanDisk Computer Printout Paper, Recycled",7304
OFF-PA-10003875,Office Supplies,Paper,"Enermax Memo Slips, Multicolor",7310
OFF-PA-10001971,Office Supplies,Paper,"Eaton Cards & Envelopes, Premium",7320
OFF-PA-10003037,Office Supplies,Paper,"Eaton Memo Slips, Multicolor",7360
OFF-PA-10001294,Office Supplies,Paper,"Enermax Cards & Envelopes, Multicolor",7367
OFF-PA-10001004,Office Supplies,Paper,"Eaton Parchment Paper, 8.5 x 11",7374
OFF-PA-10002522,Office Supplies,Paper,"Green Bar Note Cards, 8.5 x 11",7375
OFF-PA-10003039,Office Supplies,Paper,"Xerox Note Cards, 8.5 x 11",7379
OFF-PA-10000176,Office Supplies,Paper,Xerox 1887,7384
OFF-PA-10001019,Office Supplies,Paper,Xerox 1884,7388
OFF-PA-10000743,Office Supplies,Paper,Xerox 1977,7389
OFF-PA-10000659,Office Supplies,Paper,"TOPS Carbonless Receipt Book, Four 2-3/4 x 7-1/4 Money Receipts per Page",7390
OFF-PA-10004468,Office Supplies,Paper,"SanDisk Note Cards, Premium",7399
OFF-PA-10003651,Office Supplies,Paper,Xerox 1968,7410
OFF-PA-10001086,Office Supplies,Paper,"Enermax Cards & Envelopes, Multicolor",7421
OFF-PA-10000277,Office Supplies,Paper,"SanDisk Computer Printout Paper, Premium",7426
OFF-PA-10002552,Office Supplies,Paper,Xerox 1958,7432
OFF-PA-10000130,Office Supplies,Paper,Xerox 199,7436
OFF-PA-10001892,Office Supplies,Paper,"Rediform Wirebound ""Phone Memo"" Message Book, 11 x 5-3/4",7440
OFF-PA-10001457,Office Supplies,Paper,White GlueTop Scratch Pads,7441
OFF-PA-10002870,Office Supplies,Paper,"Ampad Phone Message Book, Recycled, 400 Message Capacity, 5 ?? x 11?",7461
OFF-PA-10002725,Office Supplies,Paper,"Eaton Cards & Envelopes, Premium",7513
OFF-PA-10001761,Office Supplies,Paper,"Eaton Message Books, Multicolor",7514
OFF-PA-10003134,Office Supplies,Paper,Xerox 1937,7516
OFF-PA-10002292,Office Supplies,Paper,"SanDisk Computer Printout Paper, Recycled",7519
OFF-PA-10002947,Office Supplies,Paper,Xerox 1923,7541
OFF-PA-10003127,Office Supplies,Paper,Staples,7544
OFF-PA-10000522,Office Supplies,Paper,"Green Bar Message Books, Multicolor",7550
OFF-PA-10002586,Office Supplies,Paper,Xerox 1970,7554
OFF-PA-10000859,Office Supplies,Paper,Unpadded Memo Slips,7555
OFF-PA-10001144,Office Supplies,Paper,Xerox 1913,7556
OFF-PA-10000740,Office Supplies,Paper,Xerox 1982,7557
OFF-SAN-10000722,Office Supplies,Paper,"SanDisk Computer Printout Paper, Premium",7595
OFF-ENE-10002922,Office Supplies,Paper,"Enermax Note Cards, Premium",7596
OFF-PA-10002394,Office Supplies,Paper,"Eaton Computer Printout Paper, Recycled",7607
OFF-PA-10000731,Office Supplies,Paper,"Enermax Parchment Paper, 8.5 x 11",7644
OFF-PA-10002396,Office Supplies,Paper,"Eaton Memo Slips, 8.5 x 11",7689
OFF-PA-10001736,Office Supplies,Paper,"SanDisk Note Cards, 8.5 x 11",7707
OFF-PA-10004733,Office Supplies,Paper,Things To Do Today Spiral Book,7711
OFF-PA-10004640,Office Supplies,Paper,"Eaton Message Books, Multicolor",7721
OFF-PA-10003033,Office Supplies,Paper,"Enermax Parchment Paper, Recycled",7740
OFF-PA-10001850,Office Supplies,Paper,"Eaton Note Cards, Premium",7801
OFF-PA-10003550,Office Supplies,Paper,"Eaton Cards & Envelopes, Recycled",7803
OFF-PA-10001950,Office Supplies,Paper,Southworth 25% Cotton Antique Laid Paper & Envelopes,7830
OFF-PA-10000565,Office Supplies,Paper,Staples,7854
OFF-PA-10004421,Office Supplies,Paper,"Enermax Memo Slips, Multicolor",7867
OFF-PA-10002303,Office Supplies,Paper,"Eaton Parchment Paper, Multicolor",7868
OFF-PA-10004385,Office Supplies,Paper,"Eaton Parchment Paper, Premium",7912
OFF-PA-10004589,Office Supplies,Paper,"Green Bar Computer Printout Paper, Multicolor",7940
OFF-PA-10003499,Office Supplies,Paper,"Xerox Parchment Paper, 8.5 x 11",7943
OFF-GRE-10004054,Office Supplies,Paper,"Green Bar Memo Slips, Multicolor",7964
OFF-PA-10004842,Office Supplies,Paper,"SanDisk Message Books, Recycled",7977
OFF-PA-10002338,Office Supplies,Paper,"Green Bar Parchment Paper, Recycled",7978
OFF-XER-10003300,Office Supplies,Paper,"Xerox Message Books, 8.5 x 11",7982
OFF-PA-10004498,Office Supplies,Paper,"Enermax Memo Slips, Multicolor",8006
OFF-PA-10001578,Office Supplies,Paper,"Eaton Computer Printout Paper, Multicolor",8007
OFF-PA-10003424,Office Supplies,Paper,"Enermax Computer Printout Paper, 8.5 x 11",8026
OFF-PA-10000246,Office Supplies,Paper,Riverleaf Stik-Withit Designer Note Cubes,8027
OFF-PA-10004741,Office Supplies,Paper,"SanDisk Cards & Envelopes, 8.5 x 11",8033
OFF-PA-10003784,Office Supplies,Paper,"Eaton Note Cards, Premium",8039
OFF-PA-10002036,Office Supplies,Paper,Xerox 1930,8064
OFF-PA-10001301,Office Supplies,Paper,"SanDisk Computer Printout Paper, Multicolor",8079
OFF-PA-10004990,Office Supplies,Paper,"Xerox Note Cards, Recycled",8082
OFF-PA-10004996,Office Supplies,Paper,"Speediset Carbonless Redi-Letter 7"" x 8 1/2""",8095
OFF-PA-10002925,Office Supplies,Paper,"Enermax Cards & Envelopes, Multicolor",8118
OFF-PA-10003115,Office Supplies,Paper,"Enermax Note Cards, Premium",8128
OFF-PA-10000556,Office Supplies,Paper,Xerox 208,8137
OFF-PA-10003205,Office Supplies,Paper,"Wirebound Message Forms, Four 2 3/4 x 5 Forms per Page, Pink Paper",8144
OFF-PA-10003139,Office Supplies,Paper,"SanDisk Parchment Paper, Recycled",8163
OFF-PA-10002930,Office Supplies,Paper,"SanDisk Cards & Envelopes, Premium",8166
OFF-PA-10002120,Office Supplies,Paper,Xerox 1889,8199
OFF-PA-10000312,Office Supplies,Paper,Xerox 1955,8200
OFF-PA-10000174,Office Supplies,Paper,"Message Book, Wirebound, Four 5 1/2"" X 4"" Forms/Pg., 200 Dupl. Sets/Book",8251
OFF-PA-10000466,Office Supplies,Paper,"Memo Book, 100 Message Capacity, 5 3/8? x 11?",8252
OFF-PA-10002005,Office Supplies,Paper,Xerox 225,8255
OFF-PA-10000675,Office Supplies,Paper,Xerox 1919,8258
OFF-PA-10001870,Office Supplies,Paper,Xerox 202,8261
OFF-PA-10002230,Office Supplies,Paper,Xerox 1897,8265
OFF-PA-10001593,Office Supplies,Paper,Xerox 1947,8267
OFF-PA-10000357,Office Supplies,Paper,"White Dual Perf Computer Printout Paper, 2700 Sheets, 1 Part, Heavyweight, 20 lbs., 14 7/8 x 11",8272
OFF-PA-10001878,Office Supplies,Paper,Xerox 1891,8273
OFF-PA-10003543,Office Supplies,Paper,Xerox 1985,8274
OFF-PA-10001639,Office Supplies,Paper,Xerox 203,8276
OFF-PA-10002259,Office Supplies,Paper,"Geographics Note Cards, Blank, White, 8 1/2"" x 11""",8277
OFF-PA-10004405,Office Supplies,Paper,Rediform Voice Mail Log Books,8280
OFF-PA-10001954,Office Supplies,Paper,Xerox 1964,8282
OFF-PA-10004735,Office Supplies,Paper,Xerox 1905,8286
OFF-PA-10000806,Office Supplies,Paper,Xerox 1934,8287
OFF-PA-10001826,Office Supplies,Paper,Xerox 207,8288
OFF-SAN-10004706,Office Supplies,Paper,"SanDisk Note Cards, Premium",8301
OFF-PA-10002921,Office Supplies,Paper,"Eaton Message Books, Multicolor",8311
OFF-PA-10001323,Office Supplies,Paper,"Eaton Note Cards, 8.5 x 11",8320
OFF-PA-10000520,Office Supplies,Paper,Xerox 201,8334
OFF-PA-10000070,Office Supplies,Paper,"Eaton Computer Printout Paper, Recycled",8337
OFF-PA-10003252,Office Supplies,Paper,"Xerox Note Cards, 8.5 x 11",8346
OFF-EAT-10003094,Office Supplies,Paper,"Eaton Memo Slips, Premium",8352
OFF-XER-10000482,Office Supplies,Paper,"Xerox Note Cards, Multicolor",8374
OFF-PA-10001801,Office Supplies,Paper,"Xerox Memo Slips, Premium",8383
OFF-PA-10003395,Office Supplies,Paper,"Eaton Computer Printout Paper, Recycled",8413
OFF-PA-10003939,Office Supplies,Paper,"Enermax Note Cards, Multicolor",8416
OFF-PA-10004569,Office Supplies,Paper,"Wirebound Message Books, Two 4 1/4"" x 5"" Forms per Page",8426
OFF-PA-10000871,Office Supplies,Paper,"Enermax Cards & Envelopes, Recycled",8429
OFF-PA-10003156,Office Supplies,Paper,"Xerox Message Books, 8.5 x 11",8431
OFF-PA-10004022,Office Supplies,Paper,Hammermill Color Copier Paper (28Lb. and 96 Bright),8441
OFF-ENE-10001291,Office Supplies,Paper,"Enermax Computer Printout Paper, Premium",8453
OFF-PA-10001497,Office Supplies,Paper,Xerox 1914,8459
OFF-EAT-10000522,Office Supplies,Paper,"Eaton Computer Printout Paper, Multicolor",8483
OFF-SAN-10002020,Office Supplies,Paper,"SanDisk Parchment Paper, Multicolor",8484
OFF-XER-10003495,Office Supplies,Paper,"Xerox Cards & Envelopes, Premium",8528
OFF-ENE-10000516,Office Supplies,Paper,"Enermax Note Cards, Multicolor",8533
OFF-PA-10003774,Office Supplies,Paper,"Enermax Computer Printout Paper, Recycled",8539
OFF-PA-10003063,Office Supplies,Paper,EcoTones Memo Sheets,8542
OFF-PA-10000304,Office Supplies,Paper,Xerox 1995,8544
OFF-PA-10001260,Office Supplies,Paper,"TOPS Money Receipt Book, Consecutively Numbered in Red,",8549
OFF-PA-10004675,Office Supplies,Paper,"Telephone Message Books with Fax/Mobile Section, 5 1/2"" x 3 3/16""",8551
OFF-PA-10003790,Office Supplies,Paper,Xerox 1991,8563
OFF-PA-10004947,Office Supplies,Paper,Staples,8565
OFF-PA-10002254,Office Supplies,Paper,Xerox 1883,8569
OFF-PA-10002421,Office Supplies,Paper,Embossed Ink Jet Note Cards,8571
OFF-PA-10004983,Office Supplies,Paper,Xerox 23,8582
OFF-PA-10003350,Office Supplies,Paper,"Eaton Message Books, 8.5 x 11",8589
OFF-PA-10004968,Office Supplies,Paper,"Enermax Computer Printout Paper, Multicolor",8610
OFF-ENE-10004401,Office Supplies,Paper,"Enermax Parchment Paper, Premium",8638
OFF-PA-10002520,Office Supplies,Paper,"Green Bar Cards & Envelopes, Recycled",8664
OFF-PA-10003517,Office Supplies,Paper,"Enermax Note Cards, Premium",8695
OFF-ENE-10003549,Office Supplies,Paper,"Enermax Cards & Envelopes, Recycled",8746
OFF-ENE-10004866,Office Supplies,Paper,"Enermax Parchment Paper, 8.5 x 11",8752
OFF-ENE-10002470,Office Supplies,Paper,"Enermax Cards & Envelopes, 8.5 x 11",8766
OFF-EAT-10002122,Office Supplies,Paper,"Eaton Cards & Envelopes, 8.5 x 11",8768
OFF-ENE-10003066,Office Supplies,Paper,"Enermax Memo Slips, Multicolor",8818
OFF-XER-10004820,Office Supplies,Paper,"Xerox Computer Printout Paper, Premium",8825
OFF-PA-10002477,Office Supplies,Paper,"Enermax Message Books, Multicolor",8830
OFF-PA-10002461,Office Supplies,Paper,"Eaton Parchment Paper, Multicolor",8847
OFF-PA-10003390,Office Supplies,Paper,"Enermax Computer Printout Paper, Recycled",8853
OFF-PA-10000382,Office Supplies,Paper,"SanDisk Computer Printout Paper, Multicolor",8865
OFF-ENE-10000935,Office Supplies,Paper,"Enermax Memo Slips, Premium",8880
OFF-PA-10001348,Office Supplies,Paper,"Eaton Note Cards, Multicolor",8883
OFF-PA-10000915,Office Supplies,Paper,"Eaton Note Cards, 8.5 x 11",8889
OFF-PA-10001763,Office Supplies,Paper,Xerox 1896,8896
OFF-PA-10003797,Office Supplies,Paper,Xerox 209,8918
OFF-PA-10004355,Office Supplies,Paper,Xerox 231,8920
OFF-PA-10000098,Office Supplies,Paper,"Xerox Parchment Paper, 8.5 x 11",8925
OFF-GRE-10000320,Office Supplies,Paper,"Green Bar Computer Printout Paper, Premium",8936
OFF-PA-10003465,Office Supplies,Paper,Xerox 1912,8979
OFF-PA-10000048,Office Supplies,Paper,"Xerox Memo Slips, Multicolor",8987
OFF-PA-10000551,Office Supplies,Paper,Array Memo Cubes,8990
OFF-PA-10001495,Office Supplies,Paper,"Xerox Parchment Paper, Recycled",8997
OFF-PA-10002918,Office Supplies,Paper,"Eaton Computer Printout Paper, Recycled",9027
OFF-PA-10001274,Office Supplies,Paper,Loose Memo Sheets,9044
OFF-PA-10000677,Office Supplies,Paper,"Green Bar Memo Slips, Premium",9052
OFF-EAT-10004036,Office Supplies,Paper,"Eaton Parchment Paper, Premium",9077
OFF-PA-10001492,Office Supplies,Paper,"Enermax Note Cards, Premium",9081
OFF-PA-10002488,Office Supplies,Paper,"Xerox Message Books, Multicolor",9087
OFF-PA-10000562,Office Supplies,Paper,"Enermax Cards & Envelopes, 8.5 x 11",9091
OFF-PA-10001650,Office Supplies,Paper,"Xerox Message Books, Premium",9140
OFF-PA-10004530,Office Supplies,Paper,Personal Creations Ink Jet Cards and Labels,9150
OFF-PA-10001450,Office Supplies,Paper,Rediform S.O.S. Phone Message Books,9151
OFF-PA-10000141,Office Supplies,Paper,"Ampad Evidence Wirebond Steno Books, 6"" x 9""",9152
OFF-PA-10000223,Office Supplies,Paper,Xerox 2000,9165
OFF-PA-10001947,Office Supplies,Paper,Xerox 1974,9166
OFF-PA-10004911,Office Supplies,Paper,"Rediform S.O.S. 1-Up Phone Message Bk, 4-1/4x3-1/16 Bk, 1 Form/Pg, 40 Messages/Bk, 3/Pk",9167
OFF-PA-10004359,Office Supplies,Paper,Multicolor Computer Printout Paper,9168
OFF-PA-10003016,Office Supplies,Paper,"Adams ""While You Were Out"" Message Pads",9169
OFF-PA-10003309,Office Supplies,Paper,Xerox 211,9170
OFF-PA-10000477,Office Supplies,Paper,Xerox 1952,9171
OFF-PA-10002764,Office Supplies,Paper,Staples,9172
OFF-PA-10004092,Office Supplies,Paper,Tops Green Bar Computer Printout Paper,9173
OFF-PA-10004782,Office Supplies,Paper,Xerox 228,9174
OFF-PA-10000210,Office Supplies,Paper,Xerox Blank Computer Paper,9175
OFF-PA-10002606,Office Supplies,Paper,Xerox 1928,9176
OFF-PA-10001445,Office Supplies,Paper,"Eaton Cards & Envelopes, Multicolor",9251
OFF-PA-10000069,Office Supplies,Paper,"TOPS 4 x 6 Fluorescent Color Memo Sheets, 500 Sheets per Pack",9260
OFF-PA-10003518,Office Supplies,Paper,"Enermax Computer Printout Paper, Multicolor",9262
OFF-PA-10000302,Office Supplies,Paper,"Eaton Computer Printout Paper, Multicolor",9270
OFF-PA-10003586,Office Supplies,Paper,"Eaton Computer Printout Paper, Premium",9279
OFF-PA-10001537,Office Supplies,Paper,"Green Bar Note Cards, 8.5 x 11",9280
OFF-PA-10002652,Office Supplies,Paper,"Eaton Note Cards, Premium",9298
OFF-PA-10004641,Office Supplies,Paper,"SanDisk Cards & Envelopes, Multicolor",9301
OFF-PA-10003359,Office Supplies,Paper,"Eaton Cards & Envelopes, 8.5 x 11",9313
OFF-PA-10002371,Office Supplies,Paper,"Green Bar Message Books, 8.5 x 11",9316
OFF-PA-10002356,Office Supplies,Paper,"Xerox Parchment Paper, Recycled",9317
OFF-ENE-10000199,Office Supplies,Paper,"Enermax Computer Printout Paper, Multicolor",9319
OFF-PA-10003640,Office Supplies,Paper,"Eaton Cards & Envelopes, Recycled",9338
OFF-PA-10004020,Office Supplies,Paper,"SanDisk Message Books, 8.5 x 11",9339
OFF-PA-10000108,Office Supplies,Paper,"Green Bar Parchment Paper, 8.5 x 11",9343
OFF-PA-10001456,Office Supplies,Paper,"Eaton Memo Slips, 8.5 x 11",9344
OFF-PA-10004294,Office Supplies,Paper,"Xerox Computer Printout Paper, 8.5 x 11",9347
OFF-PA-10001849,Office Supplies,Paper,"SanDisk Cards & Envelopes, Recycled",9393
OFF-PA-10004573,Office Supplies,Paper,"Enermax Memo Slips, Premium",9398
OFF-PA-10003937,Office Supplies,Paper,"Green Bar Memo Slips, Recycled",9425
OFF-PA-10000588,Office Supplies,Paper,"SanDisk Cards & Envelopes, 8.5 x 11",9443
OFF-PA-10004673,Office Supplies,Paper,"Eaton Note Cards, Multicolor",9444
OFF-PA-10001691,Office Supplies,Paper,"Green Bar Note Cards, Premium",9445
OFF-PA-10004673,Office Supplies,Paper,"Xerox Message Books, Multicolor",9451
OFF-PA-10004918,Office Supplies,Paper,"SanDisk Message Books, Recycled",9479
OFF-PA-10003681,Office Supplies,Paper,"Green Bar Message Books, Premium",9506
OFF-PA-10004761,Office Supplies,Paper,"Green Bar Memo Slips, Premium",9518
OFF-PA-10000850,Office Supplies,Paper,"SanDisk Parchment Paper, Multicolor",9519
OFF-XER-10003329,Office Supplies,Paper,"Xerox Computer Printout Paper, Multicolor",9564
OFF-PA-10000824,Office Supplies,Paper,"Enermax Computer Printout Paper, Multicolor",9586
OFF-PA-10002352,Office Supplies,Paper,"Eaton Parchment Paper, Premium",9593
OFF-PA-10002968,Office Supplies,Paper,Xerox 1973,9604
OFF-PA-10000501,Office Supplies,Paper,Petty Cash Envelope,9605
OFF-PA-10003953,Office Supplies,Paper,Xerox 218,9607
OFF-PA-10002295,Office Supplies,Paper,"Xerox Cards & Envelopes, 8.5 x 11",9631
OFF-PA-10000816,Office Supplies,Paper,"Enermax Memo Slips, Recycled",9649
OFF-PA-10004124,Office Supplies,Paper,"Xerox Message Books, Multicolor",9658
OFF-PA-10004475,Office Supplies,Paper,Xerox 1940,9668
OFF-PA-10003919,Office Supplies,Paper,Xerox 1989,9704
OFF-PA-10003920,Office Supplies,Paper,"Xerox Parchment Paper, Premium",9719
OFF-XER-10000846,Office Supplies,Paper,"Xerox Cards & Envelopes, 8.5 x 11",9731
OFF-PA-10004174,Office Supplies,Paper,"Enermax Computer Printout Paper, 8.5 x 11",9738
OFF-PA-10000776,Office Supplies,Paper,"Xerox Cards & Envelopes, Premium",9747
OFF-PA-10003956,Office Supplies,Paper,"SanDisk Parchment Paper, Recycled",9750
OFF-PA-10001595,Office Supplies,Paper,"Enermax Memo Slips, 8.5 x 11",9788
OFF-PA-10003022,Office Supplies,Paper,Standard Line ?While You Were Out? Hardbound Telephone Message Book,9795
OFF-PA-10002611,Office Supplies,Paper,"Green Bar Parchment Paper, Multicolor",9798
OFF-PA-10004881,Office Supplies,Paper,"Xerox Computer Printout Paper, Recycled",9804
OFF-PA-10004433,Office Supplies,Paper,"Green Bar Parchment Paper, Premium",9820
OFF-PA-10000919,Office Supplies,Paper,Xerox 1918,9846
OFF-PA-10002960,Office Supplies,Paper,Xerox 1926,9847
OFF-PA-10004948,Office Supplies,Paper,Xerox 190,9848
OFF-PA-10001471,Office Supplies,Paper,Strathmore Photo Frame Cards,9849
OFF-PA-10002709,Office Supplies,Paper,Xerox 1956,9850
OFF-PA-10004470,Office Supplies,Paper,"Adams Write n Stick Phone Message Book, 11"" X 5 1/4"", 200 Messages",9851
OFF-PA-10002659,Office Supplies,Paper,Avoid Verbal Orders Carbonless Minifold Book,9852
OFF-PA-10004255,Office Supplies,Paper,Xerox 219,9853
OFF-PA-10002741,Office Supplies,Paper,Xerox 1980,9854
OFF-PA-10001281,Office Supplies,Paper,Computer Printout Paper with Letter-Trim Fine Perforations,9855
OFF-PA-10000697,Office Supplies,Paper,"TOPS Voice Message Log Book, Flash Format",9856
OFF-PA-10000807,Office Supplies,Paper,"TOPS ""Important Message"" Pads, Canary, 4-1/4 x 5-1/2, 50 Sheets per Pad",9857
OFF-PA-10001142,Office Supplies,Paper,"Green Bar Note Cards, Multicolor",9903
OFF-PA-10000048,Office Supplies,Paper,Xerox 20,9930
OFF-PA-10000300,Office Supplies,Paper,"Green Bar Cards & Envelopes, Premium",9933
OFF-PA-10000758,Office Supplies,Paper,"SanDisk Computer Printout Paper, 8.5 x 11",9939
OFF-PA-10002043,Office Supplies,Paper,"SanDisk Cards & Envelopes, 8.5 x 11",9948
OFF-XER-10002848,Office Supplies,Paper,"Xerox Message Books, Multicolor",9956
OFF-PA-10001733,Office Supplies,Paper,"Xerox Memo Slips, Recycled",9973
OFF-PA-10003835,Office Supplies,Paper,"SanDisk Memo Slips, Premium",9979
OFF-PA-10000320,Office Supplies,Paper,"Enermax Parchment Paper, Multicolor",9992
OFF-PA-10003981,Office Supplies,Paper,"SanDisk Note Cards, Premium",9994
OFF-PA-10003808,Office Supplies,Paper,"SanDisk Note Cards, Premium",9997
OFF-PA-10003527,Office Supplies,Paper,"Xerox Memo Slips, 8.5 x 11",9998
OFF-PA-10003232,Office Supplies,Paper,"Eaton Parchment Paper, 8.5 x 11",10007
OFF-PA-10002976,Office Supplies,Paper,"Xerox Computer Printout Paper, 8.5 x 11",10008
OFF-PA-10003039,Office Supplies,Paper,Xerox 1960,10031
OFF-PA-10001661,Office Supplies,Paper,Xerox 1922,10034
OFF-PA-10001583,Office Supplies,Paper,"1/4 Fold Party Design Invitations & White Envelopes, 24 8-1/2"" X 11"" Cards, 25 Env./Pack",10056
OFF-PA-10000528,Office Supplies,Paper,Xerox 1981,10058
OFF-PA-10002333,Office Supplies,Paper,"Universal Ultra Bright White Copier/Laser Paper, 8 1/2"" x 11"", Ream",10065
OFF-PA-10000601,Office Supplies,Paper,"Eaton Parchment Paper, Premium",10078
OFF-PA-10003052,Office Supplies,Paper,"Green Bar Message Books, Recycled",10088
OFF-PA-10002369,Office Supplies,Paper,"Eaton Parchment Paper, Multicolor",10096
OFF-PA-10002193,Office Supplies,Paper,"Xerox Memo Slips, 8.5 x 11",10112
OFF-PA-10003273,Office Supplies,Paper,"Green Bar Cards & Envelopes, Premium",10122
OFF-ENE-10004377,Office Supplies,Paper,"Enermax Note Cards, 8.5 x 11",10150
OFF-PA-10003389,Office Supplies,Paper,"Enermax Message Books, Recycled",10160
OFF-PA-10001409,Office Supplies,Paper,"Green Bar Memo Slips, Multicolor",10172
OFF-EAT-10002463,Office Supplies,Paper,"Eaton Computer Printout Paper, Premium",10203
OFF-PA-10002218,Office Supplies,Paper,"Enermax Note Cards, Multicolor",10205
OFF-GRE-10004359,Office Supplies,Paper,"Green Bar Message Books, 8.5 x 11",10222
OFF-PA-10003365,Office Supplies,Paper,"Eaton Cards & Envelopes, Multicolor",10246
OFF-PA-10004734,Office Supplies,Paper,Southworth Structures Collection,10248
OFF-PA-10003739,Office Supplies,Paper,Xerox 1969,10259
OFF-PA-10002464,Office Supplies,Paper,"Green Bar Computer Printout Paper, Multicolor",10263
OFF-PA-10002842,Office Supplies,Paper,"Eaton Parchment Paper, Recycled",10264
OFF-PA-10000350,Office Supplies,Paper,"Message Book, Standard Line ""While You Were Out"", 5 1/2"" X 4"", 200 Sets/Book",10301
OFF-PA-10004024,Office Supplies,Paper,"Enermax Memo Slips, Recycled",10307
OFF-PA-10004627,Office Supplies,Paper,"Eaton Computer Printout Paper, Multicolor",10318
OFF-PA-10002001,Office Supplies,Paper,Xerox 1984,10392
OFF-PA-10002771,Office Supplies,Paper,"Xerox Computer Printout Paper, Premium",10404
OFF-PA-10004411,Office Supplies,Paper,"Xerox Memo Slips, Multicolor",10439
OFF-EAT-10003702,Office Supplies,Paper,"Eaton Note Cards, Premium",10441
OFF-GRE-10003213,Office Supplies,Paper,"Green Bar Memo Slips, Premium",10442
OFF-PA-10004200,Office Supplies,Paper,"Xerox Note Cards, Multicolor",10456
OFF-PA-10000354,Office Supplies,Paper,"Xerox Computer Printout Paper, Multicolor",10471
OFF-PA-10002671,Office Supplies,Paper,"Enermax Memo Slips, 8.5 x 11",10478
OFF-GRE-10003899,Office Supplies,Paper,"Green Bar Cards & Envelopes, Recycled",10492
OFF-PA-10001001,Office Supplies,Paper,"Snap-A-Way Black Print Carbonless Speed Message, No Reply Area, Duplicate",10496
OFF-PA-10000318,Office Supplies,Paper,"Green Bar Parchment Paper, 8.5 x 11",10500
OFF-ENE-10002038,Office Supplies,Paper,"Enermax Message Books, Premium",10507
OFF-PA-10001259,Office Supplies,Paper,"Green Bar Note Cards, 8.5 x 11",10567
OFF-PA-10001639,Office Supplies,Paper,"Enermax Memo Slips, 8.5 x 11",10576
OFF-PA-10004673,Office Supplies,Paper,"Green Bar Memo Slips, Recycled",10598
OFF-PA-10000522,Office Supplies,Paper,"Xerox Computer Printout Paper, Recycled",10604
OFF-PA-10003002,Office Supplies,Paper,"Enermax Message Books, Multicolor",10613
OFF-PA-10001115,Office Supplies,Paper,"SanDisk Parchment Paper, Multicolor",10614
OFF-PA-10001448,Office Supplies,Paper,"Xerox Note Cards, Recycled",10615
OFF-PA-10002258,Office Supplies,Paper,"Green Bar Message Books, 8.5 x 11",10621
OFF-PA-10000655,Office Supplies,Paper,"Enermax Parchment Paper, Multicolor",10682
OFF-PA-10003333,Office Supplies,Paper,"Eaton Note Cards, 8.5 x 11",10693
OFF-PA-10004766,Office Supplies,Paper,"Enermax Message Books, Premium",10722
OFF-EAT-10001025,Office Supplies,Paper,"Eaton Note Cards, Multicolor",10764
OFF-BI-10003152,Office Supplies,Binders,"Avery Hole Reinforcements, Recycled",3
OFF-BI-10001138,Office Supplies,Binders,"Acco 3-Hole Punch, Clear",7
OFF-BI-10003702,Office Supplies,Binders,"Wilson Jones Binder Covers, Durable",8
OFF-BI-10001119,Office Supplies,Binders,"Wilson Jones Index Tab, Clear",9
OFF-BI-10001058,Office Supplies,Binders,"Ibico Binding Machine, Clear",10
OFF-BI-10001253,Office Supplies,Binders,"Acco Binder Covers, Recycled",12
OFF-BI-10000081,Office Supplies,Binders,"Ibico Index Tab, Clear",13
OFF-AVE-10002892,Office Supplies,Binders,"Avery 3-Hole Punch, Recycled",30
OFF-IBI-10002805,Office Supplies,Binders,"Ibico 3-Hole Punch, Economy",31
OFF-AVE-10004251,Office Supplies,Binders,"Avery Binding Machine, Economy",52
OFF-ACC-10004538,Office Supplies,Binders,"Acco Binder Covers, Recycled",65
OFF-AVE-10004909,Office Supplies,Binders,"Avery 3-Hole Punch, Durable",71
OFF-CAR-10001746,Office Supplies,Binders,"Cardinal Index Tab, Clear",72
OFF-BI-10003705,Office Supplies,Binders,"Wilson Jones Binding Machine, Recycled",75
OFF-AVE-10000543,Office Supplies,Binders,"Avery Hole Reinforcements, Clear",97
OFF-WIL-10000979,Office Supplies,Binders,"Wilson Jones Hole Reinforcements, Recycled",106
OFF-AVE-10001750,Office Supplies,Binders,"Avery 3-Hole Punch, Clear",114
OFF-AVE-10004512,Office Supplies,Binders,"Avery Hole Reinforcements, Economy",123
OFF-CAR-10001471,Office Supplies,Binders,"Cardinal 3-Hole Punch, Clear",124
OFF-CAR-10002375,Office Supplies,Binders,"Cardinal Binder Covers, Durable",125
OFF-IBI-10000080,Office Supplies,Binders,"Ibico Binder, Recycled",126
OFF-AVE-10002079,Office Supplies,Binders,"Avery Binding Machine, Durable",127
OFF-CAR-10003259,Office Supplies,Binders,"Cardinal Binder, Recycled",128
OFF-WIL-10000777,Office Supplies,Binders,"Wilson Jones 3-Hole Punch, Recycled",129
OFF-CAR-10000150,Office Supplies,Binders,"Cardinal Binder, Clear",130
OFF-CAR-10002942,Office Supplies,Binders,"Cardinal 3-Hole Punch, Recycled",164
OFF-BI-10000925,Office Supplies,Binders,"Avery Hole Reinforcements, Economy",173
OFF-BI-10002414,Office Supplies,Binders,"Ibico Index Tab, Economy",174
OFF-ACC-10000102,Office Supplies,Binders,"Acco Binding Machine, Clear",200
OFF-AVE-10003740,Office Supplies,Binders,"Avery Binding Machine, Clear",207
OFF-AVE-10004570,Office Supplies,Binders,"Avery Binder Covers, Economy",213
OFF-BI-10002225,Office Supplies,Binders,"Cardinal Binding Machine, Durable",247
OFF-BI-10003653,Office Supplies,Binders,"Avery 3-Hole Punch, Durable",267
OFF-ACC-10004008,Office Supplies,Binders,"Acco Binder Covers, Durable",279
OFF-WIL-10002233,Office Supplies,Binders,"Wilson Jones Index Tab, Durable",301
OFF-WIL-10003299,Office Supplies,Binders,"Wilson Jones Binding Machine, Recycled",302
OFF-CAR-10004408,Office Supplies,Binders,"Cardinal 3-Hole Punch, Economy",305
OFF-AVE-10004708,Office Supplies,Binders,"Avery Binder, Recycled",324
OFF-ACC-10001703,Office Supplies,Binders,"Acco Binder, Recycled",334
OFF-BI-10004436,Office Supplies,Binders,"Acco Hole Reinforcements, Recycled",339
OFF-BI-10004685,Office Supplies,Binders,"Acco Binder, Economy",370
OFF-BI-10001650,Office Supplies,Binders,"Avery 3-Hole Punch, Economy",388
OFF-BI-10003779,Office Supplies,Binders,"Cardinal 3-Hole Punch, Durable",402
OFF-BI-10002853,Office Supplies,Binders,"Avery Binder Covers, Recycled",408
OFF-BI-10003917,Office Supplies,Binders,"Avery Hole Reinforcements, Economy",435
OFF-BI-10001266,Office Supplies,Binders,"Acco 3-Hole Punch, Economy",441
OFF-BI-10001096,Office Supplies,Binders,"Ibico Binder Covers, Durable",445
OFF-BI-10003159,Office Supplies,Binders,"Avery Binding Machine, Durable",448
OFF-BI-10000389,Office Supplies,Binders,"Ibico Binding Machine, Clear",459
OFF-BI-10002919,Office Supplies,Binders,"Acco Binder Covers, Durable",470
OFF-BI-10003018,Office Supplies,Binders,"Avery Binder, Clear",473
OFF-BI-10003713,Office Supplies,Binders,"Wilson Jones Index Tab, Economy",476
OFF-BI-10004986,Office Supplies,Binders,"Ibico 3-Hole Punch, Recycled",480
OFF-AVE-10004556,Office Supplies,Binders,"Avery Hole Reinforcements, Recycled",488
OFF-ACC-10002343,Office Supplies,Binders,"Acco 3-Hole Punch, Durable",497
OFF-ACC-10003788,Office Supplies,Binders,"Acco Hole Reinforcements, Clear",498
OFF-IBI-10000684,Office Supplies,Binders,"Ibico Binding Machine, Clear",501
OFF-WIL-10001889,Office Supplies,Binders,"Wilson Jones Hole Reinforcements, Economy",502
OFF-CAR-10001428,Office Supplies,Binders,"Cardinal Index Tab, Durable",508
OFF-WIL-10001069,Office Supplies,Binders,"Wilson Jones Hole Reinforcements, Clear",509
OFF-BI-10004454,Office Supplies,Binders,"Cardinal Binder Covers, Clear",520
OFF-BI-10000721,Office Supplies,Binders,"Ibico Binder Covers, Recycled",525
OFF-BI-10000335,Office Supplies,Binders,"Cardinal 3-Hole Punch, Durable",551
OFF-IBI-10001494,Office Supplies,Binders,"Ibico Index Tab, Durable",554
OFF-CAR-10004661,Office Supplies,Binders,"Cardinal Binding Machine, Recycled",556
OFF-AVE-10001847,Office Supplies,Binders,"Avery Binder, Clear",571
OFF-BI-10001249,Office Supplies,Binders,"Acco Hole Reinforcements, Recycled",575
OFF-BI-10000289,Office Supplies,Binders,"Wilson Jones Binder Covers, Recycled",582
OFF-BI-10003724,Office Supplies,Binders,"Cardinal Index Tab, Economy",595
OFF-BI-10004589,Office Supplies,Binders,"Avery Binding Machine, Economy",602
OFF-BI-10004369,Office Supplies,Binders,"Ibico Hole Reinforcements, Recycled",610
OFF-IBI-10003191,Office Supplies,Binders,"Ibico 3-Hole Punch, Durable",625
OFF-BI-10004140,Office Supplies,Binders,"Cardinal Index Tab, Clear",627
OFF-BI-10003350,Office Supplies,Binders,Acco Expandable Hanging Binders,636
OFF-BI-10002160,Office Supplies,Binders,Acco Hanging Data Binders,637
OFF-BI-10001658,Office Supplies,Binders,GBC Standard Therm-A-Bind Covers,638
OFF-BI-10004001,Office Supplies,Binders,GBC Recycled VeloBinder Covers,639
OFF-BI-10001634,Office Supplies,Binders,Wilson Jones Active Use Binders,640
OFF-WIL-10003774,Office Supplies,Binders,"Wilson Jones Index Tab, Economy",658
OFF-ACC-10003636,Office Supplies,Binders,"Acco Binding Machine, Durable",659
OFF-WIL-10000604,Office Supplies,Binders,"Wilson Jones Binder, Clear",668
OFF-IBI-10003541,Office Supplies,Binders,"Ibico Binding Machine, Economy",685
OFF-CAR-10003373,Office Supplies,Binders,"Cardinal Hole Reinforcements, Durable",703
OFF-AVE-10002024,Office Supplies,Binders,"Avery Index Tab, Durable",705
OFF-IBI-10000779,Office Supplies,Binders,"Ibico Index Tab, Economy",714
OFF-BI-10002289,Office Supplies,Binders,"Ibico Binder, Economy",731
OFF-BI-10003068,Office Supplies,Binders,"Ibico Binding Machine, Durable",757
OFF-BI-10002082,Office Supplies,Binders,GBC Twin Loop Wire Binding Elements,777
OFF-BI-10003114,Office Supplies,Binders,"Ibico Hole Reinforcements, Economy",797
OFF-BI-10000323,Office Supplies,Binders,"Wilson Jones 3-Hole Punch, Clear",798
OFF-WIL-10004697,Office Supplies,Binders,"Wilson Jones Binder, Economy",816
OFF-IBI-10001951,Office Supplies,Binders,"Ibico Hole Reinforcements, Clear",837
OFF-ACC-10002772,Office Supplies,Binders,"Acco Index Tab, Economy",838
OFF-ACC-10002680,Office Supplies,Binders,"Acco Binding Machine, Recycled",839
OFF-AVE-10004308,Office Supplies,Binders,"Avery Binder, Durable",854
OFF-CAR-10004229,Office Supplies,Binders,"Cardinal Index Tab, Clear",855
OFF-WIL-10002947,Office Supplies,Binders,"Wilson Jones Index Tab, Clear",856
OFF-IBI-10004855,Office Supplies,Binders,"Ibico Hole Reinforcements, Recycled",857
OFF-CAR-10000202,Office Supplies,Binders,"Cardinal Binding Machine, Clear",865
OFF-AVE-10002102,Office Supplies,Binders,"Avery 3-Hole Punch, Economy",876
OFF-BI-10004195,Office Supplies,Binders,"Wilson Jones Binding Machine, Clear",903
OFF-AVE-10004827,Office Supplies,Binders,"Avery Binder Covers, Recycled",922
OFF-BI-10000348,Office Supplies,Binders,"Cardinal Index Tab, Durable",958
OFF-BI-10001867,Office Supplies,Binders,"Acco Binder Covers, Recycled",961
OFF-BI-10002562,Office Supplies,Binders,"Ibico Binding Machine, Durable",962
OFF-IBI-10004074,Office Supplies,Binders,"Ibico 3-Hole Punch, Clear",971
OFF-BI-10000088,Office Supplies,Binders,GBC Imprintable Covers,985
OFF-BI-10004519,Office Supplies,Binders,GBC DocuBind P100 Manual Binding Machine,988
OFF-BI-10000880,Office Supplies,Binders,"Wilson Jones Binder, Recycled",1008
OFF-BI-10000343,Office Supplies,Binders,"Pressboard Covers with Storage Hooks, 9 1/2"" x 11"", Light Blue",1033
OFF-BI-10000171,Office Supplies,Binders,"Wilson Jones Index Tab, Recycled",1043
OFF-BI-10001324,Office Supplies,Binders,"Acco 3-Hole Punch, Economy",1063
OFF-BI-10000325,Office Supplies,Binders,"Wilson Jones Binder Covers, Recycled",1068
OFF-BI-10001613,Office Supplies,Binders,"Ibico Hole Reinforcements, Clear",1074
OFF-BI-10001124,Office Supplies,Binders,"Ibico Binder Covers, Clear",1093
OFF-BI-10003917,Office Supplies,Binders,"Wilson Jones 3-Hole Punch, Recycled",1094
OFF-BI-10002894,Office Supplies,Binders,"Avery Binding Machine, Durable",1134
OFF-BI-10004328,Office Supplies,Binders,"Wilson Jones Binding Machine, Economy",1143
OFF-BI-10003320,Office Supplies,Binders,"Cardinal Hole Reinforcements, Recycled",1158
OFF-BI-10000542,Office Supplies,Binders,"Wilson Jones 3-Hole Punch, Durable",1160
OFF-BI-10002193,Office Supplies,Binders,"Wilson Jones Hole Reinforcements, Recycled",1161
OFF-BI-10003642,Office Supplies,Binders,"Wilson Jones Binder, Economy",1165
OFF-BI-10001507,Office Supplies,Binders,"Wilson Jones Binder Covers, Economy",1177
OFF-BI-10001628,Office Supplies,Binders,"Acco Data Flex Cable Posts For Top & Bottom Load Binders, 6"" Capacity",1206
OFF-BI-10002897,Office Supplies,Binders,"Black Avery Memo-Size 3-Ring Binder, 5 1/2"" x 8 1/2""",1207
OFF-BI-10004593,Office Supplies,Binders,Ibico Laser Imprintable Binding System Covers,1208
OFF-BI-10002824,Office Supplies,Binders,Recycled Easel Ring Binders,1209
OFF-BI-10003876,Office Supplies,Binders,"Green Canvas Binder for 8-1/2"" x 14"" Sheets",1210
OFF-BI-10003142,Office Supplies,Binders,"Acco Binder Covers, Clear",1217
OFF-BI-10004628,Office Supplies,Binders,"Cardinal Binder, Durable",1222
OFF-CAR-10002931,Office Supplies,Binders,"Cardinal Hole Reinforcements, Recycled",1226
OFF-IBI-10000440,Office Supplies,Binders,"Ibico Binder Covers, Clear",1228
OFF-BI-10004632,Office Supplies,Binders,GBC Binding covers,1230
OFF-BI-10001621,Office Supplies,Binders,"Cardinal Binding Machine, Economy",1246
OFF-BI-10001808,Office Supplies,Binders,"Cardinal Binding Machine, Clear",1250
OFF-IBI-10004959,Office Supplies,Binders,"Ibico Binder, Economy",1271
OFF-WIL-10002772,Office Supplies,Binders,"Wilson Jones 3-Hole Punch, Durable",1276
OFF-CAR-10001911,Office Supplies,Binders,"Cardinal Binder Covers, Clear",1277
OFF-WIL-10000164,Office Supplies,Binders,"Wilson Jones Binding Machine, Durable",1279
OFF-ACC-10000218,Office Supplies,Binders,"Acco Hole Reinforcements, Durable",1288
OFF-CAR-10003030,Office Supplies,Binders,"Cardinal Index Tab, Economy",1298
OFF-AVE-10003279,Office Supplies,Binders,"Avery Hole Reinforcements, Durable",1303
OFF-AVE-10000608,Office Supplies,Binders,"Avery Index Tab, Economy",1315
OFF-BI-10000666,Office Supplies,Binders,Surelock Post Binders,1328
OFF-BI-10002386,Office Supplies,Binders,"Acco Index Tab, Clear",1365
OFF-WIL-10002153,Office Supplies,Binders,"Wilson Jones 3-Hole Punch, Clear",1386
OFF-ACC-10001993,Office Supplies,Binders,"Acco Binder Covers, Clear",1400
OFF-WIL-10000390,Office Supplies,Binders,"Wilson Jones Binder, Durable",1403
OFF-ACC-10004871,Office Supplies,Binders,"Acco Binder Covers, Economy",1408
OFF-BI-10004554,Office Supplies,Binders,"Avery Index Tab, Clear",1430
OFF-BI-10004080,Office Supplies,Binders,"Wilson Jones 3-Hole Punch, Economy",1434
OFF-BI-10004624,Office Supplies,Binders,"Wilson Jones Binder, Durable",1435
OFF-BI-10002727,Office Supplies,Binders,"Wilson Jones Binding Machine, Clear",1443
OFF-BI-10003031,Office Supplies,Binders,"Acco Index Tab, Economy",1460
OFF-BI-10000854,Office Supplies,Binders,"Acco Binder Covers, Economy",1463
OFF-BI-10004722,Office Supplies,Binders,"Avery Index Tab, Clear",1484
OFF-BI-10000308,Office Supplies,Binders,"Cardinal Binder Covers, Durable",1493
OFF-BI-10000329,Office Supplies,Binders,"Acco Binder, Durable",1503
OFF-BI-10000179,Office Supplies,Binders,"Wilson Jones 3-Hole Punch, Economy",1508
OFF-BI-10002301,Office Supplies,Binders,"Cardinal Hole Reinforcements, Economy",1522
OFF-BI-10004632,Office Supplies,Binders,"Avery 3-Hole Punch, Recycled",1548
OFF-BI-10000821,Office Supplies,Binders,"Acco Hole Reinforcements, Durable",1549
OFF-BI-10004428,Office Supplies,Binders,"Cardinal Binder, Clear",1550
OFF-BI-10002523,Office Supplies,Binders,"Wilson Jones Index Tab, Economy",1555
OFF-BI-10003472,Office Supplies,Binders,"Cardinal Index Tab, Clear",1570
OFF-BI-10003975,Office Supplies,Binders,"Cardinal Index Tab, Durable",1573
OFF-BI-10000069,Office Supplies,Binders,"GBC Prepunched Paper, 19-Hole, for Binding Systems, 24-lb",1636
OFF-BI-10001757,Office Supplies,Binders,Pressboard Hanging Data Binders for Unburst Sheets,1637
OFF-BI-10002852,Office Supplies,Binders,Ibico Standard Transparent Covers,1638
OFF-BI-10000312,Office Supplies,Binders,"Cardinal Binder Covers, Economy",1655
OFF-BI-10003277,Office Supplies,Binders,"Ibico Binder Covers, Durable",1656
OFF-BI-10000813,Office Supplies,Binders,"Cardinal Binding Machine, Economy",1663
OFF-BI-10003934,Office Supplies,Binders,"Acco Binding Machine, Clear",1664
OFF-BI-10004042,Office Supplies,Binders,"Cardinal Binding Machine, Recycled",1677
OFF-IBI-10002486,Office Supplies,Binders,"Ibico Index Tab, Clear",1684
OFF-BI-10002715,Office Supplies,Binders,"Avery Index Tab, Clear",1690
OFF-BI-10001284,Office Supplies,Binders,"Ibico Hole Reinforcements, Clear",1700
OFF-BI-10000397,Office Supplies,Binders,"Wilson Jones Hole Reinforcements, Durable",1703
OFF-BI-10004442,Office Supplies,Binders,"Wilson Jones Binder, Durable",1708
OFF-IBI-10003732,Office Supplies,Binders,"Ibico Hole Reinforcements, Durable",1720
OFF-IBI-10004916,Office Supplies,Binders,"Ibico Binder Covers, Recycled",1722
OFF-ACC-10004182,Office Supplies,Binders,"Acco Index Tab, Durable",1725
OFF-ACC-10001285,Office Supplies,Binders,"Acco Index Tab, Clear",1726
OFF-ACC-10004281,Office Supplies,Binders,"Acco Hole Reinforcements, Recycled",1729
OFF-WIL-10000986,Office Supplies,Binders,"Wilson Jones Binder Covers, Economy",1753
OFF-BI-10004644,Office Supplies,Binders,"Cardinal Index Tab, Durable",1767
OFF-BI-10002047,Office Supplies,Binders,"Acco Index Tab, Durable",1769
OFF-BI-10002172,Office Supplies,Binders,"Acco Binding Machine, Recycled",1775
OFF-BI-10000440,Office Supplies,Binders,"Acco Index Tab, Economy",1778
OFF-AVE-10004312,Office Supplies,Binders,"Avery Index Tab, Clear",1794
OFF-BI-10000815,Office Supplies,Binders,"Ibico 3-Hole Punch, Durable",1798
OFF-BI-10000538,Office Supplies,Binders,"Acco Binding Machine, Clear",1802
OFF-BI-10004364,Office Supplies,Binders,Storex Dura Pro Binders,1808
OFF-BI-10002557,Office Supplies,Binders,Presstex Flexible Ring Binders,1811
OFF-BI-10003694,Office Supplies,Binders,"Avery 3 1/2"" Diskette Storage Pages, 10/Pack",1813
OFF-BI-10003638,Office Supplies,Binders,GBC Durable Plastic Covers,1816
OFF-BI-10004826,Office Supplies,Binders,JM Magazine Binder,1818
OFF-BI-10004002,Office Supplies,Binders,Wilson Jones International Size A4 Ring Binders,1819
OFF-BI-10003981,Office Supplies,Binders,"Avery Durable Plastic 1"" Binders",1844
OFF-BI-10003784,Office Supplies,Binders,Computer Printout Index Tabs,1845
OFF-BI-10001617,Office Supplies,Binders,GBC Wire Binding Combs,1846
OFF-BI-10002429,Office Supplies,Binders,"Premier Elliptical Ring Binder, Black",1847
OFF-BI-10000301,Office Supplies,Binders,GBC Instant Report Kit,1848
OFF-BI-10001399,Office Supplies,Binders,"Avery Binder Covers, Clear",1869
OFF-BI-10000168,Office Supplies,Binders,"Cardinal Hole Reinforcements, Recycled",1870
OFF-BI-10002718,Office Supplies,Binders,"Avery Binder, Durable",1877
OFF-BI-10004305,Office Supplies,Binders,"Cardinal Hole Reinforcements, Durable",1886
OFF-BI-10000070,Office Supplies,Binders,"Wilson Jones 3-Hole Punch, Clear",1888
OFF-BI-10001430,Office Supplies,Binders,"Cardinal Index Tab, Clear",1900
OFF-BI-10004861,Office Supplies,Binders,"Cardinal Binding Machine, Clear",1912
OFF-WIL-10003308,Office Supplies,Binders,"Wilson Jones Binder Covers, Recycled",1922
OFF-BI-10004465,Office Supplies,Binders,Avery Durable Slant Ring Binders,1948
OFF-ACC-10000307,Office Supplies,Binders,"Acco Index Tab, Clear",1970
OFF-CAR-10001358,Office Supplies,Binders,"Cardinal Hole Reinforcements, Clear",1974
OFF-BI-10003527,Office Supplies,Binders,Fellowes PB500 Electric Punch Plastic Comb Binding Machine with Manual Bind,2013
OFF-BI-10003274,Office Supplies,Binders,"Avery Durable Slant Ring Binders, No Labels",2023
OFF-BI-10004970,Office Supplies,Binders,"ACCOHIDE 3-Ring Binder, Blue, 1""",2026
OFF-BI-10000474,Office Supplies,Binders,Avery Recycled Flexi-View Covers for Binding Systems,2028
OFF-BI-10001153,Office Supplies,Binders,Ibico Recycled Grain-Textured Covers,2029
OFF-BI-10004876,Office Supplies,Binders,Wilson Jones Suede Grain Vinyl Binders,2032
OFF-BI-10003012,Office Supplies,Binders,"Wilson Jones Hole Reinforcements, Economy",2057
OFF-BI-10001347,Office Supplies,Binders,"Cardinal Binder Covers, Economy",2113
OFF-BI-10001662,Office Supplies,Binders,"Wilson Jones Binder Covers, Durable",2114
OFF-BI-10004361,Office Supplies,Binders,"Avery 3-Hole Punch, Recycled",2115
OFF-BI-10003323,Office Supplies,Binders,"Cardinal Hole Reinforcements, Clear",2125
OFF-BI-10002975,Office Supplies,Binders,"Wilson Jones Index Tab, Clear",2132
OFF-BI-10000707,Office Supplies,Binders,"Wilson Jones 3-Hole Punch, Economy",2139
OFF-BI-10003919,Office Supplies,Binders,"Ibico 3-Hole Punch, Recycled",2143
OFF-BI-10003452,Office Supplies,Binders,"Acco Binding Machine, Economy",2172
OFF-BI-10002533,Office Supplies,Binders,"Wilson Jones Binding Machine, Economy",2173
OFF-BI-10004510,Office Supplies,Binders,"Avery 3-Hole Punch, Durable",2178
OFF-BI-10003058,Office Supplies,Binders,"Acco Binder Covers, Economy",2197
OFF-BI-10000042,Office Supplies,Binders,"Cardinal Index Tab, Clear",2198
OFF-BI-10004924,Office Supplies,Binders,"Cardinal 3-Hole Punch, Economy",2199
OFF-BI-10000620,Office Supplies,Binders,"Wilson Jones Index Tab, Economy",2214
OFF-BI-10003281,Office Supplies,Binders,"Ibico Binder, Recycled",2217
OFF-BI-10001808,Office Supplies,Binders,"Ibico Index Tab, Clear",2226
OFF-BI-10002335,Office Supplies,Binders,"Avery Binder Covers, Durable",2228
OFF-BI-10004483,Office Supplies,Binders,"Ibico Index Tab, Clear",2233
OFF-BI-10001098,Office Supplies,Binders,Acco D-Ring Binder w/DublLock,2240
OFF-BI-10004654,Office Supplies,Binders,Avery Binding System Hidden Tab Executive Style Index Sets,2246
OFF-BI-10001890,Office Supplies,Binders,Avery Poly Binder Pockets,2249
OFF-BI-10004224,Office Supplies,Binders,Catalog Binders with Expanding Posts,2250
OFF-BI-10002012,Office Supplies,Binders,Wilson Jones Easy Flow II Sheet Lifters,2258
OFF-BI-10002794,Office Supplies,Binders,"Avery Trapezoid Ring Binder, 3"" Capacity, Black, 1040 sheets",2259
OFF-BI-10001758,Office Supplies,Binders,Wilson Jones 14 Line Acrylic Coated Pressboard Data Binders,2260
OFF-BI-10001982,Office Supplies,Binders,Wilson Jones Custom Binder Spines & Labels,2261
OFF-BI-10001989,Office Supplies,Binders,Premium Transparent Presentation Covers by GBC,2262
OFF-BI-10001718,Office Supplies,Binders,GBC DocuBind P50 Personal Binding Machine,2263
OFF-BI-10002813,Office Supplies,Binders,Avery Reinforcements for Hole-Punch Pages,2302
OFF-BI-10002353,Office Supplies,Binders,GBC VeloBind Cover Sets,2303
OFF-BI-10001597,Office Supplies,Binders,"Wilson Jones Ledger-Size, Piano-Hinge Binder, 2"", Blue",2304
OFF-BI-10000962,Office Supplies,Binders,"Acco Flexible ACCOHIDE Square Ring Data Binder, Dark Blue, 11 1/2"" X 14"" 7/8""",2305
OFF-BI-10004448,Office Supplies,Binders,"Ibico Binder, Clear",2330
OFF-BI-10000115,Office Supplies,Binders,"Acco Hole Reinforcements, Clear",2348
OFF-BI-10004969,Office Supplies,Binders,"Acco Binding Machine, Durable",2381
OFF-BI-10004830,Office Supplies,Binders,"Ibico Index Tab, Clear",2387
OFF-BI-10001248,Office Supplies,Binders,"Avery Binder, Economy",2388
OFF-BI-10002243,Office Supplies,Binders,"Wilson Jones 3-Hole Punch, Durable",2418
OFF-BI-10001032,Office Supplies,Binders,"Avery Binding Machine, Recycled",2436
OFF-BI-10002558,Office Supplies,Binders,"Cardinal Binder Covers, Economy",2437
OFF-BI-10001804,Office Supplies,Binders,"Avery Binder, Recycled",2444
OFF-CAR-10003703,Office Supplies,Binders,"Cardinal Binder, Durable",2449
OFF-IBI-10001640,Office Supplies,Binders,"Ibico Hole Reinforcements, Economy",2452
OFF-IBI-10002637,Office Supplies,Binders,"Ibico Binding Machine, Durable",2460
OFF-AVE-10000432,Office Supplies,Binders,"Avery Index Tab, Clear",2463
OFF-AVE-10003465,Office Supplies,Binders,"Avery Binder, Economy",2464
OFF-WIL-10003532,Office Supplies,Binders,"Wilson Jones Binding Machine, Economy",2470
OFF-CAR-10001577,Office Supplies,Binders,"Cardinal Binding Machine, Economy",2487
OFF-CAR-10000687,Office Supplies,Binders,"Cardinal Binder Covers, Economy",2496
OFF-AVE-10003549,Office Supplies,Binders,"Avery Binding Machine, Recycled",2510
OFF-BI-10003899,Office Supplies,Binders,"Avery 3-Hole Punch, Recycled",2554
OFF-BI-10004105,Office Supplies,Binders,"Acco 3-Hole Punch, Recycled",2573
OFF-BI-10002885,Office Supplies,Binders,"Avery Hole Reinforcements, Recycled",2579
OFF-BI-10003112,Office Supplies,Binders,"Ibico Binder Covers, Economy",2589
OFF-BI-10002194,Office Supplies,Binders,Cardinal Hold-It CD Pocket,2603
OFF-BI-10000174,Office Supplies,Binders,"Wilson Jones Clip & Carry Folder Binder Tool for Ring Binders, Clear",2604
OFF-BI-10003305,Office Supplies,Binders,Avery Hanging File Binders,2605
OFF-BI-10003364,Office Supplies,Binders,Binding Machine Supplies,2606
OFF-WIL-10003933,Office Supplies,Binders,"Wilson Jones Binder Covers, Durable",2608
OFF-BI-10000373,Office Supplies,Binders,"Ibico Hole Reinforcements, Economy",2625
OFF-BI-10002278,Office Supplies,Binders,"Ibico Binder Covers, Economy",2626
OFF-BI-10001533,Office Supplies,Binders,"Wilson Jones Binding Machine, Recycled",2664
OFF-BI-10002414,Office Supplies,Binders,GBC ProClick Spines for 32-Hole Punch,2679
OFF-BI-10004078,Office Supplies,Binders,"Wilson Jones 3-Hole Punch, Clear",2716
OFF-BI-10000106,Office Supplies,Binders,"Cardinal Hole Reinforcements, Clear",2749
OFF-BI-10001645,Office Supplies,Binders,"Ibico Binding Machine, Recycled",2750
OFF-BI-10004553,Office Supplies,Binders,"Cardinal Binder, Clear",2751
OFF-BI-10001067,Office Supplies,Binders,"Avery Binder, Recycled",2766
OFF-BI-10004700,Office Supplies,Binders,"Cardinal Binder, Durable",2780
OFF-BI-10003806,Office Supplies,Binders,"Avery Index Tab, Clear",2806
OFF-BI-10001659,Office Supplies,Binders,"Cardinal Index Tab, Clear",2812
OFF-BI-10002684,Office Supplies,Binders,"Avery Hole Reinforcements, Clear",2813
OFF-BI-10002627,Office Supplies,Binders,"Avery Binder Covers, Economy",2820
OFF-BI-10000518,Office Supplies,Binders,"Wilson Jones Index Tab, Clear",2821
OFF-BI-10001904,Office Supplies,Binders,"Cardinal Binder Covers, Durable",2822
OFF-BI-10003588,Office Supplies,Binders,"Ibico Binder, Economy",2823
OFF-BI-10000561,Office Supplies,Binders,"Acco Binding Machine, Durable",2829
OFF-BI-10002708,Office Supplies,Binders,"Acco Binder, Clear",2873
OFF-BI-10004440,Office Supplies,Binders,"Cardinal Binder, Economy",2898
OFF-BI-10002432,Office Supplies,Binders,"Ibico Binder, Recycled",2904
OFF-BI-10000698,Office Supplies,Binders,"Wilson Jones Hole Reinforcements, Recycled",2906
OFF-BI-10001967,Office Supplies,Binders,"Acco Binder, Recycled",2933
OFF-BI-10001028,Office Supplies,Binders,"Ibico 3-Hole Punch, Clear",2936
OFF-BI-10004181,Office Supplies,Binders,"Avery 3-Hole Punch, Clear",2937
OFF-BI-10002792,Office Supplies,Binders,"Ibico Index Tab, Durable",2938
OFF-BI-10003468,Office Supplies,Binders,"Wilson Jones Binder Covers, Durable",2978
OFF-BI-10004098,Office Supplies,Binders,"Acco 3-Hole Punch, Durable",2979
OFF-BI-10002424,Office Supplies,Binders,"Avery Binder, Economy",2980
OFF-BI-10000590,Office Supplies,Binders,"Wilson Jones Binding Machine, Clear",2997
OFF-BI-10004868,Office Supplies,Binders,"Wilson Jones Hole Reinforcements, Durable",3003
OFF-BI-10003309,Office Supplies,Binders,"Wilson Jones Binder Covers, Clear",3010
OFF-BI-10004869,Office Supplies,Binders,"Avery 3-Hole Punch, Recycled",3024
OFF-BI-10000328,Office Supplies,Binders,"Acco Binding Machine, Clear",3058
OFF-BI-10001754,Office Supplies,Binders,"Ibico Binder Covers, Recycled",3072
OFF-BI-10001685,Office Supplies,Binders,"Avery Index Tab, Durable",3092
OFF-BI-10003616,Office Supplies,Binders,"Avery Binding Machine, Clear",3093
OFF-BI-10002570,Office Supplies,Binders,"Cardinal 3-Hole Punch, Clear",3099
OFF-BI-10001717,Office Supplies,Binders,"Avery Hole Reinforcements, Durable",3104
OFF-BI-10003367,Office Supplies,Binders,"Wilson Jones Binder, Recycled",3138
OFF-BI-10004541,Office Supplies,Binders,"Wilson Jones Binder, Durable",3151
OFF-BI-10000368,Office Supplies,Binders,"Avery Binder Covers, Durable",3162
OFF-BI-10001723,Office Supplies,Binders,"Avery Binder, Clear",3163
OFF-BI-10001639,Office Supplies,Binders,"Acco Binder, Economy",3166
OFF-BI-10002799,Office Supplies,Binders,"Cardinal Binder Covers, Clear",3168
OFF-BI-10001275,Office Supplies,Binders,"Avery Index Tab, Durable",3173
OFF-BI-10000136,Office Supplies,Binders,"Ibico Index Tab, Durable",3206
OFF-BI-10000341,Office Supplies,Binders,"Ibico Binding Machine, Recycled",3209
OFF-BI-10003708,Office Supplies,Binders,"Cardinal Binder, Recycled",3224
OFF-WIL-10002787,Office Supplies,Binders,"Wilson Jones Binder, Recycled",3242
OFF-WIL-10001801,Office Supplies,Binders,"Wilson Jones 3-Hole Punch, Economy",3273
OFF-BI-10004145,Office Supplies,Binders,"Wilson Jones Hole Reinforcements, Economy",3287
OFF-BI-10002483,Office Supplies,Binders,"Cardinal Hole Reinforcements, Clear",3315
OFF-BI-10000972,Office Supplies,Binders,"Acco 3-Hole Punch, Economy",3316
OFF-BI-10002128,Office Supplies,Binders,"Acco Binder Covers, Durable",3317
OFF-BI-10003314,Office Supplies,Binders,Tuff Stuff Recycled Round Ring Binders,3325
OFF-BI-10003676,Office Supplies,Binders,"GBC Standard Recycled Report Covers, Clear Plastic Sheets",3339
OFF-BI-10003440,Office Supplies,Binders,"Avery Binder Covers, Economy",3349
OFF-BI-10003774,Office Supplies,Binders,"Cardinal 3-Hole Punch, Durable",3353
OFF-BI-10004209,Office Supplies,Binders,"Fellowes Twister Kit, Gray/Clear, 3/pkg",3362
OFF-BI-10003475,Office Supplies,Binders,"Wilson Jones Index Tab, Recycled",3422
OFF-BI-10000439,Office Supplies,Binders,"Acco Hole Reinforcements, Economy",3425
OFF-BI-10001400,Office Supplies,Binders,"Cardinal 3-Hole Punch, Economy",3431
OFF-BI-10004334,Office Supplies,Binders,"Avery Hole Reinforcements, Durable",3435
OFF-BI-10000346,Office Supplies,Binders,"Ibico 3-Hole Punch, Clear",3448
OFF-BI-10002706,Office Supplies,Binders,Avery Premier Heavy-Duty Binder with Round Locking Rings,3460
OFF-BI-10000145,Office Supplies,Binders,Zipper Ring Binder Pockets,3472
OFF-BI-10001308,Office Supplies,Binders,GBC Standard Plastic Binding Systems' Combs,3474
OFF-BI-10004491,Office Supplies,Binders,"Avery Binder Covers, Durable",3475
OFF-BI-10003090,Office Supplies,Binders,"Avery Binder Covers, Clear",3495
OFF-ACC-10000233,Office Supplies,Binders,"Acco Binder, Economy",3530
OFF-CAR-10002031,Office Supplies,Binders,"Cardinal 3-Hole Punch, Durable",3546
OFF-CAR-10000319,Office Supplies,Binders,"Cardinal Binder Covers, Recycled",3558
OFF-BI-10002738,Office Supplies,Binders,"Acco Index Tab, Clear",3620
OFF-BI-10003999,Office Supplies,Binders,"Avery Hole Reinforcements, Clear",3626
OFF-BI-10003763,Office Supplies,Binders,"Ibico Index Tab, Economy",3627
OFF-BI-10003708,Office Supplies,Binders,"Avery Binder, Economy",3629
OFF-BI-10001384,Office Supplies,Binders,"Cardinal Binder, Economy",3655
OFF-BI-10002674,Office Supplies,Binders,"Cardinal Binder Covers, Recycled",3683
OFF-BI-10003650,Office Supplies,Binders,"Ibico Index Tab, Clear",3702
OFF-BI-10000545,Office Supplies,Binders,GBC Ibimaster 500 Manual ProClick Binding System,3734
OFF-BI-10000390,Office Supplies,Binders,"Cardinal Index Tab, Clear",3766
OFF-BI-10002510,Office Supplies,Binders,"Acco Index Tab, Clear",3770
OFF-BI-10002632,Office Supplies,Binders,"Acco Binding Machine, Recycled",3779
OFF-BI-10000340,Office Supplies,Binders,"Avery Binding Machine, Clear",3783
OFF-BI-10004651,Office Supplies,Binders,"Cardinal Binding Machine, Clear",3785
OFF-BI-10001312,Office Supplies,Binders,"Cardinal 3-Hole Punch, Clear",3792
OFF-BI-10001192,Office Supplies,Binders,"Cardinal Binder, Clear",3817
OFF-BI-10003025,Office Supplies,Binders,"Cardinal Binding Machine, Durable",3839
OFF-BI-10000282,Office Supplies,Binders,"Ibico Binder, Durable",3857
OFF-BI-10001820,Office Supplies,Binders,"Wilson Jones Binding Machine, Durable",3858
OFF-BI-10003124,Office Supplies,Binders,"Cardinal Hole Reinforcements, Durable",3859
OFF-BI-10002799,Office Supplies,Binders,"SlimView Poly Binder, 3/8""",3866
OFF-BI-10002459,Office Supplies,Binders,"Cardinal Binding Machine, Recycled",3889
OFF-IBI-10001123,Office Supplies,Binders,"Ibico 3-Hole Punch, Recycled",3932
OFF-BI-10000267,Office Supplies,Binders,"Ibico Hole Reinforcements, Clear",3934
OFF-BI-10003132,Office Supplies,Binders,"Cardinal Binding Machine, Clear",3944
OFF-BI-10001199,Office Supplies,Binders,"Acco Index Tab, Durable",3967
OFF-IBI-10003422,Office Supplies,Binders,"Ibico Binder, Durable",3975
OFF-BI-10001286,Office Supplies,Binders,"Ibico Hole Reinforcements, Durable",4025
OFF-BI-10000280,Office Supplies,Binders,"Ibico Hole Reinforcements, Economy",4030
OFF-BI-10004195,Office Supplies,Binders,"Ibico Binder Covers, Durable",4032
OFF-BI-10000423,Office Supplies,Binders,"Acco 3-Hole Punch, Recycled",4040
OFF-BI-10001362,Office Supplies,Binders,"Avery Binder, Clear",4048
OFF-BI-10001598,Office Supplies,Binders,"Avery Hole Reinforcements, Recycled",4051
OFF-BI-10002222,Office Supplies,Binders,"Cardinal Binder Covers, Clear",4057
OFF-BI-10000188,Office Supplies,Binders,"Cardinal Hole Reinforcements, Economy",4058
OFF-BI-10004980,Office Supplies,Binders,"Cardinal Hole Reinforcements, Recycled",4059
OFF-BI-10002841,Office Supplies,Binders,"Cardinal Binding Machine, Durable",4073
OFF-BI-10003324,Office Supplies,Binders,"Acco Hole Reinforcements, Recycled",4074
OFF-BI-10003098,Office Supplies,Binders,"Ibico Binding Machine, Economy",4112
OFF-IBI-10001772,Office Supplies,Binders,"Ibico Index Tab, Clear",4118
OFF-BI-10002571,Office Supplies,Binders,"Avery Framed View Binder, EZD Ring (Locking), Navy, 1 1/2""",4119
OFF-BI-10002040,Office Supplies,Binders,"Ibico 3-Hole Punch, Recycled",4138
OFF-BI-10003253,Office Supplies,Binders,"Ibico Index Tab, Economy",4160
OFF-BI-10002594,Office Supplies,Binders,"Wilson Jones Binding Machine, Durable",4165
OFF-BI-10002986,Office Supplies,Binders,"Avery Binder Covers, Recycled",4174
OFF-BI-10002354,Office Supplies,Binders,"Acco Binder, Clear",4178
OFF-BI-10004227,Office Supplies,Binders,"Avery Binding Machine, Economy",4190
OFF-BI-10000121,Office Supplies,Binders,"Cardinal Index Tab, Clear",4191
OFF-BI-10004187,Office Supplies,Binders,Staples,4219
OFF-BI-10004801,Office Supplies,Binders,"Acco Binding Machine, Durable",4227
OFF-BI-10004233,Office Supplies,Binders,"Avery Index Tab, Economy",4255
OFF-BI-10001900,Office Supplies,Binders,"Wilson Jones Binder Covers, Clear",4256
OFF-BI-10001267,Office Supplies,Binders,"Universal Recycled Hanging Pressboard Report Binders, Letter Size",4263
OFF-BI-10003719,Office Supplies,Binders,Large Capacity Hanging Post Binders,4267
OFF-BI-10000765,Office Supplies,Binders,"Avery Hole Reinforcements, Durable",4317
OFF-BI-10003372,Office Supplies,Binders,"Ibico Binding Machine, Durable",4319
OFF-BI-10000844,Office Supplies,Binders,"Wilson Jones Hole Reinforcements, Economy",4347
OFF-BI-10004054,Office Supplies,Binders,"Cardinal Hole Reinforcements, Economy",4352
OFF-BI-10002935,Office Supplies,Binders,"Wilson Jones Binder, Clear",4355
OFF-BI-10002083,Office Supplies,Binders,"Acco Hole Reinforcements, Economy",4356
OFF-BI-10002570,Office Supplies,Binders,"Acco Binder Covers, Clear",4359
OFF-BI-10001843,Office Supplies,Binders,"Wilson Jones Index Tab, Durable",4361
OFF-BI-10001568,Office Supplies,Binders,"Ibico Binder Covers, Economy",4362
OFF-BI-10004230,Office Supplies,Binders,GBC Recycled Grain Textured Covers,4392
OFF-BI-10003585,Office Supplies,Binders,"Acco 3-Hole Punch, Clear",4410
OFF-BI-10000814,Office Supplies,Binders,"Wilson Jones Binder, Recycled",4412
OFF-BI-10001504,Office Supplies,Binders,"Avery Binding Machine, Durable",4414
OFF-BI-10004666,Office Supplies,Binders,"Wilson Jones Binding Machine, Durable",4439
OFF-BI-10001744,Office Supplies,Binders,"Acco Binding Machine, Economy",4446
OFF-BI-10000928,Office Supplies,Binders,"Ibico Binder, Clear",4453
OFF-BI-10003582,Office Supplies,Binders,"Cardinal Index Tab, Economy",4477
OFF-BI-10000206,Office Supplies,Binders,"Wilson Jones Binder Covers, Economy",4506
OFF-BI-10002432,Office Supplies,Binders,Wilson Jones Standard D-Ring Binders,4513
OFF-BI-10003650,Office Supplies,Binders,GBC DocuBind 300 Electric Binding Machine,4526
OFF-BI-10004781,Office Supplies,Binders,GBC Wire Binding Strips,4527
OFF-BI-10004903,Office Supplies,Binders,"Ibico Hole Reinforcements, Durable",4529
OFF-BI-10001249,Office Supplies,Binders,Avery Heavy-Duty EZD View Binder with Locking Rings,4531
OFF-BI-10001643,Office Supplies,Binders,"Acco Binder, Recycled",4547
OFF-BI-10004581,Office Supplies,Binders,"Cardinal Binding Machine, Economy",4562
OFF-BI-10004233,Office Supplies,Binders,"GBC Pre-Punched Binding Paper, Plastic, White, 8-1/2"" x 11""",4568
OFF-BI-10003094,Office Supplies,Binders,Self-Adhesive Ring Binder Labels,4569
OFF-BI-10004040,Office Supplies,Binders,Wilson Jones Impact Binders,4570
OFF-BI-10000769,Office Supplies,Binders,"Ibico Binder Covers, Clear",4578
OFF-BI-10003397,Office Supplies,Binders,"Acco Hole Reinforcements, Clear",4588
OFF-AVE-10000357,Office Supplies,Binders,"Avery Binder Covers, Clear",4593
OFF-IBI-10000959,Office Supplies,Binders,"Ibico Binding Machine, Recycled",4598
OFF-ACC-10004322,Office Supplies,Binders,"Acco Binder, Clear",4603
OFF-BI-10000490,Office Supplies,Binders,"Cardinal Binder, Recycled",4628
OFF-BI-10003184,Office Supplies,Binders,"Avery Index Tab, Clear",4629
OFF-BI-10000506,Office Supplies,Binders,"Ibico Binder, Economy",4630
OFF-BI-10001895,Office Supplies,Binders,"Ibico Binding Machine, Economy",4631
OFF-BI-10003009,Office Supplies,Binders,"Ibico 3-Hole Punch, Clear",4672
OFF-BI-10001167,Office Supplies,Binders,"Wilson Jones Binder, Clear",4673
OFF-BI-10000930,Office Supplies,Binders,"Avery Hole Reinforcements, Clear",4674
OFF-BI-10002455,Office Supplies,Binders,"Acco 3-Hole Punch, Durable",4700
OFF-BI-10000404,Office Supplies,Binders,"Avery Binder Covers, Clear",4701
OFF-BI-10001150,Office Supplies,Binders,"Avery Index Tab, Economy",4702
OFF-BI-10001359,Office Supplies,Binders,GBC DocuBind TL300 Electric Binding System,4735
OFF-BI-10000871,Office Supplies,Binders,"Wilson Jones Binder Covers, Recycled",4759
OFF-BI-10004995,Office Supplies,Binders,GBC DocuBind P400 Electric Binding System,4806
OFF-CAR-10004886,Office Supplies,Binders,"Cardinal Binder, Economy",4832
OFF-CAR-10004293,Office Supplies,Binders,"Cardinal Binding Machine, Durable",4848
OFF-BI-10002465,Office Supplies,Binders,"Avery Binding Machine, Clear",4850
OFF-BI-10000806,Office Supplies,Binders,"Acco Index Tab, Economy",4857
OFF-BI-10002517,Office Supplies,Binders,"Ibico Binder, Recycled",4861
OFF-BI-10002594,Office Supplies,Binders,"Cardinal Binder Covers, Recycled",4909
OFF-IBI-10004323,Office Supplies,Binders,"Ibico Binder Covers, Durable",4917
OFF-ACC-10002849,Office Supplies,Binders,"Acco 3-Hole Punch, Clear",4926
OFF-ACC-10003422,Office Supplies,Binders,"Acco Binder, Durable",4928
OFF-WIL-10002593,Office Supplies,Binders,"Wilson Jones Hole Reinforcements, Durable",4929
OFF-IBI-10000951,Office Supplies,Binders,"Ibico Binder Covers, Economy",4954
OFF-ACC-10002220,Office Supplies,Binders,"Acco Binding Machine, Economy",4955
OFF-ACC-10000798,Office Supplies,Binders,"Acco Hole Reinforcements, Economy",5011
OFF-ACC-10000808,Office Supplies,Binders,"Acco 3-Hole Punch, Economy",5013
OFF-BI-10002881,Office Supplies,Binders,"Wilson Jones Binding Machine, Economy",5021
OFF-BI-10001293,Office Supplies,Binders,"Acco 3-Hole Punch, Clear",5031
OFF-BI-10004224,Office Supplies,Binders,"Avery Index Tab, Durable",5032
OFF-BI-10002682,Office Supplies,Binders,"Cardinal Binding Machine, Economy",5035
OFF-BI-10002080,Office Supplies,Binders,"Acco Binder, Clear",5075
OFF-BI-10001254,Office Supplies,Binders,"Avery Binding Machine, Recycled",5087
OFF-BI-10000816,Office Supplies,Binders,"Ibico 3-Hole Punch, Recycled",5094
OFF-BI-10000829,Office Supplies,Binders,Avery Non-Stick Binders,5110
OFF-BI-10002775,Office Supplies,Binders,"Ibico Hole Reinforcements, Clear",5149
OFF-BI-10003879,Office Supplies,Binders,"Ibico Binder Covers, Economy",5151
OFF-BI-10001973,Office Supplies,Binders,"Wilson Jones 3-Hole Punch, Clear",5153
OFF-BI-10003340,Office Supplies,Binders,"Acco Index Tab, Durable",5165
OFF-BI-10001326,Office Supplies,Binders,"Cardinal Binder, Recycled",5183
OFF-BI-10000089,Office Supplies,Binders,"Wilson Jones 3-Hole Punch, Recycled",5187
OFF-BI-10002446,Office Supplies,Binders,"Wilson Jones Binder, Economy",5201
OFF-BI-10001543,Office Supplies,Binders,GBC VeloBinder Manual Binding System,5233
OFF-BI-10003373,Office Supplies,Binders,"Wilson Jones Binding Machine, Economy",5284
OFF-BI-10003951,Office Supplies,Binders,"Ibico 3-Hole Punch, Economy",5285
OFF-BI-10004140,Office Supplies,Binders,Avery Non-Stick Binders,5311
OFF-BI-10000948,Office Supplies,Binders,"GBC Laser Imprintable Binding System Covers, Desert Sand",5312
OFF-BI-10001636,Office Supplies,Binders,Ibico Plastic and Wire Spiral Binding Combs,5313
OFF-BI-10003883,Office Supplies,Binders,"Acco Binder, Economy",5370
OFF-BI-10003925,Office Supplies,Binders,Fellowes PB300 Plastic Comb Binding Machine,5377
OFF-BI-10002827,Office Supplies,Binders,Avery Durable Poly Binders,5378
OFF-IBI-10000099,Office Supplies,Binders,"Ibico Binder, Clear",5405
OFF-BI-10004148,Office Supplies,Binders,"Avery Binder, Durable",5453
OFF-BI-10001191,Office Supplies,Binders,"Wilson Jones Hole Reinforcements, Recycled",5462
OFF-BI-10003579,Office Supplies,Binders,"Avery 3-Hole Punch, Economy",5464
OFF-BI-10002062,Office Supplies,Binders,"Acco Hole Reinforcements, Economy",5472
OFF-BI-10004220,Office Supplies,Binders,"Cardinal 3-Hole Punch, Recycled",5497
OFF-BI-10004200,Office Supplies,Binders,"Ibico Binding Machine, Clear",5509
OFF-BI-10003903,Office Supplies,Binders,"Cardinal Binder, Economy",5512
OFF-BI-10000482,Office Supplies,Binders,"Acco 3-Hole Punch, Recycled",5516
OFF-BI-10004007,Office Supplies,Binders,"Avery 3-Hole Punch, Durable",5564
OFF-BI-10001575,Office Supplies,Binders,GBC Linen Binding Covers,5570
OFF-BI-10003982,Office Supplies,Binders,Wilson Jones Century Plastic Molded Ring Binders,5571
OFF-BI-10001679,Office Supplies,Binders,GBC Instant Index System for Binding Systems,5572
OFF-BI-10003166,Office Supplies,Binders,GBC Plasticlear Binding Covers,5573
OFF-BI-10000014,Office Supplies,Binders,Heavy-Duty E-Z-D Binders,5574
OFF-BI-10002854,Office Supplies,Binders,"Performers Binder/Pad Holder, Black",5575
OFF-BI-10003669,Office Supplies,Binders,3M Organizer Strips,5607
OFF-BI-10003291,Office Supplies,Binders,Wilson Jones Leather-Like Binders with DublLock Round Rings,5663
OFF-BI-10003476,Office Supplies,Binders,Avery Metallic Poly Binders,5685
OFF-BI-10001892,Office Supplies,Binders,"Ibico Hole Reinforcements, Recycled",5694
OFF-BI-10004139,Office Supplies,Binders,Fellowes Presentation Covers for Comb Binding Machines,5699
OFF-BI-10000632,Office Supplies,Binders,Satellite Sectional Post Binders,5701
OFF-BI-10001670,Office Supplies,Binders,Vinyl Sectional Post Binders,5706
OFF-BI-10004738,Office Supplies,Binders,Flexible Leather- Look Classic Collection Ring Binder,5708
OFF-BI-10000279,Office Supplies,Binders,"Acco Recycled 2"" Capacity Laser Printer Hanging Data Binders",5710
OFF-BI-10002071,Office Supplies,Binders,Fellowes Black Plastic Comb Bindings,5728
OFF-BI-10002026,Office Supplies,Binders,Avery Arch Ring Binders,5729
OFF-BI-10001107,Office Supplies,Binders,"GBC White Gloss Covers, Plain Front",5733
OFF-BI-10004965,Office Supplies,Binders,Ibico Covers for Plastic or Wire Binding Elements,5736
OFF-BI-10002103,Office Supplies,Binders,"Cardinal Slant-D Ring Binder, Heavy Gauge Vinyl",5739
OFF-BI-10004656,Office Supplies,Binders,Peel & Stick Add-On Corner Pockets,5749
OFF-BI-10000773,Office Supplies,Binders,Insertable Tab Post Binder Dividers,5753
OFF-BI-10003429,Office Supplies,Binders,"Cardinal HOLDit! Binder Insert Strips,Extra Strips",5754
OFF-BI-10003727,Office Supplies,Binders,Avery Durable Slant Ring Binders With Label Holder,5756
OFF-BI-10002609,Office Supplies,Binders,Avery Hidden Tab Dividers for Binding Systems,5757
OFF-BI-10004236,Office Supplies,Binders,"XtraLife ClearVue Slant-D Ring Binder, White, 3""",5760
OFF-BI-10004141,Office Supplies,Binders,Insertable Tab Indexes For Data Binders,5761
OFF-BI-10001072,Office Supplies,Binders,"GBC Clear Cover, 8-1/2 x 11, unpunched, 25 covers per pack",5764
OFF-BI-10000756,Office Supplies,Binders,Storex DuraTech Recycled Plastic Frosted Binders,5770
OFF-BI-10001116,Office Supplies,Binders,"Wilson Jones 1"" Hanging DublLock Ring Binders",5772
OFF-BI-10002393,Office Supplies,Binders,Binder Posts,5773
OFF-BI-10000309,Office Supplies,Binders,"GBC Twin Loop Wire Binding Elements, 9/16"" Spine, Black",5776
OFF-BI-10001120,Office Supplies,Binders,Ibico EPK-21 Electric Binding System,5781
OFF-BI-10004470,Office Supplies,Binders,"Wilson Jones Index Tab, Durable",5912
OFF-BI-10000827,Office Supplies,Binders,"Acco Binder, Recycled",5932
OFF-BI-10003392,Office Supplies,Binders,"Acco Binder Covers, Durable",5952
OFF-BI-10000542,Office Supplies,Binders,"Ibico Binder Covers, Recycled",5953
OFF-BI-10004388,Office Supplies,Binders,"Acco Hole Reinforcements, Clear",5954
OFF-BI-10002937,Office Supplies,Binders,"Wilson Jones Binder Covers, Clear",5961
OFF-BI-10003503,Office Supplies,Binders,"Cardinal Index Tab, Economy",5969
OFF-BI-10003709,Office Supplies,Binders,"Wilson Jones Binding Machine, Durable",5975
OFF-CAR-10002054,Office Supplies,Binders,"Cardinal Hole Reinforcements, Economy",5997
OFF-BI-10002364,Office Supplies,Binders,"Acco Binder, Durable",6009
OFF-BI-10000734,Office Supplies,Binders,"Avery Binding Machine, Recycled",6026
OFF-BI-10002799,Office Supplies,Binders,"Acco Binder Covers, Recycled",6055
OFF-BI-10003400,Office Supplies,Binders,"Cardinal Binder Covers, Economy",6056
OFF-BI-10001858,Office Supplies,Binders,"Ibico Binding Machine, Durable",6094
OFF-BI-10000287,Office Supplies,Binders,"Wilson Jones Index Tab, Recycled",6103
OFF-BI-10003768,Office Supplies,Binders,"Acco Index Tab, Clear",6106
OFF-BI-10004185,Office Supplies,Binders,"Cardinal Binder, Durable",6107
OFF-BI-10003856,Office Supplies,Binders,"Ibico Index Tab, Clear",6131
OFF-BI-10004099,Office Supplies,Binders,GBC VeloBinder Strips,6160
OFF-BI-10003460,Office Supplies,Binders,Acco 3-Hole Punch,6161
OFF-BI-10003007,Office Supplies,Binders,"Premium Transparent Presentation Covers, No Pattern/Clear, 8 1/2"" x 11""",6189
OFF-BI-10001510,Office Supplies,Binders,Deluxe Heavy-Duty Vinyl Round Ring Binder,6190
OFF-BI-10003984,Office Supplies,Binders,Lock-Up Easel 'Spel-Binder',6191
OFF-BI-10000029,Office Supplies,Binders,"Ibico Binding Machine, Recycled",6244
OFF-BI-10002990,Office Supplies,Binders,"Acco Index Tab, Clear",6283
OFF-BI-10001984,Office Supplies,Binders,"Ibico Binding Machine, Economy",6286
OFF-BI-10001507,Office Supplies,Binders,"Ibico Binder, Durable",6311
OFF-BI-10002764,Office Supplies,Binders,Recycled Pressboard Report Cover with Reinforced Top Hinge,6315
OFF-BI-10001078,Office Supplies,Binders,"Acco PRESSTEX Data Binder with Storage Hooks, Dark Blue, 14 7/8"" X 11""",6327
OFF-BI-10004728,Office Supplies,Binders,Wilson Jones Turn Tabs Binder Tool for Ring Binders,6328
OFF-BI-10000050,Office Supplies,Binders,"Angle-D Binders with Locking Rings, Label Holders",6331
OFF-BI-10002215,Office Supplies,Binders,"Wilson Jones Hanging View Binder, White, 1""",6333
OFF-BI-10002003,Office Supplies,Binders,Ibico Presentation Index for Binding Systems,6336
OFF-BI-10004654,Office Supplies,Binders,VariCap6 Expandable Binder,6337
OFF-BI-10000977,Office Supplies,Binders,Ibico Plastic Spiral Binding Combs,6353
OFF-BI-10001071,Office Supplies,Binders,GBC ProClick Punch Binding System,6363
OFF-BI-10004492,Office Supplies,Binders,Tuf-Vin Binders,6366
OFF-BI-10003963,Office Supplies,Binders,Cardinal Holdit Data Disk Pockets,6367
OFF-BI-10004632,Office Supplies,Binders,Ibico Hi-Tech Manual Binding System,6385
OFF-BI-10004022,Office Supplies,Binders,Acco Suede Grain Vinyl Round Ring Binder,6421
OFF-BI-10002954,Office Supplies,Binders,Newell 3-Hole Punched Plastic Slotted Magazine Holders for Binders,6422
OFF-BI-10003196,Office Supplies,Binders,Accohide Poly Flexible Ring Binders,6423
OFF-BI-10001553,Office Supplies,Binders,SpineVue Locking Slant-D Ring Binders by Cardinal,6424
OFF-BI-10000285,Office Supplies,Binders,XtraLife ClearVue Slant-D Ring Binders by Cardinal,6425
OFF-BI-10000494,Office Supplies,Binders,Acco Economy Flexible Poly Round Ring Binder,6426
OFF-BI-10002735,Office Supplies,Binders,GBC Prestige Therm-A-Bind Covers,6461
OFF-BI-10002437,Office Supplies,Binders,Recycled Premium Regency Composition Covers,6478
OFF-BI-10004053,Office Supplies,Binders,"Cardinal Binder Covers, Durable",6480
OFF-BI-10002796,Office Supplies,Binders,"Wilson Jones Binder Covers, Durable",6485
OFF-BI-10001622,Office Supplies,Binders,"Acco 3-Hole Punch, Durable",6517
OFF-BI-10001721,Office Supplies,Binders,Trimflex Flexible Post Binders,6543
OFF-BI-10003870,Office Supplies,Binders,"Wilson Jones Binder Covers, Economy",6548
OFF-BI-10002498,Office Supplies,Binders,Clear Mylar Reinforcing Strips,6553
OFF-BI-10002126,Office Supplies,Binders,"Wilson Jones Index Tab, Clear",6588
OFF-BI-10004712,Office Supplies,Binders,"Cardinal Hole Reinforcements, Clear",6603
OFF-BI-10000419,Office Supplies,Binders,"Wilson Jones 3-Hole Punch, Recycled",6627
OFF-BI-10004654,Office Supplies,Binders,"Ibico 3-Hole Punch, Economy",6649
OFF-BI-10004142,Office Supplies,Binders,"Acco Index Tab, Clear",6670
OFF-BI-10002712,Office Supplies,Binders,"Acco Hole Reinforcements, Durable",6682
OFF-BI-10000201,Office Supplies,Binders,"Avery Triangle Shaped Sheet Lifters, Black, 2/Pack",6684
OFF-BI-10002190,Office Supplies,Binders,"Wilson Jones Binder, Durable",6721
OFF-BI-10002982,Office Supplies,Binders,Avery Self-Adhesive Photo Pockets for Polaroid Photos,6740
OFF-BI-10000404,Office Supplies,Binders,Avery Printable Repositionable Plastic Tabs,6741
OFF-BI-10003707,Office Supplies,Binders,Aluminum Screw Posts,6742
OFF-BI-10003684,Office Supplies,Binders,Wilson Jones Legal Size Ring Binders,6743
OFF-BI-10003718,Office Supplies,Binders,GBC Therma-A-Bind 250T Electric Binding System,6792
OFF-BI-10000305,Office Supplies,Binders,"Wilson Jones Index Tab, Durable",6809
OFF-BI-10004120,Office Supplies,Binders,"Ibico 3-Hole Punch, Durable",6823
OFF-BI-10002309,Office Supplies,Binders,Avery Heavy-Duty EZD  Binder With Locking Rings,6854
OFF-BI-10000546,Office Supplies,Binders,Avery Durable Binders,6886
OFF-BI-10004967,Office Supplies,Binders,Round Ring Binders,6903
OFF-BI-10000621,Office Supplies,Binders,"Ibico 3-Hole Punch, Economy",6926
OFF-BI-10001200,Office Supplies,Binders,"Avery Binder, Durable",6936
OFF-BI-10001036,Office Supplies,Binders,Cardinal EasyOpen D-Ring Binders,6960
OFF-BI-10003910,Office Supplies,Binders,DXL Angle-View Binders with Locking Rings by Samsill,6961
OFF-BI-10001765,Office Supplies,Binders,Wilson Jones Heavy-Duty Casebound Ring Binders with Metal Hinges,6968
OFF-BI-10002049,Office Supplies,Binders,UniKeep View Case Binders,6970
OFF-BI-10000320,Office Supplies,Binders,GBC Plastic Binding Combs,6975
OFF-BI-10000831,Office Supplies,Binders,Storex Flexible Poly Binders with Double Pockets,6977
OFF-BI-10003091,Office Supplies,Binders,GBC DocuBind TL200 Manual Binding Machine,6981
OFF-BI-10002867,Office Supplies,Binders,GBC Recycled Regency Composition Covers,6982
OFF-BI-10003784,Office Supplies,Binders,"Ibico Index Tab, Economy",7009
OFF-BI-10000006,Office Supplies,Binders,"Ibico Binder, Durable",7020
OFF-BI-10004534,Office Supplies,Binders,"Wilson Jones Binding Machine, Recycled",7026
OFF-BI-10002329,Office Supplies,Binders,"Avery 3-Hole Punch, Durable",7029
OFF-ACC-10004692,Office Supplies,Binders,"Acco 3-Hole Punch, Recycled",7061
OFF-BI-10001055,Office Supplies,Binders,"Wilson Jones Hole Reinforcements, Durable",7091
OFF-BI-10000894,Office Supplies,Binders,"Avery Binder Covers, Clear",7130
OFF-BI-10004121,Office Supplies,Binders,"Avery Index Tab, Durable",7146
OFF-BI-10004446,Office Supplies,Binders,"Acco Binding Machine, Economy",7157
OFF-BI-10003397,Office Supplies,Binders,"Avery 3-Hole Punch, Economy",7167
OFF-BI-10000563,Office Supplies,Binders,"Acco Hole Reinforcements, Durable",7172
OFF-BI-10001525,Office Supplies,Binders,"Acco Pressboard Covers with Storage Hooks, 14 7/8"" x 11"", Executive Red",7182
OFF-BI-10004028,Office Supplies,Binders,"Ibico Index Tab, Durable",7193
OFF-BI-10004193,Office Supplies,Binders,"Avery Index Tab, Clear",7214
OFF-BI-10001456,Office Supplies,Binders,"Avery Binder, Economy",7216
OFF-BI-10001815,Office Supplies,Binders,"Acco Index Tab, Economy",7221
OFF-BI-10004809,Office Supplies,Binders,"Acco Binder Covers, Economy",7223
OFF-BI-10004179,Office Supplies,Binders,"Avery 3-Hole Punch, Clear",7224
OFF-BI-10004376,Office Supplies,Binders,"Ibico Index Tab, Economy",7225
OFF-BI-10002520,Office Supplies,Binders,"Cardinal Hole Reinforcements, Recycled",7226
OFF-BI-10002977,Office Supplies,Binders,"Wilson Jones Binder, Economy",7233
OFF-BI-10001544,Office Supplies,Binders,"Wilson Jones Hole Reinforcements, Clear",7312
OFF-BI-10002949,Office Supplies,Binders,Prestige Round Ring Binders,7317
OFF-BI-10002681,Office Supplies,Binders,"Ibico Binder, Clear",7349
OFF-BI-10001987,Office Supplies,Binders,"Acco Binding Machine, Economy",7376
OFF-BI-10000185,Office Supplies,Binders,"Cardinal Binder Covers, Recycled",7377
OFF-BI-10002287,Office Supplies,Binders,"Acco Index Tab, Clear",7383
OFF-BI-10004318,Office Supplies,Binders,Ibico EB-19 Dual Function Manual Binding System,7434
OFF-BI-10001191,Office Supplies,Binders,Canvas Sectional Post Binders,7459
OFF-BI-10004817,Office Supplies,Binders,GBC Personal VeloBind Strips,7493
OFF-BI-10001460,Office Supplies,Binders,Plastic Binding Combs,7529
OFF-BI-10003712,Office Supplies,Binders,"Acco Pressboard Covers with Storage Hooks, 14 7/8"" x 11"", Light Blue",7536
OFF-BI-10000042,Office Supplies,Binders,"Pressboard Data Binder, Crimson, 12"" X 8 1/2""",7537
OFF-BI-10000778,Office Supplies,Binders,GBC VeloBinder Electric Binding Machine,7543
OFF-BI-10004584,Office Supplies,Binders,GBC ProClick 150 Presentation Binding System,7601
OFF-BI-10003181,Office Supplies,Binders,"Ibico Binder Covers, Recycled",7625
OFF-BI-10000960,Office Supplies,Binders,"Wilson Jones Hole Reinforcements, Clear",7637
OFF-BI-10002296,Office Supplies,Binders,"Acco Binder Covers, Economy",7657
OFF-BI-10001833,Office Supplies,Binders,"Ibico Hole Reinforcements, Recycled",7662
OFF-WIL-10000146,Office Supplies,Binders,"Wilson Jones Binding Machine, Clear",7664
OFF-BI-10000315,Office Supplies,Binders,Poly Designer Cover & Back,7666
OFF-BI-10001397,Office Supplies,Binders,"Ibico Binder, Economy",7669
OFF-BI-10002412,Office Supplies,Binders,"Avery Hole Reinforcements, Economy",7700
OFF-BI-10000636,Office Supplies,Binders,"Ibico Hole Reinforcements, Recycled",7720
OFF-BI-10001097,Office Supplies,Binders,"Ibico 3-Hole Punch, Durable",7724
OFF-BI-10003519,Office Supplies,Binders,"Acco 3-Hole Punch, Economy",7728
OFF-BI-10003240,Office Supplies,Binders,"Ibico Binding Machine, Economy",7747
OFF-BI-10001135,Office Supplies,Binders,"Avery Hole Reinforcements, Durable",7749
OFF-BI-10004240,Office Supplies,Binders,"Cardinal Binding Machine, Recycled",7776
OFF-BI-10000777,Office Supplies,Binders,"Ibico Binder Covers, Clear",7780
OFF-BI-10002907,Office Supplies,Binders,"Wilson Jones 3-Hole Punch, Economy",7802
OFF-BI-10001662,Office Supplies,Binders,"Avery Binder, Recycled",7817
OFF-BI-10003162,Office Supplies,Binders,"Avery Binding Machine, Economy",7822
OFF-BI-10000126,Office Supplies,Binders,"Ibico Hole Reinforcements, Durable",7824
OFF-BI-10001183,Office Supplies,Binders,"Avery 3-Hole Punch, Clear",7826
OFF-BI-10004828,Office Supplies,Binders,GBC Poly Designer Binding Covers,7833
OFF-BI-10001759,Office Supplies,Binders,"Acco Pressboard Covers with Storage Hooks, 14 7/8"" x 11"", Dark Blue",7843
OFF-BI-10004410,Office Supplies,Binders,"C-Line Peel & Stick Add-On Filing Pockets, 8-3/4 x 5-1/8, 10/Pack",7846
OFF-BI-10002075,Office Supplies,Binders,"Wilson Jones Hole Reinforcements, Durable",7865
OFF-BI-10001002,Office Supplies,Binders,"Avery Binder Covers, Recycled",7871
OFF-BI-10001304,Office Supplies,Binders,"Cardinal 3-Hole Punch, Recycled",7873
OFF-BI-10000124,Office Supplies,Binders,"Acco Binder Covers, Clear",7878
OFF-WIL-10001979,Office Supplies,Binders,"Wilson Jones Binder Covers, Clear",7970
OFF-BI-10002005,Office Supplies,Binders,"Acco Index Tab, Clear",8011
OFF-WIL-10001495,Office Supplies,Binders,"Wilson Jones Index Tab, Recycled",8053
OFF-BI-10002412,Office Supplies,Binders,Wilson Jones ?Snap? Scratch Pad Binder Tool for Ring Binders,8099
OFF-BI-10003166,Office Supplies,Binders,"Cardinal Hole Reinforcements, Durable",8107
OFF-BI-10003022,Office Supplies,Binders,"Cardinal 3-Hole Punch, Economy",8114
OFF-BI-10004275,Office Supplies,Binders,"Wilson Jones Index Tab, Recycled",8115
OFF-BI-10000517,Office Supplies,Binders,"Acco Binder, Durable",8120
OFF-BI-10003985,Office Supplies,Binders,"Cardinal Index Tab, Economy",8173
OFF-BI-10002225,Office Supplies,Binders,"Square Ring Data Binders, Rigid 75 Pt. Covers, 11"" x 14-7/8""",8216
OFF-BI-10002133,Office Supplies,Binders,"Wilson Jones Elliptical Ring 3 1/2"" Capacity Binders, 800 sheets",8217
OFF-BI-10001097,Office Supplies,Binders,Avery Hole Reinforcements,8218
OFF-BI-10003708,Office Supplies,Binders,"Acco Four Pocket Poly Ring Binder with Label Holder, Smoke, 1""",8219
OFF-BI-10001132,Office Supplies,Binders,"Acco PRESSTEX Data Binder with Storage Hooks, Dark Blue, 9 1/2"" X 11""",8220
OFF-BI-10002026,Office Supplies,Binders,Ibico Recycled Linen-Style Covers,8221
OFF-BI-10001922,Office Supplies,Binders,Storex Dura Pro Binders,8222
OFF-BI-10001787,Office Supplies,Binders,Wilson Jones Four-Pocket Poly Binders,8224
OFF-BI-10004182,Office Supplies,Binders,Economy Binders,8226
OFF-BI-10003265,Office Supplies,Binders,"Wilson Jones Binder, Clear",8347
OFF-BI-10003952,Office Supplies,Binders,"Acco Binding Machine, Recycled",8381
OFF-BI-10001819,Office Supplies,Binders,"Cardinal Binder, Clear",8410
OFF-BI-10004600,Office Supplies,Binders,Ibico Ibimaster 300 Manual Binding System,8417
OFF-BI-10002072,Office Supplies,Binders,Cardinal Slant-D Ring Binders,8418
OFF-BI-10003656,Office Supplies,Binders,Fellowes PB200 Plastic Comb Binding Machine,8419
OFF-BI-10003646,Office Supplies,Binders,"Avery Index Tab, Economy",8463
OFF-AVE-10002311,Office Supplies,Binders,"Avery Binder Covers, Durable",8530
OFF-BI-10000605,Office Supplies,Binders,"Acco Pressboard Covers with Storage Hooks, 9 1/2"" x 11"", Executive Red",8541
OFF-BI-10001294,Office Supplies,Binders,Fellowes Binding Cases,8546
OFF-BI-10001196,Office Supplies,Binders,"Avery Flip-Chart Easel Binder, Black",8550
OFF-BI-10000138,Office Supplies,Binders,Acco Translucent Poly Ring Binders,8561
OFF-BI-10000591,Office Supplies,Binders,Avery Binder Labels,8562
OFF-BI-10003064,Office Supplies,Binders,"Cardinal 3-Hole Punch, Clear",8585
OFF-BI-10002607,Office Supplies,Binders,"Ibico Binder Covers, Clear",8588
OFF-BI-10001324,Office Supplies,Binders,"Ibico Hole Reinforcements, Clear",8613
OFF-BI-10003874,Office Supplies,Binders,"Avery Index Tab, Clear",8626
OFF-BI-10000583,Office Supplies,Binders,"Wilson Jones Hole Reinforcements, Clear",8666
OFF-BI-10004486,Office Supplies,Binders,"Wilson Jones 3-Hole Punch, Durable",8771
OFF-BI-10000963,Office Supplies,Binders,"Acco Index Tab, Clear",8893
OFF-BI-10001422,Office Supplies,Binders,"Cardinal 3-Hole Punch, Clear",8902
OFF-BI-10000136,Office Supplies,Binders,Avery Non-Stick Heavy Duty View Round Locking Ring Binders,8965
OFF-BI-10000719,Office Supplies,Binders,"Wilson Jones Hole Reinforcements, Clear",8999
OFF-BI-10004177,Office Supplies,Binders,"Wilson Jones 3-Hole Punch, Durable",9045
OFF-BI-10002511,Office Supplies,Binders,"Avery 3-Hole Punch, Clear",9066
OFF-BI-10003725,Office Supplies,Binders,"Cardinal 3-Hole Punch, Economy",9122
OFF-BI-10004390,Office Supplies,Binders,GBC DocuBind 200 Manual Binding Machine,9160
OFF-BI-10002976,Office Supplies,Binders,ACCOHIDE Binder by Acco,9227
OFF-BI-10004330,Office Supplies,Binders,"GBC Velobind Prepunched Cover Sets, Regency Series",9228
OFF-BI-10001524,Office Supplies,Binders,GBC Premium Transparent Covers with Diagonal Lined Pattern,9229
OFF-BI-10001031,Office Supplies,Binders,Pressboard Data Binders by Wilson Jones,9230
OFF-BI-10003355,Office Supplies,Binders,Cardinal Holdit Business Card Pockets,9235
OFF-BI-10002734,Office Supplies,Binders,"Wilson Jones Binder Covers, Clear",9245
OFF-BI-10000501,Office Supplies,Binders,"Cardinal Binder, Durable",9341
OFF-BI-10002711,Office Supplies,Binders,"Acco Binding Machine, Clear",9455
OFF-BI-10000787,Office Supplies,Binders,"Acco Hole Reinforcements, Economy",9489
OFF-BI-10000216,Office Supplies,Binders,"Mead 1st Gear 2"" Zipper Binder, Asst. Colors",9588
OFF-BI-10000822,Office Supplies,Binders,"Acco PRESSTEX Data Binder with Storage Hooks, Light Blue, 9 1/2"" X 11""",9599
OFF-BI-10004908,Office Supplies,Binders,"Avery Binder Covers, Economy",9617
OFF-BI-10000232,Office Supplies,Binders,"Ibico 3-Hole Punch, Durable",9619
OFF-BI-10004352,Office Supplies,Binders,Wilson Jones DublLock D-Ring Binders,9694
OFF-BI-10000172,Office Supplies,Binders,"Ibico Index Tab, Clear",9737
OFF-BI-10004506,Office Supplies,Binders,Wilson Jones data.warehouse D-Ring Binders with DublLock,9754
OFF-BI-10003342,Office Supplies,Binders,"Cardinal Binder, Economy",9756
OFF-BI-10004094,Office Supplies,Binders,GBC Standard Plastic Binding Systems Combs,9772
OFF-BI-10002061,Office Supplies,Binders,"Ibico Binder, Recycled",9777
OFF-BI-10002931,Office Supplies,Binders,"Avery Trapezoid Extra Heavy Duty 4"" Binders",9885
OFF-BI-10004716,Office Supplies,Binders,Wilson Jones Hanging Recycled Pressboard Data Binders,9886
OFF-BI-10004528,Office Supplies,Binders,Cardinal Poly Pocket Divider Pockets for Ring Binders,9887
OFF-BI-10003529,Office Supplies,Binders,Avery Round Ring Poly Binders,9888
OFF-BI-10001900,Office Supplies,Binders,"DXL Angle-View Binders with Locking Rings, Black",9889
OFF-BI-10000848,Office Supplies,Binders,Angle-D Ring Binders,9890
OFF-BI-10003655,Office Supplies,Binders,Durable Pressboard Binders,9891
OFF-BI-10000724,Office Supplies,Binders,"Avery Hole Reinforcements, Recycled",9900
OFF-BI-10000968,Office Supplies,Binders,"Acco Hole Reinforcements, Recycled",9901
OFF-BI-10004741,Office Supplies,Binders,"Acco Binder, Durable",9904
OFF-BI-10004308,Office Supplies,Binders,Avery Legal 4-Ring Binder,10053
OFF-BI-10003718,Office Supplies,Binders,"Avery Index Tab, Clear",10075
OFF-BI-10001305,Office Supplies,Binders,"Cardinal Binder, Clear",10121
OFF-BI-10000725,Office Supplies,Binders,"Wilson Jones Binding Machine, Durable",10130
OFF-BI-10003417,Office Supplies,Binders,"Ibico Hole Reinforcements, Economy",10168
OFF-BI-10001089,Office Supplies,Binders,"Acco Binding Machine, Clear",10176
OFF-BI-10000051,Office Supplies,Binders,"Ibico Binding Machine, Economy",10218
OFF-BI-10004251,Office Supplies,Binders,"Wilson Jones Index Tab, Recycled",10470
OFF-BI-10001279,Office Supplies,Binders,"Wilson Jones 3-Hole Punch, Durable",10472
OFF-BI-10002859,Office Supplies,Binders,"Acco Binder, Clear",10473
OFF-BI-10004146,Office Supplies,Binders,"Acco Binding Machine, Recycled",10474
OFF-BI-10004250,Office Supplies,Binders,"Cardinal 3-Hole Punch, Recycled",10485
OFF-BI-10004597,Office Supplies,Binders,"Avery Binding Machine, Durable",10509
OFF-BI-10001407,Office Supplies,Binders,"Acco Binder Covers, Recycled",10512
OFF-BI-10000305,Office Supplies,Binders,"Cardinal 3-Hole Punch, Durable",10566
OFF-BI-10004795,Office Supplies,Binders,"Avery Binding Machine, Clear",10581
OFF-BI-10001885,Office Supplies,Binders,"Avery Binder Covers, Economy",10596
OFF-BI-10001927,Office Supplies,Binders,"Ibico Binding Machine, Durable",10616
OFF-BI-10001546,Office Supplies,Binders,"Acco Index Tab, Clear",10623
OFF-BI-10000631,Office Supplies,Binders,"Wilson Jones 3-Hole Punch, Economy",10627
OFF-BI-10002281,Office Supplies,Binders,"Ibico Binder Covers, Clear",10652
OFF-BI-10004769,Office Supplies,Binders,"Wilson Jones Index Tab, Economy",10653
OFF-BI-10002628,Office Supplies,Binders,"Avery 3-Hole Punch, Economy",10665
OFF-BI-10001049,Office Supplies,Binders,"Ibico Index Tab, Clear",10676
OFF-BI-10002277,Office Supplies,Binders,"Wilson Jones 3-Hole Punch, Recycled",10681
OFF-BI-10003633,Office Supplies,Binders,"Avery Binding Machine, Economy",10684
OFF-BI-10002524,Office Supplies,Binders,"Cardinal Index Tab, Durable",10691
OFF-BI-10004562,Office Supplies,Binders,"Acco Binder, Clear",10694
OFF-BI-10003364,Office Supplies,Binders,"Cardinal 3-Hole Punch, Clear",10723
OFF-BI-10000359,Office Supplies,Binders,"Ibico Binder Covers, Durable",10742
OFF-BI-10003188,Office Supplies,Binders,"Wilson Jones Binder Covers, Economy",10748
OFF-AR-10003117,Office Supplies,Art,"BIC Pencil Sharpener, Blue",4
OFF-AR-10000659,Office Supplies,Art,"BIC Pencil Sharpener, Fluorescent",5
OFF-AR-10003629,Office Supplies,Art,"Boston Canvas, Water Color",6
OFF-AR-10000124,Office Supplies,Art,"Binney & Smith Highlighters, Fluorescent",11
OFF-BOS-10002073,Office Supplies,Art,"Boston Canvas, Water Color",28
OFF-STA-10002791,Office Supplies,Art,"Stanley Sketch Pad, Water Color",29
OFF-BOS-10003160,Office Supplies,Art,"Boston Markers, Water Color",37
OFF-BOS-10001348,Office Supplies,Art,"Boston Pencil Sharpener, Water Color",40
OFF-BIN-10004512,Office Supplies,Art,"Binney & Smith Pens, Easy-Erase",44
OFF-BIN-10000837,Office Supplies,Art,"Binney & Smith Markers, Easy-Erase",50
OFF-AR-10000594,Office Supplies,Art,"Binney & Smith Highlighters, Water Color",60
OFF-BIC-10001211,Office Supplies,Art,"BIC Highlighters, Water Color",64
OFF-STA-10000054,Office Supplies,Art,"Stanley Pens, Fluorescent",66
OFF-STA-10002719,Office Supplies,Art,"Stanley Pencil Sharpener, Easy-Erase",68
OFF-SAN-10004881,Office Supplies,Art,"Sanford Pencil Sharpener, Easy-Erase",91
OFF-STA-10001791,Office Supplies,Art,"Stanley Highlighters, Water Color",100
OFF-BOS-10002472,Office Supplies,Art,"Boston Sketch Pad, Blue",103
OFF-BOS-10001386,Office Supplies,Art,"Boston Sketch Pad, Water Color",112
OFF-BIN-10001621,Office Supplies,Art,"Binney & Smith Canvas, Fluorescent",113
OFF-STA-10001636,Office Supplies,Art,"Stanley Markers, Water Color",122
OFF-AR-10002335,Office Supplies,Art,"Sanford Canvas, Fluorescent",169
OFF-AR-10000904,Office Supplies,Art,"Sanford Sketch Pad, Blue",170
OFF-AR-10000468,Office Supplies,Art,"BIC Pens, Blue",172
OFF-SAN-10002441,Office Supplies,Art,"Sanford Highlighters, Blue",178
OFF-BOS-10001375,Office Supplies,Art,"Boston Canvas, Easy-Erase",190
OFF-STA-10000155,Office Supplies,Art,"Stanley Pencil Sharpener, Water Color",191
OFF-STA-10000298,Office Supplies,Art,"Stanley Canvas, Blue",192
OFF-BOS-10001711,Office Supplies,Art,"Boston Sketch Pad, Easy-Erase",194
OFF-SAN-10002323,Office Supplies,Art,"Sanford Sketch Pad, Fluorescent",198
OFF-BOS-10000477,Office Supplies,Art,"Boston Canvas, Blue",199
OFF-STA-10001112,Office Supplies,Art,"Stanley Markers, Easy-Erase",205
OFF-SAN-10001128,Office Supplies,Art,"Sanford Pens, Easy-Erase",206
OFF-BIC-10002942,Office Supplies,Art,"BIC Highlighters, Easy-Erase",212
OFF-AR-10003028,Office Supplies,Art,"Binney & Smith Highlighters, Blue",248
OFF-AR-10001338,Office Supplies,Art,"Boston Canvas, Easy-Erase",257
OFF-AR-10001813,Office Supplies,Art,"Stanley Markers, Fluorescent",265
OFF-AR-10003914,Office Supplies,Art,"Stanley Canvas, Easy-Erase",268
OFF-BOS-10000577,Office Supplies,Art,"Boston Highlighters, Blue",277
OFF-BIC-10003841,Office Supplies,Art,"BIC Canvas, Water Color",278
OFF-SAN-10001862,Office Supplies,Art,"Sanford Highlighters, Easy-Erase",282
OFF-BIC-10001682,Office Supplies,Art,"BIC Pens, Fluorescent",290
OFF-SAN-10004288,Office Supplies,Art,"Sanford Sketch Pad, Blue",293
OFF-BOS-10004950,Office Supplies,Art,"Boston Pens, Fluorescent",322
OFF-STA-10002654,Office Supplies,Art,"Stanley Pencil Sharpener, Fluorescent",323
OFF-BIC-10003800,Office Supplies,Art,"BIC Pencil Sharpener, Blue",331
OFF-AR-10001278,Office Supplies,Art,"Binney & Smith Pens, Water Color",390
OFF-AR-10002392,Office Supplies,Art,"Binney & Smith Highlighters, Blue",396
OFF-AR-10000539,Office Supplies,Art,"Boston Markers, Easy-Erase",406
OFF-AR-10002797,Office Supplies,Art,"Sanford Highlighters, Blue",407
OFF-AR-10003446,Office Supplies,Art,"BIC Highlighters, Water Color",455
OFF-BIC-10002403,Office Supplies,Art,"BIC Sketch Pad, Easy-Erase",499
OFF-BIN-10002061,Office Supplies,Art,"Binney & Smith Sketch Pad, Blue",504
OFF-AR-10001898,Office Supplies,Art,"Binney & Smith Pencil Sharpener, Fluorescent",513
OFF-AR-10002109,Office Supplies,Art,"Binney & Smith Sketch Pad, Fluorescent",521
OFF-AR-10004900,Office Supplies,Art,"Boston Canvas, Easy-Erase",522
OFF-AR-10002400,Office Supplies,Art,"Boston Highlighters, Water Color",527
OFF-BIC-10002440,Office Supplies,Art,"BIC Sketch Pad, Blue",555
OFF-SAN-10001634,Office Supplies,Art,"Sanford Canvas, Easy-Erase",558
OFF-SAN-10003041,Office Supplies,Art,"Sanford Markers, Water Color",560
OFF-BIN-10000561,Office Supplies,Art,"Binney & Smith Highlighters, Fluorescent",561
OFF-AR-10003651,Office Supplies,Art,"Sanford Pencil Sharpener, Easy-Erase",573
OFF-AR-10004519,Office Supplies,Art,"Boston Canvas, Fluorescent",579
OFF-AR-10001578,Office Supplies,Art,"Sanford Pencil Sharpener, Fluorescent",585
OFF-AR-10004884,Office Supplies,Art,"Sanford Pens, Fluorescent",586
OFF-AR-10000091,Office Supplies,Art,"BIC Highlighters, Water Color",594
OFF-STA-10004163,Office Supplies,Art,"Stanley Markers, Fluorescent",623
OFF-AR-10003536,Office Supplies,Art,"Stanley Pencil Sharpener, Water Color",629
OFF-AR-10004999,Office Supplies,Art,Newell 315,643
OFF-AR-10002335,Office Supplies,Art,DIXON Oriole Pencils,649
OFF-SAN-10001345,Office Supplies,Art,"Sanford Canvas, Water Color",653
OFF-STA-10004885,Office Supplies,Art,"Stanley Sketch Pad, Easy-Erase",662
OFF-STA-10004108,Office Supplies,Art,"Stanley Canvas, Easy-Erase",667
OFF-STA-10003756,Office Supplies,Art,"Stanley Sketch Pad, Blue",669
OFF-SAN-10001295,Office Supplies,Art,"Sanford Pencil Sharpener, Water Color",676
OFF-BIN-10000327,Office Supplies,Art,"Binney & Smith Markers, Water Color",687
OFF-STA-10001895,Office Supplies,Art,"Stanley Pens, Easy-Erase",691
OFF-SAN-10003644,Office Supplies,Art,"Sanford Markers, Blue",706
OFF-AR-10000762,Office Supplies,Art,"BIC Pens, Water Color",740
OFF-AR-10004486,Office Supplies,Art,"Sanford Canvas, Blue",745
OFF-AR-10004068,Office Supplies,Art,"Boston Markers, Fluorescent",752
OFF-AR-10003450,Office Supplies,Art,"BIC Markers, Blue",759
OFF-AR-10000715,Office Supplies,Art,"Boston Markers, Blue",760
OFF-AR-10000937,Office Supplies,Art,"Dixon Ticonderoga Core-Lock Colored Pencils, 48-Color Set",765
OFF-AR-10003046,Office Supplies,Art,"Sanford Sketch Pad, Fluorescent",781
OFF-AR-10002816,Office Supplies,Art,"Boston Canvas, Blue",800
OFF-AR-10001720,Office Supplies,Art,"Stanley Canvas, Blue",803
OFF-AR-10004757,Office Supplies,Art,Crayola Colored Pencils,805
OFF-AR-10000127,Office Supplies,Art,Newell 321,806
OFF-BIC-10002270,Office Supplies,Art,"BIC Pencil Sharpener, Water Color",824
OFF-STA-10004484,Office Supplies,Art,"Stanley Pens, Water Color",825
OFF-BOS-10002558,Office Supplies,Art,"Boston Pencil Sharpener, Easy-Erase",835
OFF-BIC-10000718,Office Supplies,Art,"BIC Pencil Sharpener, Fluorescent",836
OFF-SAN-10004339,Office Supplies,Art,"Sanford Highlighters, Water Color",846
OFF-SAN-10002015,Office Supplies,Art,"Sanford Pens, Water Color",852
OFF-STA-10004327,Office Supplies,Art,"Stanley Markers, Blue",853
OFF-BOS-10003478,Office Supplies,Art,"Boston Markers, Fluorescent",864
OFF-SAN-10000874,Office Supplies,Art,"Sanford Pencil Sharpener, Fluorescent",873
OFF-BOS-10002340,Office Supplies,Art,"Boston Markers, Blue",874
OFF-BIC-10000041,Office Supplies,Art,"BIC Markers, Blue",875
OFF-AR-10000502,Office Supplies,Art,"BIC Highlighters, Easy-Erase",905
OFF-SAN-10002839,Office Supplies,Art,"Sanford Canvas, Fluorescent",921
OFF-STA-10000244,Office Supplies,Art,"Stanley Sketch Pad, Fluorescent",924
OFF-SAN-10003285,Office Supplies,Art,"Sanford Pens, Fluorescent",926
OFF-AR-10000110,Office Supplies,Art,"Binney & Smith Sketch Pad, Blue",948
OFF-AR-10001759,Office Supplies,Art,"Sanford Sketch Pad, Fluorescent",972
OFF-AR-10004148,Office Supplies,Art,"Sanford Pens, Easy-Erase",974
OFF-AR-10002221,Office Supplies,Art,12 Colored Short Pencils,993
OFF-AR-10001190,Office Supplies,Art,"Boston Canvas, Easy-Erase",1004
OFF-AR-10004348,Office Supplies,Art,"Boston Sketch Pad, Easy-Erase",1023
OFF-AR-10002257,Office Supplies,Art,"Eldon Spacemaker Box, Quick-Snap Lid, Clear",1034
OFF-AR-10002805,Office Supplies,Art,"Boston Sketch Pad, Blue",1041
OFF-AR-10002156,Office Supplies,Art,"Stanley Highlighters, Blue",1042
OFF-AR-10001607,Office Supplies,Art,"Stanley Pencil Sharpener, Water Color",1049
OFF-AR-10003691,Office Supplies,Art,"Stanley Sketch Pad, Easy-Erase",1067
OFF-AR-10001495,Office Supplies,Art,"BIC Sketch Pad, Blue",1069
OFF-AR-10001266,Office Supplies,Art,"Boston Canvas, Blue",1083
OFF-AR-10004151,Office Supplies,Art,"BIC Sketch Pad, Blue",1092
OFF-AR-10003457,Office Supplies,Art,"Sanford Sketch Pad, Water Color",1096
OFF-AR-10000720,Office Supplies,Art,"Binney & Smith Markers, Fluorescent",1124
OFF-AR-10002783,Office Supplies,Art,"Stanley Pencil Sharpener, Water Color",1156
OFF-AR-10001228,Office Supplies,Art,"Stanley Markers, Water Color",1163
OFF-AR-10001599,Office Supplies,Art,"Binney & Smith Canvas, Blue",1173
OFF-AR-10000914,Office Supplies,Art,Boston 16765 Mini Stand Up Battery Pencil Sharpener,1188
OFF-AR-10001972,Office Supplies,Art,Newell 323,1190
OFF-AR-10002115,Office Supplies,Art,"Boston Canvas, Fluorescent",1213
OFF-BIC-10001632,Office Supplies,Art,"BIC Pens, Easy-Erase",1237
OFF-AR-10000319,Office Supplies,Art,"Binney & Smith Canvas, Fluorescent",1243
OFF-AR-10004492,Office Supplies,Art,"BIC Canvas, Blue",1244
OFF-AR-10002852,Office Supplies,Art,"Stanley Pens, Fluorescent",1245
OFF-BOS-10004262,Office Supplies,Art,"Boston Highlighters, Easy-Erase",1278
OFF-SAN-10004232,Office Supplies,Art,"Sanford Markers, Fluorescent",1281
OFF-SAN-10004746,Office Supplies,Art,"Sanford Highlighters, Fluorescent",1284
OFF-BOS-10001576,Office Supplies,Art,"Boston Pencil Sharpener, Fluorescent",1297
OFF-SAN-10002639,Office Supplies,Art,"Sanford Markers, Easy-Erase",1301
OFF-BIN-10000901,Office Supplies,Art,"Binney & Smith Pens, Water Color",1302
OFF-SAN-10002484,Office Supplies,Art,"Sanford Canvas, Blue",1324
OFF-BIC-10001823,Office Supplies,Art,"BIC Canvas, Fluorescent",1338
OFF-AR-10000184,Office Supplies,Art,"Boston Pencil Sharpener, Water Color",1347
OFF-AR-10002389,Office Supplies,Art,"Binney & Smith Pens, Fluorescent",1356
OFF-AR-10001208,Office Supplies,Art,"Binney & Smith Canvas, Water Color",1364
OFF-AR-10003613,Office Supplies,Art,"Sanford Canvas, Easy-Erase",1368
OFF-BOS-10001511,Office Supplies,Art,"Boston Canvas, Fluorescent",1406
OFF-STA-10003956,Office Supplies,Art,"Stanley Pens, Blue",1407
OFF-SAN-10004824,Office Supplies,Art,"Sanford Pencil Sharpener, Water Color",1413
OFF-STA-10003027,Office Supplies,Art,"Stanley Highlighters, Easy-Erase",1414
OFF-BIN-10003023,Office Supplies,Art,"Binney & Smith Sketch Pad, Fluorescent",1415
OFF-AR-10000467,Office Supplies,Art,"Sanford Markers, Fluorescent",1429
OFF-AR-10000019,Office Supplies,Art,"BIC Highlighters, Blue",1437
OFF-AR-10004010,Office Supplies,Art,"Sanford Pencil Sharpener, Water Color",1442
OFF-AR-10002165,Office Supplies,Art,"Boston Sketch Pad, Fluorescent",1479
OFF-AR-10000833,Office Supplies,Art,"Binney & Smith Pencil Sharpener, Water Color",1480
OFF-AR-10000711,Office Supplies,Art,"BIC Pens, Easy-Erase",1483
OFF-AR-10000079,Office Supplies,Art,"Stanley Pencil Sharpener, Fluorescent",1497
OFF-AR-10002824,Office Supplies,Art,"Sanford Markers, Water Color",1528
OFF-AR-10001230,Office Supplies,Art,"Binney & Smith Markers, Water Color",1545
OFF-AR-10002710,Office Supplies,Art,"Sanford Pens, Easy-Erase",1572
OFF-AR-10001694,Office Supplies,Art,"Sanford Canvas, Blue",1580
OFF-AR-10002677,Office Supplies,Art,"BIC Pencil Sharpener, Easy-Erase",1586
OFF-AR-10001402,Office Supplies,Art,"Sanford Highlighters, Water Color",1595
OFF-AR-10002255,Office Supplies,Art,Newell 346,1647
OFF-AR-10000481,Office Supplies,Art,"BIC Markers, Blue",1669
OFF-AR-10002380,Office Supplies,Art,"Boston Highlighters, Blue",1670
OFF-AR-10002419,Office Supplies,Art,"Sanford Markers, Fluorescent",1697
OFF-AR-10004818,Office Supplies,Art,"Boston Markers, Easy-Erase",1714
OFF-BIN-10002407,Office Supplies,Art,"Binney & Smith Highlighters, Water Color",1723
OFF-BOS-10003699,Office Supplies,Art,"Boston Sketch Pad, Fluorescent",1724
OFF-AR-10003633,Office Supplies,Art,"Binney & Smith Canvas, Easy-Erase",1768
OFF-AR-10000491,Office Supplies,Art,"Binney & Smith Pens, Water Color",1774
OFF-AR-10002255,Office Supplies,Art,"Boston Sketch Pad, Water Color",1777
OFF-AR-10001606,Office Supplies,Art,"BIC Highlighters, Fluorescent",1779
OFF-BIC-10004976,Office Supplies,Art,"BIC Markers, Water Color",1792
OFF-AR-10002804,Office Supplies,Art,Faber Castell Col-Erase Pencils,1814
OFF-AR-10003986,Office Supplies,Art,Avery Hi-Liter Pen Style Six-Color Fluorescent Set,1824
OFF-AR-10003179,Office Supplies,Art,Dixon Ticonderoga Core-Lock Colored Pencils,1825
OFF-AR-10000588,Office Supplies,Art,Newell 345,1855
OFF-AR-10000122,Office Supplies,Art,Newell 314,1861
OFF-AR-10003394,Office Supplies,Art,Newell 332,1863
OFF-AR-10002706,Office Supplies,Art,"Stanley Canvas, Fluorescent",1865
OFF-AR-10003829,Office Supplies,Art,"Boston Highlighters, Water Color",1866
OFF-AR-10001850,Office Supplies,Art,"Boston Sketch Pad, Water Color",1887
OFF-AR-10000422,Office Supplies,Art,"Stanley Markers, Blue",1892
OFF-AR-10000082,Office Supplies,Art,"Binney & Smith Pencil Sharpener, Water Color",1896
OFF-AR-10003096,Office Supplies,Art,"Binney & Smith Sketch Pad, Blue",1911
OFF-AR-10001862,Office Supplies,Art,"Boston Pens, Water Color",1931
OFF-AR-10000751,Office Supplies,Art,"Boston Highlighters, Fluorescent",1936
OFF-AR-10001546,Office Supplies,Art,"Binney & Smith Sketch Pad, Easy-Erase",1937
OFF-AR-10003651,Office Supplies,Art,Newell 350,1949
OFF-AR-10003158,Office Supplies,Art,Fluorescent Highlighters by Dixon,1952
OFF-AR-10000422,Office Supplies,Art,Pencil and Crayon Sharpener,1954
OFF-BOS-10000363,Office Supplies,Art,"Boston Pencil Sharpener, Water Color",1964
OFF-AR-10001672,Office Supplies,Art,"Boston Sketch Pad, Easy-Erase",1967
OFF-BIN-10000712,Office Supplies,Art,"Binney & Smith Canvas, Blue",1993
OFF-AR-10002399,Office Supplies,Art,"Dixon Prang Watercolor Pencils, 10-Color Set with Brush",2001
OFF-AR-10003856,Office Supplies,Art,Newell 344,2011
OFF-AR-10001662,Office Supplies,Art,Rogers Handheld Barrel Pencil Sharpener,2012
OFF-AR-10004685,Office Supplies,Art,"Binney & Smith Crayola Metallic Colored Pencils, 8-Color Set",2024
OFF-AR-10003504,Office Supplies,Art,Newell 347,2035
OFF-AR-10001988,Office Supplies,Art,Bulldog Table or Wall-Mount Pencil Sharpener,2069
OFF-AR-10003156,Office Supplies,Art,50 Colored Long Pencils,2076
OFF-AR-10001953,Office Supplies,Art,Boston 1645 Deluxe Heavier-Duty Electric Pencil Sharpener,2077
OFF-AR-10004974,Office Supplies,Art,Newell 342,2078
OFF-AR-10001919,Office Supplies,Art,"OIC #2 Pencils, Medium Soft",2084
OFF-AR-10000283,Office Supplies,Art,"Stanley Highlighters, Blue",2122
OFF-AR-10001645,Office Supplies,Art,"Boston Pens, Blue",2134
OFF-AR-10004139,Office Supplies,Art,"Stanley Sketch Pad, Easy-Erase",2142
OFF-AR-10003532,Office Supplies,Art,"BIC Pencil Sharpener, Easy-Erase",2153
OFF-AR-10002575,Office Supplies,Art,"Sanford Canvas, Blue",2155
OFF-AR-10003249,Office Supplies,Art,"Sanford Canvas, Easy-Erase",2170
OFF-AR-10000179,Office Supplies,Art,"Sanford Canvas, Fluorescent",2171
OFF-AR-10004116,Office Supplies,Art,"Sanford Sketch Pad, Water Color",2185
OFF-AR-10003253,Office Supplies,Art,"Boston Pencil Sharpener, Water Color",2191
OFF-AR-10000814,Office Supplies,Art,"Binney & Smith Canvas, Fluorescent",2194
OFF-AR-10002485,Office Supplies,Art,"Boston Markers, Easy-Erase",2219
OFF-AR-10001518,Office Supplies,Art,"Binney & Smith Pencil Sharpener, Water Color",2234
OFF-AR-10004602,Office Supplies,Art,Boston KS Multi-Size Manual Pencil Sharpener,2287
OFF-AR-10003602,Office Supplies,Art,"Quartet Omega Colored Chalk, 12/Pack",2292
OFF-AR-10003481,Office Supplies,Art,Newell 348,2318
OFF-AR-10003651,Office Supplies,Art,"Sanford Pens, Easy-Erase",2329
OFF-AR-10004772,Office Supplies,Art,"Boston Highlighters, Fluorescent",2341
OFF-AR-10003758,Office Supplies,Art,"Binney & Smith Canvas, Water Color",2344
OFF-AR-10001462,Office Supplies,Art,"Stanley Highlighters, Fluorescent",2346
OFF-AR-10001246,Office Supplies,Art,Newell 317,2366
OFF-AR-10003179,Office Supplies,Art,"BIC Pencil Sharpener, Blue",2383
OFF-AR-10001529,Office Supplies,Art,"Sanford Pens, Fluorescent",2423
OFF-AR-10000097,Office Supplies,Art,"BIC Sketch Pad, Blue",2424
OFF-AR-10002417,Office Supplies,Art,"Boston Sketch Pad, Water Color",2433
OFF-AR-10003012,Office Supplies,Art,"Sanford Markers, Easy-Erase",2443
OFF-SAN-10003368,Office Supplies,Art,"Sanford Pens, Blue",2482
OFF-BIN-10000170,Office Supplies,Art,"Binney & Smith Pencil Sharpener, Fluorescent",2483
OFF-BIN-10001715,Office Supplies,Art,"Binney & Smith Canvas, Easy-Erase",2484
OFF-BIC-10002722,Office Supplies,Art,"BIC Pens, Water Color",2485
OFF-BIC-10001510,Office Supplies,Art,"BIC Pencil Sharpener, Easy-Erase",2486
OFF-STA-10001747,Office Supplies,Art,"Stanley Pencil Sharpener, Water Color",2494
OFF-BIN-10004729,Office Supplies,Art,"Binney & Smith Sketch Pad, Water Color",2495
OFF-BIC-10000582,Office Supplies,Art,"BIC Sketch Pad, Water Color",2515
OFF-BIN-10003327,Office Supplies,Art,"Binney & Smith Markers, Blue",2516
OFF-AR-10004986,Office Supplies,Art,"Boston Pens, Easy-Erase",2555
OFF-AR-10002454,Office Supplies,Art,"Binney & Smith Canvas, Water Color",2561
OFF-AR-10001232,Office Supplies,Art,"Sanford Canvas, Fluorescent",2582
OFF-BIN-10001385,Office Supplies,Art,"Binney & Smith Pens, Fluorescent",2613
OFF-AR-10003551,Office Supplies,Art,"Sanford Pens, Water Color",2663
OFF-AR-10004752,Office Supplies,Art,Blackstonian Pencils,2671
OFF-AR-10000817,Office Supplies,Art,Manco Dry-Lighter Erasable Highlighter,2676
OFF-AR-10000614,Office Supplies,Art,Barrel Sharpener,2681
OFF-AR-10003338,Office Supplies,Art,"Eberhard Faber 3 1/2"" Golf Pencils",2683
OFF-AR-10003045,Office Supplies,Art,Prang Colored Pencils,2684
OFF-AR-10004582,Office Supplies,Art,BIC Brite Liner Grip Highlighters,2689
OFF-SAN-10003687,Office Supplies,Art,"Sanford Sketch Pad, Easy-Erase",2701
OFF-BIC-10003654,Office Supplies,Art,"BIC Pens, Blue",2702
OFF-BOS-10000350,Office Supplies,Art,"Boston Pens, Blue",2704
OFF-AR-10002094,Office Supplies,Art,"Boston Pencil Sharpener, Water Color",2711
OFF-AR-10004138,Office Supplies,Art,"Stanley Pens, Easy-Erase",2717
OFF-BIN-10001274,Office Supplies,Art,"Binney & Smith Pens, Blue",2726
OFF-AR-10001508,Office Supplies,Art,"BIC Canvas, Water Color",2752
OFF-AR-10002681,Office Supplies,Art,"Boston Sketch Pad, Fluorescent",2753
OFF-AR-10000729,Office Supplies,Art,"Stanley Highlighters, Fluorescent",2779
OFF-AR-10002747,Office Supplies,Art,"Boston Canvas, Fluorescent",2809
OFF-AR-10001132,Office Supplies,Art,"BIC Markers, Blue",2811
OFF-AR-10003554,Office Supplies,Art,"Stanley Canvas, Blue",2868
OFF-AR-10004485,Office Supplies,Art,"Sanford Pens, Water Color",2881
OFF-AR-10002458,Office Supplies,Art,"Stanley Canvas, Easy-Erase",2888
OFF-AR-10001525,Office Supplies,Art,"Stanley Highlighters, Blue",2926
OFF-AR-10002060,Office Supplies,Art,"Stanley Pens, Fluorescent",2928
OFF-AR-10003592,Office Supplies,Art,"Sanford Pencil Sharpener, Fluorescent",2947
OFF-AR-10003110,Office Supplies,Art,"Sanford Sketch Pad, Water Color",2977
OFF-AR-10003228,Office Supplies,Art,"Stanley Sketch Pad, Blue",2989
OFF-AR-10000120,Office Supplies,Art,"BIC Canvas, Fluorescent",3019
OFF-AR-10002105,Office Supplies,Art,"Boston Highlighters, Fluorescent",3065
OFF-AR-10001461,Office Supplies,Art,"BIC Canvas, Water Color",3090
OFF-AR-10000584,Office Supplies,Art,"Sanford Pencil Sharpener, Water Color",3091
OFF-AR-10002037,Office Supplies,Art,"Stanley Sketch Pad, Fluorescent",3094
OFF-AR-10001418,Office Supplies,Art,"BIC Markers, Easy-Erase",3102
OFF-AR-10003630,Office Supplies,Art,"Stanley Sketch Pad, Easy-Erase",3103
OFF-AR-10000249,Office Supplies,Art,"Sanford Highlighters, Fluorescent",3141
OFF-AR-10001269,Office Supplies,Art,"BIC Markers, Water Color",3146
OFF-AR-10000452,Office Supplies,Art,"Boston Pencil Sharpener, Fluorescent",3147
OFF-AR-10001529,Office Supplies,Art,"Binney & Smith Pencil Sharpener, Easy-Erase",3149
OFF-AR-10001714,Office Supplies,Art,"Binney & Smith Markers, Fluorescent",3167
OFF-AR-10000719,Office Supplies,Art,"Boston Pencil Sharpener, Water Color",3183
OFF-AR-10001991,Office Supplies,Art,"Stanley Markers, Easy-Erase",3186
OFF-AR-10004652,Office Supplies,Art,"Sanford Highlighters, Water Color",3201
OFF-AR-10000767,Office Supplies,Art,"Binney & Smith Sketch Pad, Water Color",3204
OFF-AR-10000475,Office Supplies,Art,"Sanford Canvas, Blue",3216
OFF-AR-10000444,Office Supplies,Art,"BIC Highlighters, Blue",3217
OFF-AR-10003031,Office Supplies,Art,"Binney & Smith Pens, Fluorescent",3218
OFF-AR-10001216,Office Supplies,Art,"BIC Pencil Sharpener, Easy-Erase",3223
OFF-AR-10000727,Office Supplies,Art,"Stanley Canvas, Easy-Erase",3230
OFF-BIN-10002236,Office Supplies,Art,"Binney & Smith Pencil Sharpener, Water Color",3232
OFF-STA-10001968,Office Supplies,Art,"Stanley Canvas, Water Color",3236
OFF-BIN-10000711,Office Supplies,Art,"Binney & Smith Markers, Fluorescent",3272
OFF-AR-10003680,Office Supplies,Art,"BIC Markers, Water Color",3292
OFF-AR-10002672,Office Supplies,Art,"Boston Highlighters, Blue",3358
OFF-AR-10000851,Office Supplies,Art,"Sanford Sketch Pad, Blue",3372
OFF-AR-10003582,Office Supplies,Art,"BIC Pencil Sharpener, Water Color",3378
OFF-AR-10001043,Office Supplies,Art,"BIC Pens, Blue",3393
OFF-AR-10001336,Office Supplies,Art,"Binney & Smith Pens, Blue",3423
OFF-AR-10002665,Office Supplies,Art,"Binney & Smith Markers, Easy-Erase",3424
OFF-AR-10002364,Office Supplies,Art,"BIC Pens, Easy-Erase",3428
OFF-AR-10002116,Office Supplies,Art,"BIC Pens, Fluorescent",3447
OFF-BIN-10001257,Office Supplies,Art,"Binney & Smith Sketch Pad, Easy-Erase",3456
OFF-AR-10001315,Office Supplies,Art,Newell 310,3469
OFF-AR-10002340,Office Supplies,Art,"Stanley Markers, Water Color",3500
OFF-AR-10000179,Office Supplies,Art,"Binney & Smith Canvas, Easy-Erase",3508
OFF-AR-10003957,Office Supplies,Art,"Stanley Canvas, Fluorescent",3513
OFF-STA-10003908,Office Supplies,Art,"Stanley Highlighters, Blue",3534
OFF-AR-10000091,Office Supplies,Art,"BIC Markers, Fluorescent",3539
OFF-AR-10000399,Office Supplies,Art,"Stanley Canvas, Water Color",3549
OFF-SAN-10004420,Office Supplies,Art,"Sanford Sketch Pad, Water Color",3566
OFF-AR-10000785,Office Supplies,Art,"BIC Sketch Pad, Water Color",3573
OFF-AR-10004303,Office Supplies,Art,"Stanley Markers, Blue",3574
OFF-AR-10003217,Office Supplies,Art,"Sanford Highlighters, Fluorescent",3589
OFF-AR-10003829,Office Supplies,Art,"Stanley Markers, Fluorescent",3616
OFF-AR-10003377,Office Supplies,Art,"Boston Pencil Sharpener, Easy-Erase",3619
OFF-AR-10001068,Office Supplies,Art,"BIC Sketch Pad, Easy-Erase",3622
OFF-AR-10001002,Office Supplies,Art,"BIC Sketch Pad, Fluorescent",3646
OFF-AR-10002513,Office Supplies,Art,"Sanford Sketch Pad, Blue",3662
OFF-AR-10000799,Office Supplies,Art,"Sanford Highlighters, Easy-Erase",3682
OFF-AR-10004825,Office Supplies,Art,"BIC Canvas, Fluorescent",3698
OFF-AR-10002640,Office Supplies,Art,"Boston Pens, Blue",3700
OFF-AR-10001176,Office Supplies,Art,"Sanford Pens, Water Color",3701
OFF-AR-10003384,Office Supplies,Art,"Boston Pens, Water Color",3703
OFF-AR-10004881,Office Supplies,Art,"Stanley Sketch Pad, Blue",3709
OFF-AR-10001777,Office Supplies,Art,"Binney & Smith Sketch Pad, Water Color",3724
OFF-AR-10002055,Office Supplies,Art,"Binney & Smith Markers, Blue",3742
OFF-AR-10004614,Office Supplies,Art,"Boston Pencil Sharpener, Water Color",3793
OFF-AR-10002727,Office Supplies,Art,"Stanley Pencil Sharpener, Fluorescent",3794
OFF-AR-10004153,Office Supplies,Art,"Binney & Smith Highlighters, Easy-Erase",3799
OFF-AR-10001922,Office Supplies,Art,"Sanford Pens, Blue",3807
OFF-AR-10001965,Office Supplies,Art,"BIC Markers, Easy-Erase",3842
OFF-AR-10000980,Office Supplies,Art,"Sanford Pencil Sharpener, Water Color",3855
OFF-AR-10002535,Office Supplies,Art,"Stanley Markers, Water Color",3876
OFF-AR-10000724,Office Supplies,Art,"Boston Pens, Fluorescent",3886
OFF-AR-10002991,Office Supplies,Art,"Binney & Smith Markers, Blue",3893
OFF-AR-10003466,Office Supplies,Art,"Binney & Smith Highlighters, Easy-Erase",3904
OFF-AR-10003113,Office Supplies,Art,"Binney & Smith Pens, Blue",3909
OFF-AR-10003683,Office Supplies,Art,"Boston Sketch Pad, Fluorescent",3945
OFF-AR-10003829,Office Supplies,Art,Newell 35,3959
OFF-AR-10001958,Office Supplies,Art,Stanley Bostitch Contemporary Electric Pencil Sharpeners,3961
OFF-AR-10004454,Office Supplies,Art,"BIC Pens, Easy-Erase",3981
OFF-AR-10004132,Office Supplies,Art,"Boston Pens, Blue",3983
OFF-AR-10000505,Office Supplies,Art,"Binney & Smith Pens, Easy-Erase",3988
OFF-AR-10004749,Office Supplies,Art,"BIC Canvas, Blue",4018
OFF-AR-10004009,Office Supplies,Art,"Boston Highlighters, Easy-Erase",4019
OFF-AR-10000833,Office Supplies,Art,"Sanford Canvas, Easy-Erase",4037
OFF-AR-10002882,Office Supplies,Art,"BIC Sketch Pad, Water Color",4053
OFF-AR-10003123,Office Supplies,Art,"Boston Canvas, Easy-Erase",4060
OFF-AR-10003336,Office Supplies,Art,"Sanford Pencil Sharpener, Easy-Erase",4065
OFF-AR-10000347,Office Supplies,Art,"Sanford Pens, Blue",4072
OFF-AR-10003066,Office Supplies,Art,"Sanford Markers, Water Color",4129
OFF-AR-10002681,Office Supplies,Art,"Stanley Canvas, Fluorescent",4130
OFF-AR-10000219,Office Supplies,Art,"Sanford Highlighters, Blue",4139
OFF-AR-10000176,Office Supplies,Art,"Sanford Highlighters, Water Color",4188
OFF-AR-10001291,Office Supplies,Art,"Sanford Canvas, Fluorescent",4236
OFF-AR-10000703,Office Supplies,Art,"BIC Pens, Water Color",4238
OFF-AR-10004022,Office Supplies,Art,Panasonic KP-380BK Classic Electric Pencil Sharpener,4265
OFF-AR-10002280,Office Supplies,Art,Staples,4272
OFF-AR-10002486,Office Supplies,Art,"Sanford Pencil Sharpener, Water Color",4292
OFF-BIN-10000308,Office Supplies,Art,"Binney & Smith Canvas, Water Color",4299
OFF-AR-10001533,Office Supplies,Art,"Sanford Sketch Pad, Easy-Erase",4304
OFF-BIC-10003680,Office Supplies,Art,"BIC Highlighters, Blue",4342
OFF-AR-10000066,Office Supplies,Art,"Sanford Pens, Blue",4393
OFF-BIN-10003089,Office Supplies,Art,"Binney & Smith Highlighters, Easy-Erase",4396
OFF-AR-10000409,Office Supplies,Art,"Sanford Canvas, Easy-Erase",4399
OFF-AR-10003247,Office Supplies,Art,"Boston Highlighters, Water Color",4429
OFF-AR-10003774,Office Supplies,Art,"Stanley Sketch Pad, Fluorescent",4441
OFF-AR-10001073,Office Supplies,Art,"Sanford Markers, Easy-Erase",4455
OFF-AR-10001770,Office Supplies,Art,"Binney & Smith Markers, Water Color",4470
OFF-AR-10002022,Office Supplies,Art,"Stanley Sketch Pad, Water Color",4484
OFF-AR-10001850,Office Supplies,Art,"BIC Highlighters, Fluorescent",4489
OFF-AR-10000058,Office Supplies,Art,"Stanley Canvas, Water Color",4511
OFF-AR-10002897,Office Supplies,Art,"BIC Markers, Water Color",4512
OFF-AR-10003521,Office Supplies,Art,"Stanley Highlighters, Easy-Erase",4520
OFF-AR-10000538,Office Supplies,Art,"Boston Model 1800 Electric Pencil Sharpener, Gray",4528
OFF-AR-10001029,Office Supplies,Art,"Stanley Sketch Pad, Water Color",4557
OFF-BOS-10002705,Office Supplies,Art,"Boston Highlighters, Fluorescent",4597
OFF-AR-10000503,Office Supplies,Art,"Stanley Pens, Blue",4640
OFF-AR-10002677,Office Supplies,Art,"BIC Pens, Water Color",4641
OFF-AR-10000493,Office Supplies,Art,"Boston Pencil Sharpener, Fluorescent",4644
OFF-AR-10001622,Office Supplies,Art,"BIC Markers, Easy-Erase",4649
OFF-AR-10001678,Office Supplies,Art,"Binney & Smith Sketch Pad, Easy-Erase",4714
OFF-AR-10004920,Office Supplies,Art,"Boston Canvas, Water Color",4727
OFF-AR-10000369,Office Supplies,Art,Design Ebony Sketching Pencil,4728
OFF-AR-10000205,Office Supplies,Art,"BIC Canvas, Easy-Erase",4767
OFF-AR-10001479,Office Supplies,Art,"Binney & Smith Pencil Sharpener, Easy-Erase",4770
OFF-AR-10004780,Office Supplies,Art,"Stanley Markers, Blue",4777
OFF-AR-10003477,Office Supplies,Art,4009 Highlighters,4794
OFF-AR-10003514,Office Supplies,Art,4009 Highlighters by Sanford,4807
OFF-AR-10000203,Office Supplies,Art,Newell 336,4809
OFF-AR-10004790,Office Supplies,Art,Staples,4810
OFF-AR-10000307,Office Supplies,Art,"Binney & Smith Markers, Easy-Erase",4820
OFF-AR-10000953,Office Supplies,Art,"Stanley Pencil Sharpener, Easy-Erase",4867
OFF-AR-10002564,Office Supplies,Art,"Boston Pens, Easy-Erase",4878
OFF-AR-10003875,Office Supplies,Art,"Stanley Highlighters, Easy-Erase",4881
OFF-AR-10000578,Office Supplies,Art,"BIC Pencil Sharpener, Fluorescent",4885
OFF-AR-10001823,Office Supplies,Art,"BIC Highlighters, Blue",4893
OFF-AR-10002415,Office Supplies,Art,"Stanley Markers, Easy-Erase",4895
OFF-AR-10001030,Office Supplies,Art,"Sanford Markers, Easy-Erase",4901
OFF-BIN-10004563,Office Supplies,Art,"Binney & Smith Pencil Sharpener, Easy-Erase",4940
OFF-BOS-10000557,Office Supplies,Art,"Boston Pens, Easy-Erase",4999
OFF-AR-10003658,Office Supplies,Art,"Boston Markers, Water Color",5000
OFF-AR-10001134,Office Supplies,Art,"Boston Pens, Easy-Erase",5017
OFF-AR-10000751,Office Supplies,Art,"Binney & Smith Highlighters, Blue",5037
OFF-AR-10001162,Office Supplies,Art,"BIC Pencil Sharpener, Blue",5046
OFF-AR-10003157,Office Supplies,Art,"Sanford Highlighters, Easy-Erase",5047
OFF-AR-10002111,Office Supplies,Art,"Sanford Highlighters, Easy-Erase",5049
OFF-AR-10000660,Office Supplies,Art,"Boston Canvas, Water Color",5056
OFF-AR-10000027,Office Supplies,Art,"Binney & Smith Pencil Sharpener, Easy-Erase",5067
OFF-AR-10002802,Office Supplies,Art,"Binney & Smith Pencil Sharpener, Water Color",5086
OFF-AR-10004109,Office Supplies,Art,"Boston Sketch Pad, Fluorescent",5093
OFF-AR-10003056,Office Supplies,Art,Newell 341,5111
OFF-AR-10002811,Office Supplies,Art,"Stanley Pens, Water Color",5121
OFF-AR-10000655,Office Supplies,Art,"Stanley Sketch Pad, Blue",5126
OFF-AR-10000387,Office Supplies,Art,"Sanford Highlighters, Water Color",5171
OFF-AR-10004218,Office Supplies,Art,"Sanford Pencil Sharpener, Water Color",5191
OFF-AR-10002256,Office Supplies,Art,"BIC Sketch Pad, Easy-Erase",5203
OFF-AR-10001952,Office Supplies,Art,"BIC Canvas, Easy-Erase",5208
OFF-AR-10001072,Office Supplies,Art,"Sanford Pens, Fluorescent",5216
OFF-BOS-10003113,Office Supplies,Art,"Boston Pens, Water Color",5225
OFF-AR-10001110,Office Supplies,Art,"BIC Pencil Sharpener, Water Color",5227
OFF-AR-10002382,Office Supplies,Art,"Binney & Smith Pencil Sharpener, Water Color",5236
OFF-AR-10000821,Office Supplies,Art,"Sanford Highlighters, Fluorescent",5280
OFF-AR-10003245,Office Supplies,Art,"Binney & Smith Canvas, Blue",5339
OFF-AR-10001833,Office Supplies,Art,"Boston Highlighters, Easy-Erase",5341
OFF-AR-10003031,Office Supplies,Art,"Stanley Highlighters, Easy-Erase",5344
OFF-AR-10004422,Office Supplies,Art,"Boston Sketch Pad, Blue",5347
OFF-AR-10003373,Office Supplies,Art,"Boston School Pro Electric Pencil Sharpener, 1670",5382
OFF-AR-10001061,Office Supplies,Art,"Stanley Sketch Pad, Water Color",5384
OFF-BIC-10003575,Office Supplies,Art,"BIC Markers, Easy-Erase",5412
OFF-AR-10000823,Office Supplies,Art,"Stanley Pens, Water Color",5440
OFF-AR-10004115,Office Supplies,Art,"Sanford Markers, Blue",5447
OFF-AR-10002145,Office Supplies,Art,"Binney & Smith Sketch Pad, Fluorescent",5458
OFF-AR-10000603,Office Supplies,Art,"Boston Highlighters, Water Color",5501
OFF-AR-10001626,Office Supplies,Art,"BIC Pens, Blue",5515
OFF-AR-10000246,Office Supplies,Art,Newell 318,5525
OFF-AR-10001761,Office Supplies,Art,Avery Hi-Liter Smear-Safe Highlighters,5526
OFF-AR-10003673,Office Supplies,Art,"Sanford Markers, Fluorescent",5528
OFF-AR-10000242,Office Supplies,Art,"BIC Pencil Sharpener, Blue",5530
OFF-AR-10002975,Office Supplies,Art,"Stanley Sketch Pad, Fluorescent",5563
OFF-AR-10003560,Office Supplies,Art,Zebra Zazzle Fluorescent Highlighters,5584
OFF-AR-10000634,Office Supplies,Art,Newell 320,5592
OFF-AR-10000390,Office Supplies,Art,Newell Chalk Holder,5600
OFF-AR-10001446,Office Supplies,Art,Newell 309,5603
OFF-STA-10000247,Office Supplies,Art,"Stanley Canvas, Fluorescent",5621
OFF-AR-10004424,Office Supplies,Art,"Boston Markers, Blue",5634
OFF-AR-10001118,Office Supplies,Art,"Binney & Smith Crayola Metallic Crayons, 16-Color Pack",5686
OFF-AR-10003958,Office Supplies,Art,Newell 337,5690
OFF-AR-10003631,Office Supplies,Art,Staples,5821
OFF-AR-10003190,Office Supplies,Art,Newell 32,5830
OFF-AR-10003183,Office Supplies,Art,Avery Fluorescent Highlighter Four-Color Set,5831
OFF-AR-10004956,Office Supplies,Art,Newell 33,5832
OFF-AR-10001547,Office Supplies,Art,Newell 311,5839
OFF-AR-10000799,Office Supplies,Art,Col-Erase Pencils with Erasers,5843
OFF-AR-10001130,Office Supplies,Art,"Quartet Alpha White Chalk, 12/Pack",5847
OFF-AR-10001149,Office Supplies,Art,"Sanford Colorific Colored Pencils, 12/Box",5850
OFF-AR-10000716,Office Supplies,Art,DIXON Ticonderoga Erasable Checking Pencils,5853
OFF-AR-10000034,Office Supplies,Art,"BIC Brite Liner Grip Highlighters, Assorted, 5/Pack",5871
OFF-AR-10003217,Office Supplies,Art,Newell 316,5872
OFF-AR-10001419,Office Supplies,Art,Newell 325,5878
OFF-AR-10001683,Office Supplies,Art,Lumber Crayons,5880
OFF-AR-10000740,Office Supplies,Art,"Binney & Smith Pens, Easy-Erase",5906
OFF-AR-10000461,Office Supplies,Art,"Binney & Smith Highlighters, Water Color",5931
OFF-AR-10002650,Office Supplies,Art,"Sanford Markers, Easy-Erase",5951
OFF-AR-10003766,Office Supplies,Art,"BIC Sketch Pad, Easy-Erase",5970
OFF-AR-10002583,Office Supplies,Art,"BIC Markers, Fluorescent",5974
OFF-AR-10000812,Office Supplies,Art,"Binney & Smith Pens, Fluorescent",5977
OFF-AR-10004594,Office Supplies,Art,"Sanford Canvas, Water Color",5986
OFF-BIN-10000772,Office Supplies,Art,"Binney & Smith Pencil Sharpener, Water Color",5993
OFF-AR-10000054,Office Supplies,Art,"Sanford Pencil Sharpener, Water Color",6005
OFF-AR-10004456,Office Supplies,Art,"Binney & Smith Markers, Blue",6007
OFF-BIC-10004557,Office Supplies,Art,"BIC Canvas, Blue",6021
OFF-AR-10000845,Office Supplies,Art,"Binney & Smith Pens, Water Color",6060
OFF-AR-10000431,Office Supplies,Art,"Sanford Pens, Blue",6083
OFF-AR-10002331,Office Supplies,Art,"Binney & Smith Canvas, Blue",6084
OFF-AR-10001612,Office Supplies,Art,"Boston Pens, Easy-Erase",6096
OFF-AR-10002135,Office Supplies,Art,Boston Heavy-Duty Trimline Electric Pencil Sharpeners,6126
OFF-AR-10000314,Office Supplies,Art,"BIC Highlighters, Fluorescent",6133
OFF-AR-10003405,Office Supplies,Art,"Dixon My First Ticonderoga Pencil, #2",6162
OFF-AR-10001226,Office Supplies,Art,"Boston Pencil Sharpener, Fluorescent",6170
OFF-AR-10003752,Office Supplies,Art,Deluxe Chalkboard Eraser Cleaner,6176
OFF-AR-10000475,Office Supplies,Art,"Hunt BOSTON Vista Battery-Operated Pencil Sharpener, Black",6196
OFF-AR-10001374,Office Supplies,Art,"BIC Brite Liner Highlighters, Chisel Tip",6208
OFF-AR-10002987,Office Supplies,Art,Prismacolor Color Pencil Set,6217
OFF-AR-10001770,Office Supplies,Art,Economy #2 Pencils,6223
OFF-AR-10000833,Office Supplies,Art,"Sanford Sketch Pad, Water Color",6236
OFF-AR-10004360,Office Supplies,Art,"Boston Pens, Fluorescent",6237
OFF-AR-10003005,Office Supplies,Art,"Boston Markers, Fluorescent",6272
OFF-AR-10002433,Office Supplies,Art,"Stanley Pens, Easy-Erase",6281
OFF-AR-10002113,Office Supplies,Art,"Boston Highlighters, Easy-Erase",6300
OFF-AR-10002445,Office Supplies,Art,SANFORD Major Accent Highlighters,6318
OFF-AR-10001473,Office Supplies,Art,Newell 313,6319
OFF-AR-10001545,Office Supplies,Art,Newell 326,6320
OFF-AR-10004078,Office Supplies,Art,Newell 312,6325
OFF-AR-10002952,Office Supplies,Art,Stanley Contemporary Battery Pencil Sharpeners,6365
OFF-AR-10000380,Office Supplies,Art,"Hunt PowerHouse Electric Pencil Sharpener, Blue",6374
OFF-AR-10002656,Office Supplies,Art,Sanford Liquid Accent Highlighters,6383
OFF-AR-10000255,Office Supplies,Art,Newell 328,6384
OFF-AR-10004930,Office Supplies,Art,Turquoise Lead Holder with Pocket Clip,6430
OFF-AR-10004010,Office Supplies,Art,Hunt Boston Vacuum Mount KS Pencil Sharpener,6431
OFF-AR-10003469,Office Supplies,Art,Nontoxic Chalk,6460
OFF-AR-10002766,Office Supplies,Art,Prang Drawing Pencil Set,6469
OFF-AR-10000543,Office Supplies,Art,"BIC Pencil Sharpener, Fluorescent",6498
OFF-AR-10001752,Office Supplies,Art,"Binney & Smith Pens, Blue",6499
OFF-AR-10003759,Office Supplies,Art,"Crayola Anti Dust Chalk, 12/Pack",6511
OFF-AR-10001940,Office Supplies,Art,"Sanford Colorific Eraseable Coloring Pencils, 12 Count",6512
OFF-AR-10000185,Office Supplies,Art,"Stanley Pens, Water Color",6519
OFF-AR-10001659,Office Supplies,Art,"Boston Markers, Blue",6522
OFF-AR-10001482,Office Supplies,Art,"Stanley Markers, Easy-Erase",6535
OFF-AR-10002902,Office Supplies,Art,"Sanford Canvas, Water Color",6536
OFF-AR-10000940,Office Supplies,Art,Newell 343,6546
OFF-AR-10004739,Office Supplies,Art,"BIC Canvas, Easy-Erase",6563
OFF-AR-10004373,Office Supplies,Art,"Boston Markers, Water Color",6611
OFF-AR-10003897,Office Supplies,Art,"Stanley Pencil Sharpener, Water Color",6645
OFF-AR-10000974,Office Supplies,Art,"Stanley Pens, Fluorescent",6647
OFF-AR-10004173,Office Supplies,Art,"Stanley Pens, Easy-Erase",6648
OFF-AR-10002346,Office Supplies,Art,"Binney & Smith Pencil Sharpener, Fluorescent",6669
OFF-AR-10000465,Office Supplies,Art,"Sanford Markers, Blue",6693
OFF-STA-10003803,Office Supplies,Art,"Stanley Highlighters, Fluorescent",6709
OFF-AR-10003732,Office Supplies,Art,Newell 333,6753
OFF-AR-10003582,Office Supplies,Art,"Boston Electric Pencil Sharpener, Model 1818, Charcoal Black",6765
OFF-AR-10001915,Office Supplies,Art,Peel-Off China Markers,6774
OFF-AR-10001615,Office Supplies,Art,Newell 34,6782
OFF-AR-10002745,Office Supplies,Art,"BIC Canvas, Blue",6827
OFF-AR-10003816,Office Supplies,Art,"Binney & Smith Highlighters, Easy-Erase",6832
OFF-AR-10004042,Office Supplies,Art,"BOSTON Model 1800 Electric Pencil Sharpeners, Putty/Woodgrain",6847
OFF-AR-10004269,Office Supplies,Art,Newell 31,6851
OFF-AR-10003077,Office Supplies,Art,"Boston Markers, Fluorescent",6865
OFF-AR-10004656,Office Supplies,Art,"Boston Sketch Pad, Easy-Erase",6869
OFF-AR-10003023,Office Supplies,Art,"Stanley Highlighters, Water Color",6873
OFF-AR-10000989,Office Supplies,Art,"Binney & Smith Canvas, Blue",6891
OFF-AR-10000251,Office Supplies,Art,"Stanley Markers, Fluorescent",6892
OFF-AR-10001044,Office Supplies,Art,"BOSTON Ranger #55 Pencil Sharpener, Black",6904
OFF-AR-10001897,Office Supplies,Art,Model L Table or Wall-Mount Pencil Sharpener,6909
OFF-AR-10003461,Office Supplies,Art,"Stanley Pencil Sharpener, Easy-Erase",6929
OFF-AR-10001535,Office Supplies,Art,"Binney & Smith Sketch Pad, Blue",6930
OFF-AR-10001773,Office Supplies,Art,"Sanford Markers, Water Color",6945
OFF-AR-10004648,Office Supplies,Art,Boston 19500 Mighty Mite Electric Pencil Sharpener,6959
OFF-AR-10001955,Office Supplies,Art,Newell 319,6967
OFF-AR-10001026,Office Supplies,Art,"Sanford Uni-Blazer View Highlighters, Chisel Tip, Yellow",6972
OFF-AR-10002375,Office Supplies,Art,Newell 351,6976
OFF-AR-10002578,Office Supplies,Art,Newell 335,6978
OFF-AR-10004260,Office Supplies,Art,Boston 1799 Powerhouse Electric Pencil Sharpener,6983
OFF-AR-10001860,Office Supplies,Art,BIC Liqua Brite Liner,6984
OFF-AR-10001405,Office Supplies,Art,"Binney & Smith Highlighters, Fluorescent",7024
OFF-AR-10004651,Office Supplies,Art,"Boston Pens, Fluorescent",7025
OFF-BIN-10004569,Office Supplies,Art,"Binney & Smith Highlighters, Blue",7081
OFF-AR-10003684,Office Supplies,Art,"BIC Sketch Pad, Fluorescent",7088
OFF-AR-10000316,Office Supplies,Art,"Stanley Pens, Blue",7095
OFF-AR-10004511,Office Supplies,Art,"Sanford Colorific Scented Colored Pencils, 12/Pack",7123
OFF-AR-10001602,Office Supplies,Art,"Sanford Canvas, Water Color",7149
OFF-AR-10001427,Office Supplies,Art,Newell 330,7179
OFF-AR-10004746,Office Supplies,Art,"Binney & Smith Highlighters, Easy-Erase",7212
OFF-BIC-10004826,Office Supplies,Art,"BIC Canvas, Easy-Erase",7238
OFF-AR-10000658,Office Supplies,Art,Newell 324,7248
OFF-AR-10000266,Office Supplies,Art,"BIC Markers, Fluorescent",7259
OFF-AR-10003478,Office Supplies,Art,"Avery Hi-Liter EverBold Pen Style Fluorescent Highlighters, 4/Pack",7391
OFF-AR-10000315,Office Supplies,Art,"Dixon Ticonderoga Maple Cedar Pencil, #2",7415
OFF-AR-10000657,Office Supplies,Art,"Binney & Smith inkTank Desk Highlighter, Chisel Tip, Yellow, 12/Box",7418
OFF-AR-10004707,Office Supplies,Art,Staples,7420
OFF-AR-10003811,Office Supplies,Art,Newell 327,7433
OFF-AR-10001812,Office Supplies,Art,"Binney & Smith Markers, Easy-Erase",7444
OFF-AR-10002053,Office Supplies,Art,"Premium Writing Pencils, Soft, #2 by Central Association for the Blind",7457
OFF-AR-10001573,Office Supplies,Art,American Pencil,7528
OFF-AR-10000411,Office Supplies,Art,Boston 16701 Slimline Battery Pencil Sharpener,7540
OFF-AR-10003087,Office Supplies,Art,Staples,7553
OFF-AR-10002800,Office Supplies,Art,"Binney & Smith Pencil Sharpener, Water Color",7610
OFF-AR-10000125,Office Supplies,Art,"Boston Pens, Fluorescent",7628
OFF-AR-10000780,Office Supplies,Art,"BIC Highlighters, Easy-Erase",7646
OFF-AR-10002671,Office Supplies,Art,"Hunt BOSTON Model 1606 High-Volume Electric Pencil Sharpener, Beige",7686
OFF-AR-10004077,Office Supplies,Art,"Binney & Smith Pencil Sharpener, Water Color",7690
OFF-AR-10004748,Office Supplies,Art,"Boston Pencil Sharpener, Easy-Erase",7719
OFF-AR-10002144,Office Supplies,Art,"Stanley Pens, Blue",7784
OFF-AR-10001221,Office Supplies,Art,"Dixon Ticonderoga Erasable Colored Pencil Set, 12-Color",7834
OFF-AR-10003903,Office Supplies,Art,Sanford 52201 APSCO Electric Pencil Sharpener,7849
OFF-AR-10000804,Office Supplies,Art,"Binney & Smith Markers, Water Color",7870
OFF-AR-10001708,Office Supplies,Art,"Boston Sketch Pad, Blue",7893
OFF-AR-10002260,Office Supplies,Art,"Boston Pens, Blue",7902
OFF-AR-10001228,Office Supplies,Art,"Binney & Smith Pens, Easy-Erase",7905
OFF-AR-10002236,Office Supplies,Art,"Stanley Pencil Sharpener, Water Color",7906
OFF-AR-10003321,Office Supplies,Art,"BIC Highlighters, Water Color",7911
OFF-AR-10000676,Office Supplies,Art,"Sanford Markers, Blue",8010
OFF-AR-10004027,Office Supplies,Art,"Binney & Smith inkTank Erasable Desk Highlighter, Chisel Tip, Yellow, 12/Box",8025
OFF-AR-10003806,Office Supplies,Art,"Stanley Sketch Pad, Water Color",8071
OFF-AR-10003772,Office Supplies,Art,Boston 16750 Black Compact Battery Pencil Sharpener,8092
OFF-AR-10004691,Office Supplies,Art,Boston 1730 StandUp Electric Pencil Sharpener,8094
OFF-AR-10003794,Office Supplies,Art,"Boston Pencil Sharpener, Water Color",8126
OFF-AR-10003448,Office Supplies,Art,"Boston Markers, Water Color",8146
OFF-AR-10004990,Office Supplies,Art,"Boston Highlighters, Blue",8179
OFF-AR-10000404,Office Supplies,Art,"Stanley Pencil Sharpener, Easy-Erase",8184
OFF-AR-10001725,Office Supplies,Art,Boston Home & Office Model 2000 Electric Pencil Sharpeners,8253
OFF-AR-10003696,Office Supplies,Art,Panasonic KP-350BK Electric Pencil Sharpener with Auto Stop,8257
OFF-AR-10001868,Office Supplies,Art,Prang Dustless Chalk Sticks,8260
OFF-AR-10003876,Office Supplies,Art,"Avery Hi-Liter GlideStik Fluorescent Highlighter, Yellow Ink",8266
OFF-AR-10004219,Office Supplies,Art,"Sanford Pencil Sharpener, Easy-Erase",8308
OFF-AR-10003723,Office Supplies,Art,Avery Hi-Liter Fluorescent Desk Style Markers,8330
OFF-AR-10004344,Office Supplies,Art,Bulldog Vacuum Base Pencil Sharpener,8332
OFF-AR-10002096,Office Supplies,Art,"Binney & Smith Markers, Fluorescent",8358
OFF-AR-10003989,Office Supplies,Art,"Sanford Pencil Sharpener, Fluorescent",8377
OFF-AR-10004362,Office Supplies,Art,"Sanford Canvas, Water Color",8409
OFF-AR-10004744,Office Supplies,Art,"Binney & Smith Sketch Pad, Easy-Erase",8432
OFF-AR-10003913,Office Supplies,Art,"Binney & Smith Highlighters, Blue",8450
OFF-AR-10002939,Office Supplies,Art,"Stanley Highlighters, Water Color",8458
OFF-BIC-10003473,Office Supplies,Art,"BIC Markers, Fluorescent",8503
OFF-BOS-10002041,Office Supplies,Art,"Boston Highlighters, Water Color",8531
OFF-AR-10002240,Office Supplies,Art,Panasonic KP-150 Electric Pencil Sharpener,8545
OFF-AR-10000823,Office Supplies,Art,Newell 307,8547
OFF-AR-10001149,Office Supplies,Art,"Avery Hi-Liter Comfort Grip Fluorescent Highlighter, Yellow Ink",8548
OFF-AR-10002833,Office Supplies,Art,Newell 322,8567
OFF-AR-10003251,Office Supplies,Art,Prang Drawing Pencil Set,8577
OFF-AR-10002467,Office Supplies,Art,Dixon Ticonderoga Pencils,8581
OFF-AR-10002153,Office Supplies,Art,"Sanford Pens, Fluorescent",8587
OFF-AR-10001386,Office Supplies,Art,"Sanford Sketch Pad, Easy-Erase",8599
OFF-AR-10001053,Office Supplies,Art,"Boston Pencil Sharpener, Easy-Erase",8651
OFF-AR-10003369,Office Supplies,Art,"Stanley Canvas, Blue",8672
OFF-AR-10002036,Office Supplies,Art,"Binney & Smith Pencil Sharpener, Fluorescent",8673
OFF-AR-10002440,Office Supplies,Art,"Stanley Highlighters, Fluorescent",8699
OFF-AR-10001192,Office Supplies,Art,"Binney & Smith Canvas, Fluorescent",8716
OFF-AR-10003962,Office Supplies,Art,"Binney & Smith Highlighters, Water Color",8721
OFF-BIC-10001458,Office Supplies,Art,"BIC Highlighters, Fluorescent",8729
OFF-AR-10003021,Office Supplies,Art,"BIC Sketch Pad, Water Color",8777
OFF-AR-10002704,Office Supplies,Art,Boston 1900 Electric Pencil Sharpener,8781
OFF-AR-10000513,Office Supplies,Art,"BIC Pencil Sharpener, Easy-Erase",8868
OFF-AR-10003291,Office Supplies,Art,"BIC Canvas, Fluorescent",8894
OFF-AR-10004456,Office Supplies,Art,Panasonic KP-4ABK Battery-Operated Pencil Sharpener,8919
OFF-AR-10002067,Office Supplies,Art,Newell 334,8989
OFF-AR-10004441,Office Supplies,Art,BIC Brite Liner Highlighters,8991
OFF-AR-10004587,Office Supplies,Art,"Boston 1827 Commercial Additional Cutter, Drive Gear & Gear Rack for 1606",9011
OFF-AR-10001423,Office Supplies,Art,"BIC Canvas, Water Color",9049
OFF-AR-10001329,Office Supplies,Art,"BIC Pens, Fluorescent",9075
OFF-AR-10000347,Office Supplies,Art,"Sanford Highlighters, Easy-Erase",9088
OFF-AR-10004559,Office Supplies,Art,"Stanley Pencil Sharpener, Easy-Erase",9107
OFF-AR-10000156,Office Supplies,Art,"Binney & Smith Markers, Blue",9111
OFF-BOS-10001772,Office Supplies,Art,"Boston Markers, Easy-Erase",9126
OFF-AR-10004062,Office Supplies,Art,Staples,9157
OFF-AR-10001227,Office Supplies,Art,Newell 338,9177
OFF-AR-10001022,Office Supplies,Art,SANFORD Liquid Accent Tank-Style Highlighters,9178
OFF-AR-10002447,Office Supplies,Art,"Stanley Sketch Pad, Water Color",9238
OFF-AR-10001117,Office Supplies,Art,"Stanley Pens, Blue",9244
OFF-AR-10000681,Office Supplies,Art,"Binney & Smith Sketch Pad, Water Color",9263
OFF-AR-10002538,Office Supplies,Art,"Binney & Smith Sketch Pad, Fluorescent",9355
OFF-AR-10002499,Office Supplies,Art,"Binney & Smith Pencil Sharpener, Easy-Erase",9356
OFF-AR-10003281,Office Supplies,Art,"Stanley Highlighters, Blue",9357
OFF-AR-10001738,Office Supplies,Art,"Binney & Smith Canvas, Easy-Erase",9361
OFF-AR-10000390,Office Supplies,Art,"Stanley Pencil Sharpener, Water Color",9384
OFF-AR-10002847,Office Supplies,Art,"Stanley Pens, Water Color",9405
OFF-AR-10000614,Office Supplies,Art,"Sanford Markers, Blue",9423
OFF-AR-10001195,Office Supplies,Art,"Stanley Canvas, Water Color",9469
OFF-AR-10002517,Office Supplies,Art,"BIC Highlighters, Blue",9478
OFF-AR-10000540,Office Supplies,Art,"Binney & Smith Markers, Water Color",9494
OFF-AR-10001216,Office Supplies,Art,Newell 339,9546
OFF-AR-10000150,Office Supplies,Art,"Boston Pens, Water Color",9572
OFF-AR-10004165,Office Supplies,Art,"Binney & Smith inkTank Erasable Pocket Highlighter, Chisel Tip, Yellow",9598
OFF-AR-10001271,Office Supplies,Art,"Sanford Markers, Fluorescent",9626
OFF-AR-10004817,Office Supplies,Art,Colorific Watercolor Pencils,9663
OFF-AR-10001954,Office Supplies,Art,Newell 331,9716
OFF-BIC-10001739,Office Supplies,Art,"BIC Sketch Pad, Fluorescent",9721
OFF-AR-10003674,Office Supplies,Art,"BIC Pencil Sharpener, Water Color",9725
OFF-AR-10000399,Office Supplies,Art,"Binney & Smith Highlighters, Fluorescent",9726
OFF-AR-10003085,Office Supplies,Art,"Stanley Markers, Easy-Erase",9775
OFF-AR-10003738,Office Supplies,Art,"Boston Canvas, Fluorescent",9776
OFF-AR-10001129,Office Supplies,Art,"Stanley Pens, Easy-Erase",9808
OFF-AR-10000356,Office Supplies,Art,"Boston Highlighters, Fluorescent",9816
OFF-AR-10001231,Office Supplies,Art,"Sanford EarthWrite Recycled Pencils, Medium Soft, #2",9837
OFF-AR-10002956,Office Supplies,Art,Boston 16801 Nautilus Battery Pencil Sharpener,9838
OFF-AR-10000462,Office Supplies,Art,Sanford Pocket Accent Highlighters,9839
OFF-AR-10001177,Office Supplies,Art,Newell 349,9840
OFF-AR-10002818,Office Supplies,Art,Panasonic KP-310 Heavy-Duty Electric Pencil Sharpener,9841
OFF-AR-10003770,Office Supplies,Art,Newell 340,9892
OFF-AR-10001609,Office Supplies,Art,"Stanley Highlighters, Water Color",9947
OFF-AR-10000027,Office Supplies,Art,"Boston Pencil Sharpener, Easy-Erase",9965
OFF-AR-10000227,Office Supplies,Art,"BIC Sketch Pad, Fluorescent",9987
OFF-AR-10003978,Office Supplies,Art,"Binney & Smith Sketch Pad, Easy-Erase",10032
OFF-AR-10002714,Office Supplies,Art,"Stanley Sketch Pad, Easy-Erase",10038
OFF-AR-10004012,Office Supplies,Art,"Sanford Highlighters, Blue",10043
OFF-AR-10001879,Office Supplies,Art,"Stanley Pencil Sharpener, Fluorescent",10046
OFF-AR-10001468,Office Supplies,Art,"Sanford Prismacolor Professional Thick Lead Art Pencils, 36-Color Set",10059
OFF-AR-10000896,Office Supplies,Art,Newell 329,10061
OFF-AR-10003688,Office Supplies,Art,"Sanford Canvas, Blue",10070
OFF-AR-10000067,Office Supplies,Art,"Boston Pencil Sharpener, Water Color",10158
OFF-AR-10000401,Office Supplies,Art,"Binney & Smith Highlighters, Water Color",10167
OFF-AR-10002605,Office Supplies,Art,"Sanford Sketch Pad, Fluorescent",10178
OFF-AR-10004218,Office Supplies,Art,"BIC Pens, Fluorescent",10210
OFF-AR-10004272,Office Supplies,Art,Newell 308,10233
OFF-AR-10004049,Office Supplies,Art,"Stanley Sketch Pad, Fluorescent",10235
OFF-AR-10001696,Office Supplies,Art,"Binney & Smith Pens, Water Color",10237
OFF-AR-10003727,Office Supplies,Art,Berol Giant Pencil Sharpener,10290
OFF-AR-10001598,Office Supplies,Art,"BIC Highlighters, Easy-Erase",10292
OFF-AR-10003685,Office Supplies,Art,"Stanley Canvas, Water Color",10340
OFF-AR-10004961,Office Supplies,Art,"Sanford Sketch Pad, Easy-Erase",10358
OFF-AR-10004215,Office Supplies,Art,"Binney & Smith Canvas, Fluorescent",10368
OFF-AR-10001166,Office Supplies,Art,Staples,10394
OFF-AR-10000733,Office Supplies,Art,"Binney & Smith Canvas, Fluorescent",10414
OFF-AR-10003896,Office Supplies,Art,"Stride Job 150 Highlighters, Chisel Tip, Assorted Colors",10433
OFF-AR-10003620,Office Supplies,Art,"Boston Pencil Sharpener, Water Color",10480
OFF-AR-10001074,Office Supplies,Art,"Sanford Highlighters, Blue",10499
OFF-BOS-10001753,Office Supplies,Art,"Boston Highlighters, Water Color",10503
OFF-AR-10000706,Office Supplies,Art,"Sanford Highlighters, Fluorescent",10513
OFF-AR-10001244,Office Supplies,Art,"BIC Canvas, Easy-Erase",10528
OFF-AR-10001570,Office Supplies,Art,"Sanford Canvas, Water Color",10547
OFF-AR-10001107,Office Supplies,Art,"BIC Highlighters, Water Color",10560
OFF-AR-10000293,Office Supplies,Art,"BIC Sketch Pad, Water Color",10599
OFF-AR-10001571,Office Supplies,Art,"Stanley Pens, Blue",10620
OFF-AR-10000925,Office Supplies,Art,"Stanley Canvas, Easy-Erase",10629
OFF-AR-10004918,Office Supplies,Art,"Binney & Smith Pens, Fluorescent",10651
OFF-AR-10003557,Office Supplies,Art,"Boston Highlighters, Easy-Erase",10654
OFF-AR-10000340,Office Supplies,Art,"Boston Pens, Water Color",10697
OFF-AR-10004552,Office Supplies,Art,"Boston Markers, Blue",10717
OFF-AR-10001654,Office Supplies,Art,"Stanley Highlighters, Fluorescent",10727
OFF-AR-10003890,Office Supplies,Art,"Binney & Smith Pens, Blue",10739
OFF-ST-10000288,Office Supplies,Storage,"Fellowes Lockers, Industrial",16
OFF-SME-10001718,Office Supplies,Storage,"Smead Box, Industrial",39
OFF-FEL-10002867,Office Supplies,Storage,"Fellowes Lockers, Single Width",46
OFF-ELD-10002578,Office Supplies,Storage,"Eldon Box, Single Width",59
OFF-ST-10002759,Office Supplies,Storage,"Eldon Shelving, Industrial",62
OFF-FEL-10002399,Office Supplies,Storage,"Fellowes Box, Blue",63
OFF-ROG-10004646,Office Supplies,Storage,"Rogers File Cart, Blue",70
OFF-ELD-10003918,Office Supplies,Storage,"Eldon Folders, Wire Frame",90
OFF-TEN-10004270,Office Supplies,Storage,"Tenex File Cart, Single Width",95
OFF-ROG-10003898,Office Supplies,Storage,"Rogers Lockers, Single Width",96
OFF-FEL-10001261,Office Supplies,Storage,"Fellowes File Cart, Blue",98
OFF-SME-10000538,Office Supplies,Storage,"Smead File Cart, Single Width",99
OFF-TEN-10001480,Office Supplies,Storage,"Tenex Trays, Single Width",105
OFF-ELD-10003181,Office Supplies,Storage,"Eldon Box, Industrial",107
OFF-FEL-10002837,Office Supplies,Storage,"Fellowes Folders, Single Width",121
OFF-TEN-10000025,Office Supplies,Storage,"Tenex Lockers, Blue",189
OFF-ROG-10004393,Office Supplies,Storage,"Rogers Folders, Industrial",201
OFF-TEN-10000703,Office Supplies,Storage,"Tenex Trays, Blue",210
OFF-SME-10004370,Office Supplies,Storage,"Smead File Cart, Blue",211
OFF-ST-10001346,Office Supplies,Storage,"Smead File Cart, Industrial",271
OFF-TEN-10002065,Office Supplies,Storage,"Tenex Shelving, Industrial",292
OFF-SME-10004702,Office Supplies,Storage,"Smead File Cart, Industrial",309
OFF-SME-10003134,Office Supplies,Storage,"Smead Box, Single Width",310
OFF-ST-10004280,Office Supplies,Storage,"Eldon Trays, Industrial",356
OFF-ST-10001719,Office Supplies,Storage,"Tenex Trays, Industrial",357
OFF-ST-10001755,Office Supplies,Storage,"Smead Lockers, Single Width",360
OFF-ST-10004325,Office Supplies,Storage,"Eldon Box, Single Width",367
OFF-ST-10003088,Office Supplies,Storage,"Fellowes Box, Wire Frame",368
OFF-ST-10000007,Office Supplies,Storage,"Fellowes File Cart, Single Width",389
OFF-ST-10004315,Office Supplies,Storage,"Rogers Lockers, Blue",391
OFF-ST-10004346,Office Supplies,Storage,"Tenex Shelving, Single Width",398
OFF-ST-10000704,Office Supplies,Storage,"Rogers File Cart, Blue",409
OFF-ST-10000107,Office Supplies,Storage,"Eldon File Cart, Industrial",419
OFF-ST-10003206,Office Supplies,Storage,"Eldon Shelving, Blue",426
OFF-ST-10004365,Office Supplies,Storage,"Fellowes Shelving, Wire Frame",428
OFF-ST-10004608,Office Supplies,Storage,"Smead Shelving, Industrial",431
OFF-ST-10000752,Office Supplies,Storage,"Fellowes File Cart, Wire Frame",443
OFF-ST-10002499,Office Supplies,Storage,"Fellowes Shelving, Single Width",452
OFF-ELD-10001293,Office Supplies,Storage,"Eldon Box, Wire Frame",489
OFF-SME-10001853,Office Supplies,Storage,"Smead Folders, Blue",490
OFF-ST-10004857,Office Supplies,Storage,"Smead Folders, Single Width",493
OFF-ST-10001255,Office Supplies,Storage,"Fellowes Trays, Single Width",495
OFF-FEL-10001865,Office Supplies,Storage,"Fellowes File Cart, Wire Frame",500
OFF-ST-10003017,Office Supplies,Storage,"Tenex Box, Industrial",523
OFF-ST-10002706,Office Supplies,Storage,"Fellowes File Cart, Wire Frame",547
OFF-FEL-10004016,Office Supplies,Storage,"Fellowes Shelving, Blue",552
OFF-ROG-10002294,Office Supplies,Storage,"Rogers File Cart, Single Width",553
OFF-FEL-10003848,Office Supplies,Storage,"Fellowes Trays, Industrial",559
OFF-ROG-10001340,Office Supplies,Storage,"Rogers File Cart, Industrial",597
OFF-FEL-10001405,Office Supplies,Storage,"Fellowes File Cart, Industrial",598
OFF-ST-10000268,Office Supplies,Storage,"Smead Box, Blue",605
OFF-ST-10000485,Office Supplies,Storage,"Fellowes Folders, Single Width",628
OFF-ST-10002574,Office Supplies,Storage,"SAFCO Commercial Wire Shelving, Black",647
OFF-ST-10000142,Office Supplies,Storage,Deluxe Rollaway Locking File with Drawer,652
OFF-FEL-10004224,Office Supplies,Storage,"Fellowes Trays, Wire Frame",660
OFF-ELD-10002199,Office Supplies,Storage,"Eldon File Cart, Single Width",664
OFF-TEN-10000433,Office Supplies,Storage,"Tenex Lockers, Wire Frame",665
OFF-ROG-10002682,Office Supplies,Storage,"Rogers Box, Industrial",666
OFF-FEL-10004665,Office Supplies,Storage,"Fellowes Lockers, Blue",671
OFF-SME-10003752,Office Supplies,Storage,"Smead File Cart, Single Width",684
OFF-SME-10000335,Office Supplies,Storage,"Smead Box, Wire Frame",696
OFF-FEL-10001792,Office Supplies,Storage,"Fellowes Folders, Wire Frame",716
OFF-ST-10002340,Office Supplies,Storage,"Fellowes Shelving, Industrial",734
OFF-ST-10001576,Office Supplies,Storage,"Tenex Folders, Blue",735
OFF-ST-10003953,Office Supplies,Storage,"Smead File Cart, Industrial",742
OFF-ST-10002240,Office Supplies,Storage,"Fellowes Shelving, Blue",748
OFF-ST-10003123,Office Supplies,Storage,Fellowes Bases and Tops For Staxonsteel/High-Stak Systems,766
OFF-ST-10000615,Office Supplies,Storage,"SimpliFile Personal File, Black Granite, 15w x 6-15/16d x 11-1/4h",769
OFF-ST-10003058,Office Supplies,Storage,Eldon Mobile Mega Data Cart  Mega Stackable  Add-On Trays,771
OFF-ST-10003141,Office Supplies,Storage,"Fellowes Trays, Industrial",790
OFF-ST-10001460,Office Supplies,Storage,"Smead Trays, Industrial",802
OFF-ST-10004337,Office Supplies,Storage,"SAFCO Commercial Wire Shelving, 72h",811
OFF-ST-10002444,Office Supplies,Storage,Recycled Eldon Regeneration Jumbo File,812
OFF-ST-10001558,Office Supplies,Storage,Acco Perma 4000 Stacking Storage Drawers,813
OFF-FEL-10000070,Office Supplies,Storage,"Fellowes Box, Industrial",815
OFF-TEN-10000360,Office Supplies,Storage,"Tenex Folders, Wire Frame",817
OFF-FEL-10003785,Office Supplies,Storage,"Fellowes Shelving, Industrial",818
OFF-ELD-10000845,Office Supplies,Storage,"Eldon Lockers, Wire Frame",830
OFF-SME-10001652,Office Supplies,Storage,"Smead Trays, Wire Frame",831
OFF-ROG-10003733,Office Supplies,Storage,"Rogers Folders, Wire Frame",832
OFF-ROG-10002279,Office Supplies,Storage,"Rogers Box, Blue",833
OFF-ROG-10004949,Office Supplies,Storage,"Rogers Shelving, Industrial",834
OFF-FEL-10004974,Office Supplies,Storage,"Fellowes Folders, Industrial",841
OFF-FEL-10002158,Office Supplies,Storage,"Fellowes Folders, Blue",844
OFF-ELD-10000967,Office Supplies,Storage,"Eldon Folders, Industrial",845
OFF-SME-10002823,Office Supplies,Storage,"Smead Trays, Blue",850
OFF-ELD-10001477,Office Supplies,Storage,"Eldon Lockers, Single Width",851
OFF-TEN-10004210,Office Supplies,Storage,"Tenex Trays, Wire Frame",871
OFF-ROG-10001549,Office Supplies,Storage,"Rogers Shelving, Blue",872
OFF-TEN-10004194,Office Supplies,Storage,"Tenex File Cart, Single Width",919
OFF-SME-10004160,Office Supplies,Storage,"Smead Folders, Wire Frame",920
OFF-TEN-10000894,Office Supplies,Storage,"Tenex Folders, Single Width",929
OFF-TEN-10000794,Office Supplies,Storage,"Tenex Shelving, Wire Frame",930
OFF-ST-10001358,Office Supplies,Storage,"Rogers Folders, Wire Frame",950
OFF-ST-10004739,Office Supplies,Storage,"Rogers Folders, Industrial",952
OFF-ELD-10001832,Office Supplies,Storage,"Eldon Shelving, Single Width",999
OFF-TEN-10000827,Office Supplies,Storage,"Tenex File Cart, Industrial",1000
OFF-ST-10002263,Office Supplies,Storage,"Rogers Trays, Wire Frame",1007
OFF-ST-10000095,Office Supplies,Storage,"Fellowes File Cart, Industrial",1009
OFF-ST-10004409,Office Supplies,Storage,"Rogers Box, Industrial",1013
OFF-ST-10003446,Office Supplies,Storage,"Smead Trays, Single Width",1017
OFF-ST-10002605,Office Supplies,Storage,"Smead Box, Wire Frame",1022
OFF-ST-10001426,Office Supplies,Storage,"Eldon Folders, Single Width",1031
OFF-ST-10002622,Office Supplies,Storage,"Smead File Cart, Single Width",1032
OFF-ST-10004382,Office Supplies,Storage,"Smead Folders, Blue",1035
OFF-ST-10001366,Office Supplies,Storage,"Rogers Folders, Wire Frame",1050
OFF-ST-10002499,Office Supplies,Storage,"Eldon File Cart, Single Width",1066
OFF-ST-10001010,Office Supplies,Storage,"Fellowes Lockers, Industrial",1070
OFF-ST-10004412,Office Supplies,Storage,"Smead Shelving, Wire Frame",1071
OFF-ST-10000496,Office Supplies,Storage,"Tenex Folders, Wire Frame",1072
OFF-ST-10004631,Office Supplies,Storage,"Rogers Trays, Industrial",1073
OFF-ST-10004837,Office Supplies,Storage,"Eldon File Cart, Single Width",1079
OFF-ST-10002175,Office Supplies,Storage,"Fellowes Lockers, Single Width",1099
OFF-ST-10002292,Office Supplies,Storage,"Fellowes Lockers, Single Width",1116
OFF-ST-10000351,Office Supplies,Storage,"Smead Shelving, Wire Frame",1117
OFF-ST-10002506,Office Supplies,Storage,"Smead Lockers, Blue",1131
OFF-ST-10001547,Office Supplies,Storage,"Rogers Lockers, Industrial",1153
OFF-ST-10002905,Office Supplies,Storage,"Rogers Box, Single Width",1154
OFF-ST-10000875,Office Supplies,Storage,"Smead Shelving, Single Width",1155
OFF-ST-10001213,Office Supplies,Storage,"Smead Shelving, Industrial",1157
OFF-ST-10004191,Office Supplies,Storage,"Tenex Lockers, Blue",1162
OFF-ST-10000643,Office Supplies,Storage,"Eldon Trays, Industrial",1171
OFF-ST-10001128,Office Supplies,Storage,"Carina Mini System Audio Rack, Model AR050B",1185
OFF-ST-10000636,Office Supplies,Storage,Rogers Profile Extra Capacity Storage Tub,1189
OFF-ST-10001780,Office Supplies,Storage,Tennsco 16-Compartment Lockers with Coat Rack,1191
OFF-ST-10001526,Office Supplies,Storage,Iceberg Mobile Mega Data/Printer Cart,1192
OFF-ST-10000103,Office Supplies,Storage,"Smead Lockers, Industrial",1218
OFF-TEN-10003211,Office Supplies,Storage,"Tenex Box, Wire Frame",1227
OFF-ST-10004634,Office Supplies,Storage,"Personal Folder Holder, Ebony",1232
OFF-ST-10001646,Office Supplies,Storage,"Fellowes Box, Wire Frame",1258
OFF-TEN-10001129,Office Supplies,Storage,"Tenex Shelving, Blue",1289
OFF-SME-10001745,Office Supplies,Storage,"Smead Shelving, Blue",1290
OFF-SME-10000746,Office Supplies,Storage,"Smead Lockers, Industrial",1291
OFF-SME-10003530,Office Supplies,Storage,"Smead Lockers, Wire Frame",1299
OFF-TEN-10001031,Office Supplies,Storage,"Tenex Shelving, Single Width",1300
OFF-FEL-10000998,Office Supplies,Storage,"Fellowes Box, Single Width",1326
OFF-ROG-10000566,Office Supplies,Storage,"Rogers Trays, Single Width",1332
OFF-TEN-10003948,Office Supplies,Storage,"Tenex Box, Blue",1337
OFF-SME-10001149,Office Supplies,Storage,"Smead Folders, Single Width",1341
OFF-ST-10000624,Office Supplies,Storage,"Eldon File Cart, Single Width",1349
OFF-FEL-10001343,Office Supplies,Storage,"Fellowes Box, Wire Frame",1382
OFF-TEN-10003127,Office Supplies,Storage,"Tenex Box, Industrial",1389
OFF-ROG-10003300,Office Supplies,Storage,"Rogers Box, Wire Frame",1394
OFF-ELD-10003038,Office Supplies,Storage,"Eldon Shelving, Blue",1410
OFF-ST-10001590,Office Supplies,Storage,"Eldon Folders, Blue",1439
OFF-ST-10004381,Office Supplies,Storage,"Smead Lockers, Industrial",1440
OFF-ST-10001172,Office Supplies,Storage,"Fellowes Trays, Wire Frame",1441
OFF-ST-10003295,Office Supplies,Storage,"Tenex Lockers, Blue",1465
OFF-ST-10004668,Office Supplies,Storage,"Smead Trays, Industrial",1466
OFF-ST-10000078,Office Supplies,Storage,"Eldon Trays, Single Width",1472
OFF-ST-10000886,Office Supplies,Storage,"Smead Lockers, Wire Frame",1476
OFF-ST-10003132,Office Supplies,Storage,"Fellowes Box, Blue",1487
OFF-ST-10004695,Office Supplies,Storage,"Fellowes File Cart, Blue",1488
OFF-ST-10001974,Office Supplies,Storage,"Rogers File Cart, Industrial",1501
OFF-ST-10004377,Office Supplies,Storage,"Rogers File Cart, Single Width",1506
OFF-ST-10001562,Office Supplies,Storage,"Fellowes Box, Industrial",1507
OFF-ST-10004841,Office Supplies,Storage,"Eldon Box, Blue",1525
OFF-ST-10000355,Office Supplies,Storage,"Eldon Box, Wire Frame",1539
OFF-ST-10003835,Office Supplies,Storage,"Rogers Folders, Single Width",1546
OFF-ST-10002423,Office Supplies,Storage,"Smead Shelving, Single Width",1554
OFF-ST-10004800,Office Supplies,Storage,"Eldon Folders, Industrial",1571
OFF-ST-10000645,Office Supplies,Storage,"Tenex File Cart, Industrial",1579
OFF-ST-10004976,Office Supplies,Storage,"Rogers Lockers, Blue",1581
OFF-ST-10001227,Office Supplies,Storage,"Eldon Folders, Wire Frame",1585
OFF-ST-10003344,Office Supplies,Storage,"Rogers Folders, Blue",1590
OFF-ST-10004432,Office Supplies,Storage,"Fellowes Folders, Blue",1601
OFF-ST-10002957,Office Supplies,Storage,Sterilite Show Offs Storage Containers,1643
OFF-ST-10001511,Office Supplies,Storage,Space Solutions Commercial Steel Shelving,1646
OFF-ST-10001326,Office Supplies,Storage,"Tenex Shelving, Single Width",1671
OFF-FEL-10001630,Office Supplies,Storage,"Fellowes Lockers, Industrial",1682
OFF-FEL-10004117,Office Supplies,Storage,"Fellowes Trays, Blue",1683
OFF-ST-10003952,Office Supplies,Storage,"Rogers Trays, Single Width",1691
OFF-ROG-10000191,Office Supplies,Storage,"Rogers Lockers, Wire Frame",1719
OFF-ROG-10000332,Office Supplies,Storage,"Rogers Box, Single Width",1744
OFF-ST-10003111,Office Supplies,Storage,"Eldon Trays, Single Width",1781
OFF-ST-10001858,Office Supplies,Storage,"Tenex Shelving, Single Width",1784
OFF-ST-10004342,Office Supplies,Storage,"Eldon Box, Industrial",1789
OFF-ST-10002900,Office Supplies,Storage,"Smead Lockers, Wire Frame",1807
OFF-ST-10003208,Office Supplies,Storage,Adjustable Depth Letter/Legal Cart,1815
OFF-ST-10003716,Office Supplies,Storage,Tennsco Double-Tier Lockers,1820
OFF-ST-10002214,Office Supplies,Storage,X-Rack File for Hanging Folders,1822
OFF-ST-10000649,Office Supplies,Storage,Hanging Personal Folder File,1823
OFF-ST-10000321,Office Supplies,Storage,Akro Stacking Bins,1849
OFF-ST-10001490,Office Supplies,Storage,"Hot File 7-Pocket, Floor Stand",1854
OFF-ST-10000352,Office Supplies,Storage,Acco Perma 2700 Stacking Storage Drawers,1862
OFF-ST-10003305,Office Supplies,Storage,"Rogers Box, Blue",1879
OFF-ST-10002233,Office Supplies,Storage,"Smead Trays, Single Width",1891
OFF-ST-10004267,Office Supplies,Storage,"Smead File Cart, Single Width",1941
OFF-ST-10002301,Office Supplies,Storage,Tennsco Commercial Shelving,1951
OFF-ST-10003204,Office Supplies,Storage,"Tenex Trays, Industrial",1957
OFF-ROG-10001399,Office Supplies,Storage,"Rogers Shelving, Single Width",1963
OFF-ROG-10001418,Office Supplies,Storage,"Rogers Trays, Wire Frame",1981
OFF-ELD-10002279,Office Supplies,Storage,"Eldon Shelving, Industrial",1992
OFF-SME-10004553,Office Supplies,Storage,"Smead Lockers, Blue",1994
OFF-ST-10001228,Office Supplies,Storage,Personal File Boxes with Fold-Down Carry Handle,2014
OFF-ST-10004046,Office Supplies,Storage,"Fellowes Box, Single Width",2065
OFF-ST-10003102,Office Supplies,Storage,"Rogers Lockers, Single Width",2066
OFF-ST-10001713,Office Supplies,Storage,"Gould Plastics 9-Pocket Panel Bin, 18-3/8w x 5-1/4d x 20-1/2h, Black",2075
OFF-ST-10001469,Office Supplies,Storage,Fellowes Bankers Box Recycled Super Stor/Drawer,2079
OFF-ST-10001173,Office Supplies,Storage,"Eldon Trays, Industrial",2138
OFF-ST-10000806,Office Supplies,Storage,"Fellowes Shelving, Industrial",2140
OFF-ST-10002042,Office Supplies,Storage,"Fellowes Folders, Industrial",2211
OFF-ST-10001195,Office Supplies,Storage,"Smead Box, Wire Frame",2222
OFF-ST-10002566,Office Supplies,Storage,"Tenex Lockers, Wire Frame",2223
OFF-ST-10002437,Office Supplies,Storage,"Eldon Trays, Blue",2224
OFF-ST-10004228,Office Supplies,Storage,"Tenex Shelving, Industrial",2232
OFF-ST-10001370,Office Supplies,Storage,Sensible Storage WireTech Storage Systems,2269
OFF-ST-10001963,Office Supplies,Storage,Tennsco Regal Shelving Units,2271
OFF-ST-10003638,Office Supplies,Storage,Mobile Personal File Cube,2273
OFF-ST-10002974,Office Supplies,Storage,"Trav-L-File Heavy-Duty Shuttle II, Black",2277
OFF-ST-10001522,Office Supplies,Storage,"Gould Plastics 18-Pocket Panel Bin, 34w x 5-1/4d x 20-1/2h",2284
OFF-ST-10002406,Office Supplies,Storage,Pizazz Global Quick File,2288
OFF-ST-10004340,Office Supplies,Storage,"Fellowes Mobile File Cart, Black",2296
OFF-ST-10000107,Office Supplies,Storage,Fellowes Super Stor/Drawer,2309
OFF-ST-10000025,Office Supplies,Storage,Fellowes Stor/Drawer Steel Plus Storage Drawers,2311
OFF-ST-10004180,Office Supplies,Storage,Safco Commercial Shelving,2320
OFF-ST-10004507,Office Supplies,Storage,Advantus Rolling Storage Box,2325
OFF-ST-10002344,Office Supplies,Storage,"Carina 42""Hx23 3/4""W Media Storage Unit",2326
OFF-ST-10004060,Office Supplies,Storage,"Eldon Lockers, Single Width",2333
OFF-ST-10004550,Office Supplies,Storage,"Fellowes Folders, Wire Frame",2355
OFF-ST-10001413,Office Supplies,Storage,"Rogers Folders, Blue",2356
OFF-ST-10003995,Office Supplies,Storage,"Eldon File Cart, Single Width",2361
OFF-ST-10004646,Office Supplies,Storage,"Fellowes Lockers, Blue",2385
OFF-ST-10002538,Office Supplies,Storage,"Rogers File Cart, Single Width",2386
OFF-ELD-10001037,Office Supplies,Storage,"Eldon Trays, Wire Frame",2402
OFF-SME-10002740,Office Supplies,Storage,"Smead Lockers, Single Width",2403
OFF-ST-10003810,Office Supplies,Storage,"Tenex Box, Single Width",2422
OFF-ST-10000922,Office Supplies,Storage,"Eldon File Cart, Blue",2441
OFF-ST-10002800,Office Supplies,Storage,"Tenex Folders, Industrial",2447
OFF-FEL-10001776,Office Supplies,Storage,"Fellowes File Cart, Single Width",2462
OFF-ST-10003164,Office Supplies,Storage,"Fellowes Box, Wire Frame",2467
OFF-ROG-10003993,Office Supplies,Storage,"Rogers File Cart, Single Width",2480
OFF-FEL-10001796,Office Supplies,Storage,"Fellowes Trays, Single Width",2481
OFF-ELD-10000024,Office Supplies,Storage,"Eldon Folders, Blue",2490
OFF-ROG-10001735,Office Supplies,Storage,"Rogers Lockers, Blue",2493
OFF-TEN-10001585,Office Supplies,Storage,"Tenex Box, Single Width",2497
OFF-SME-10000880,Office Supplies,Storage,"Smead Box, Blue",2514
OFF-ST-10000622,Office Supplies,Storage,"Rogers File Cart, Single Width",2571
OFF-ST-10003121,Office Supplies,Storage,"Rogers Box, Industrial",2577
OFF-ST-10000290,Office Supplies,Storage,"Rogers Folders, Single Width",2591
OFF-TEN-10003089,Office Supplies,Storage,"Tenex File Cart, Blue",2612
OFF-ELD-10000124,Office Supplies,Storage,"Eldon Trays, Single Width",2620
OFF-ST-10004768,Office Supplies,Storage,"Eldon Lockers, Industrial",2631
OFF-ST-10001567,Office Supplies,Storage,"Smead File Cart, Single Width",2632
OFF-ST-10004019,Office Supplies,Storage,"Rogers Folders, Single Width",2644
OFF-ST-10000877,Office Supplies,Storage,Recycled Steel Personal File for Standard File Folders,2673
OFF-ST-10002151,Office Supplies,Storage,"Eldon Box, Blue",2712
OFF-ELD-10002297,Office Supplies,Storage,"Eldon Lockers, Blue",2713
OFF-ELD-10002240,Office Supplies,Storage,"Eldon Shelving, Wire Frame",2719
OFF-ST-10003528,Office Supplies,Storage,"Fellowes Folders, Wire Frame",2754
OFF-ST-10002791,Office Supplies,Storage,"Tenex Shelving, Blue",2755
OFF-ST-10003907,Office Supplies,Storage,"Rogers Shelving, Wire Frame",2756
OFF-ST-10003154,Office Supplies,Storage,"Fellowes Shelving, Industrial",2790
OFF-ST-10000016,Office Supplies,Storage,"Eldon Folders, Blue",2791
OFF-ST-10004847,Office Supplies,Storage,"Tenex File Cart, Blue",2804
OFF-ST-10004331,Office Supplies,Storage,"Eldon Folders, Single Width",2807
OFF-ST-10001357,Office Supplies,Storage,"Eldon Lockers, Single Width",2810
OFF-ST-10003837,Office Supplies,Storage,"Tenex Lockers, Single Width",2814
OFF-ST-10003203,Office Supplies,Storage,"Eldon Lockers, Wire Frame",2815
OFF-ST-10004464,Office Supplies,Storage,"Eldon Trays, Blue",2828
OFF-ST-10004015,Office Supplies,Storage,"Smead Trays, Blue",2911
OFF-ST-10000542,Office Supplies,Storage,"Fellowes Folders, Industrial",2912
OFF-ST-10000546,Office Supplies,Storage,"Tenex Lockers, Wire Frame",2913
OFF-ST-10002714,Office Supplies,Storage,"Eldon Box, Industrial",2914
OFF-ST-10001342,Office Supplies,Storage,"Fellowes Trays, Blue",2939
OFF-ST-10003150,Office Supplies,Storage,"Smead Lockers, Wire Frame",2940
OFF-ST-10003606,Office Supplies,Storage,"Smead Box, Single Width",2941
OFF-ST-10003256,Office Supplies,Storage,"Eldon Shelving, Wire Frame",2981
OFF-ST-10002505,Office Supplies,Storage,"Tenex Box, Wire Frame",2982
OFF-ST-10003020,Office Supplies,Storage,"Tenex Lockers, Industrial",2986
OFF-ST-10004576,Office Supplies,Storage,"Rogers File Cart, Single Width",3008
OFF-ST-10002161,Office Supplies,Storage,"Tenex Trays, Single Width",3017
OFF-ST-10000948,Office Supplies,Storage,"Fellowes Box, Blue",3021
OFF-ST-10000344,Office Supplies,Storage,"Fellowes Box, Industrial",3027
OFF-ST-10003306,Office Supplies,Storage,"Eldon File Cart, Single Width",3057
OFF-ST-10001758,Office Supplies,Storage,"Rogers Lockers, Blue",3121
OFF-ST-10003266,Office Supplies,Storage,"Tenex Lockers, Industrial",3122
OFF-ST-10002608,Office Supplies,Storage,"Eldon Box, Industrial",3124
OFF-ST-10002539,Office Supplies,Storage,"Fellowes Shelving, Single Width",3130
OFF-ST-10001142,Office Supplies,Storage,"Smead Folders, Wire Frame",3131
OFF-ST-10001954,Office Supplies,Storage,"Rogers Shelving, Wire Frame",3132
OFF-ST-10002714,Office Supplies,Storage,"Tenex Shelving, Blue",3179
OFF-ST-10004930,Office Supplies,Storage,"Tenex Trays, Single Width",3185
OFF-ST-10003760,Office Supplies,Storage,"Eldon Trays, Blue",3194
OFF-ST-10000990,Office Supplies,Storage,"Eldon Lockers, Single Width",3215
OFF-ST-10000300,Office Supplies,Storage,"Eldon Folders, Wire Frame",3229
OFF-FEL-10001541,Office Supplies,Storage,"Fellowes Lockers, Wire Frame",3237
OFF-ELD-10000819,Office Supplies,Storage,"Eldon Trays, Industrial",3241
OFF-SME-10002417,Office Supplies,Storage,"Smead Trays, Single Width",3244
OFF-ELD-10000151,Office Supplies,Storage,"Eldon File Cart, Industrial",3250
OFF-ST-10002555,Office Supplies,Storage,"Eldon Lockers, Industrial",3265
OFF-ST-10002343,Office Supplies,Storage,"Smead Trays, Blue",3283
OFF-ST-10004296,Office Supplies,Storage,"Rogers Box, Single Width",3286
OFF-ST-10004532,Office Supplies,Storage,"Tenex File Cart, Single Width",3291
OFF-ST-10004368,Office Supplies,Storage,"Tenex Trays, Industrial",3293
OFF-ST-10000154,Office Supplies,Storage,"Smead Box, Single Width",3335
OFF-ST-10002352,Office Supplies,Storage,Iris Project Case,3342
OFF-ST-10004097,Office Supplies,Storage,"Tenex Box, Wire Frame",3345
OFF-ST-10000486,Office Supplies,Storage,"Rogers Trays, Industrial",3350
OFF-ST-10001554,Office Supplies,Storage,"Eldon Folders, Industrial",3371
OFF-ST-10001186,Office Supplies,Storage,"Rogers Trays, Industrial",3375
OFF-ST-10001752,Office Supplies,Storage,"Tenex Shelving, Wire Frame",3376
OFF-FEL-10002658,Office Supplies,Storage,"Fellowes Shelving, Wire Frame",3403
OFF-ST-10002756,Office Supplies,Storage,"Tennsco Stur-D-Stor Boltless Shelving, 5 Shelves, 24"" Deep, Sand",3462
OFF-ST-10002250,Office Supplies,Storage,"Smead Folders, Industrial",3497
OFF-ST-10000892,Office Supplies,Storage,"Tenex Trays, Wire Frame",3525
OFF-FEL-10002897,Office Supplies,Storage,"Fellowes Shelving, Single Width",3545
OFF-ROG-10002132,Office Supplies,Storage,"Rogers Lockers, Industrial",3563
OFF-ST-10004317,Office Supplies,Storage,"Smead Folders, Blue",3577
OFF-ST-10000952,Office Supplies,Storage,"Smead File Cart, Blue",3578
OFF-ST-10000020,Office Supplies,Storage,"Fellowes Folders, Single Width",3630
OFF-ST-10004035,Office Supplies,Storage,"Rogers Box, Wire Frame",3631
OFF-ST-10001554,Office Supplies,Storage,"Tenex File Cart, Industrial",3632
OFF-ST-10004996,Office Supplies,Storage,"Tenex Trays, Blue",3633
OFF-ST-10004702,Office Supplies,Storage,"Eldon Box, Single Width",3634
OFF-ST-10003335,Office Supplies,Storage,"Smead Box, Blue",3635
OFF-ST-10003641,Office Supplies,Storage,"Fellowes Trays, Wire Frame",3649
OFF-ST-10000988,Office Supplies,Storage,"Fellowes Folders, Blue",3657
OFF-ST-10000130,Office Supplies,Storage,"Eldon Trays, Wire Frame",3658
OFF-ST-10004367,Office Supplies,Storage,"Rogers Trays, Blue",3659
OFF-ST-10003956,Office Supplies,Storage,"Rogers Trays, Single Width",3660
OFF-ST-10001478,Office Supplies,Storage,"Tenex File Cart, Single Width",3661
OFF-ST-10002271,Office Supplies,Storage,"Rogers Shelving, Wire Frame",3684
OFF-ST-10002659,Office Supplies,Storage,"Smead Shelving, Wire Frame",3713
OFF-ST-10000520,Office Supplies,Storage,"Eldon Folders, Blue",3715
OFF-ST-10003990,Office Supplies,Storage,"Smead Folders, Single Width",3717
OFF-ST-10000710,Office Supplies,Storage,"Smead Shelving, Blue",3720
OFF-ST-10002822,Office Supplies,Storage,"Tenex File Cart, Blue",3739
OFF-ST-10000689,Office Supplies,Storage,"Fellowes Strictly Business Drawer File, Letter/Legal Size",3747
OFF-ST-10001513,Office Supplies,Storage,"Fellowes Folders, Blue",3762
OFF-ST-10004160,Office Supplies,Storage,"Tenex Trays, Wire Frame",3763
OFF-ST-10003489,Office Supplies,Storage,"Smead Shelving, Wire Frame",3764
OFF-ST-10003445,Office Supplies,Storage,"Rogers Folders, Industrial",3778
OFF-ST-10001222,Office Supplies,Storage,"Eldon Shelving, Single Width",3819
OFF-ST-10003153,Office Supplies,Storage,"Tenex File Cart, Single Width",3828
OFF-ST-10004296,Office Supplies,Storage,"Smead Folders, Industrial",3829
OFF-ST-10004382,Office Supplies,Storage,"Tenex Folders, Industrial",3833
OFF-ST-10004489,Office Supplies,Storage,"Smead Lockers, Single Width",3864
OFF-ST-10002522,Office Supplies,Storage,"Tenex Folders, Blue",3875
OFF-ST-10003147,Office Supplies,Storage,"Tenex Box, Blue",3880
OFF-ST-10002354,Office Supplies,Storage,"Eldon Lockers, Wire Frame",3898
OFF-ST-10000648,Office Supplies,Storage,"Eldon File Cart, Industrial",3899
OFF-ST-10000872,Office Supplies,Storage,"Fellowes File Cart, Single Width",3917
OFF-ROG-10002866,Office Supplies,Storage,"Rogers Folders, Blue",3941
OFF-ST-10000675,Office Supplies,Storage,"File Shuttle II and Handi-File, Black",3955
OFF-ST-10000035,Office Supplies,Storage,"Tenex Folders, Industrial",3964
OFF-ST-10000127,Office Supplies,Storage,"Fellowes Shelving, Wire Frame",4001
OFF-ST-10001648,Office Supplies,Storage,"Tenex Shelving, Blue",4002
OFF-ST-10000085,Office Supplies,Storage,"Rogers File Cart, Single Width",4008
OFF-ST-10004183,Office Supplies,Storage,"Rogers Trays, Wire Frame",4023
OFF-ST-10000880,Office Supplies,Storage,"Rogers Box, Blue",4038
OFF-ST-10003929,Office Supplies,Storage,"Tenex Lockers, Blue",4039
OFF-ST-10003858,Office Supplies,Storage,"Fellowes File Cart, Single Width",4050
OFF-ST-10003997,Office Supplies,Storage,"Fellowes File Cart, Industrial",4054
OFF-ST-10004293,Office Supplies,Storage,"Rogers Shelving, Industrial",4056
OFF-ST-10000242,Office Supplies,Storage,"Fellowes Folders, Wire Frame",4070
OFF-ST-10000442,Office Supplies,Storage,"Rogers Box, Wire Frame",4071
OFF-ST-10004060,Office Supplies,Storage,"Fellowes Lockers, Blue",4113
OFF-ST-10001173,Office Supplies,Storage,"Eldon Folders, Industrial",4137
OFF-ST-10001025,Office Supplies,Storage,"Tenex Trays, Single Width",4148
OFF-ST-10002459,Office Supplies,Storage,"Eldon Trays, Wire Frame",4166
OFF-ST-10004482,Office Supplies,Storage,"Rogers Shelving, Industrial",4184
OFF-ST-10002399,Office Supplies,Storage,"Tenex Folders, Single Width",4201
OFF-ST-10003785,Office Supplies,Storage,"Eldon Lockers, Blue",4229
OFF-SME-10000973,Office Supplies,Storage,"Smead Folders, Industrial",4230
OFF-ST-10002902,Office Supplies,Storage,"Fellowes Shelving, Blue",4248
OFF-ST-10003764,Office Supplies,Storage,"Tenex Box, Industrial",4257
OFF-ST-10000585,Office Supplies,Storage,Economy Rollaway Files,4264
OFF-ELD-10001882,Office Supplies,Storage,"Eldon Box, Blue",4300
OFF-ST-10002172,Office Supplies,Storage,"Fellowes Trays, Blue",4310
OFF-ST-10000632,Office Supplies,Storage,"Rogers Shelving, Single Width",4311
OFF-ST-10003741,Office Supplies,Storage,"Smead Lockers, Blue",4316
OFF-ST-10000430,Office Supplies,Storage,"Tenex File Cart, Blue",4378
OFF-ST-10003931,Office Supplies,Storage,"Smead Trays, Wire Frame",4379
OFF-ST-10001496,Office Supplies,Storage,Standard Rollaway File with Lock,4383
OFF-ST-10003221,Office Supplies,Storage,Staples,4384
OFF-ST-10000419,Office Supplies,Storage,"Rogers Jumbo File, Granite",4404
OFF-ST-10004597,Office Supplies,Storage,"Eldon File Cart, Industrial",4408
OFF-ST-10001372,Office Supplies,Storage,"Eldon Box, Blue",4409
OFF-ST-10001374,Office Supplies,Storage,"Rogers Trays, Wire Frame",4415
OFF-ST-10001638,Office Supplies,Storage,"Tenex File Cart, Single Width",4458
OFF-ST-10001229,Office Supplies,Storage,"Fellowes Box, Single Width",4504
OFF-ST-10000287,Office Supplies,Storage,"Rogers Box, Blue",4507
OFF-ST-10002395,Office Supplies,Storage,"Rogers Lockers, Single Width",4508
OFF-ST-10000563,Office Supplies,Storage,Fellowes Bankers Box Stor/Drawer Steel Plus,4514
OFF-ST-10001999,Office Supplies,Storage,"Tenex Folders, Wire Frame",4530
OFF-ST-10001505,Office Supplies,Storage,"Perma STOR-ALL Hanging File Box, 13 1/8""W x 12 1/4""D x 10 1/2""H",4540
OFF-ST-10000036,Office Supplies,Storage,"Recycled Data-Pak for Archival Bound Computer Printouts, 12-1/2 x 12-1/2 x 16",4545
OFF-ST-10000711,Office Supplies,Storage,"Fellowes Box, Single Width",4556
OFF-ST-10003018,Office Supplies,Storage,"Smead File Cart, Industrial",4566
OFF-ST-10002485,Office Supplies,Storage,Rogers Deluxe File Chest,4571
OFF-ST-10004185,Office Supplies,Storage,"Fellowes Trays, Single Width",4658
OFF-ST-10004660,Office Supplies,Storage,"Fellowes Box, Single Width",4659
OFF-ST-10000619,Office Supplies,Storage,"Eldon Lockers, Wire Frame",4660
OFF-ST-10001440,Office Supplies,Storage,"Eldon Shelving, Blue",4679
OFF-ST-10000505,Office Supplies,Storage,"Fellowes File Cart, Blue",4680
OFF-ST-10003648,Office Supplies,Storage,"Smead Folders, Wire Frame",4698
OFF-ST-10000423,Office Supplies,Storage,"Rogers Trays, Blue",4713
OFF-ST-10000028,Office Supplies,Storage,"Rogers Shelving, Blue",4726
OFF-ELD-10002207,Office Supplies,Storage,"Eldon Folders, Single Width",4782
OFF-ST-10000078,Office Supplies,Storage,Tennsco 6- and 18-Compartment Lockers,4785
OFF-ELD-10001694,Office Supplies,Storage,"Eldon File Cart, Single Width",4789
OFF-ST-10004855,Office Supplies,Storage,"Smead Lockers, Industrial",4793
OFF-ST-10001124,Office Supplies,Storage,"Fellowes Trays, Wire Frame",4816
OFF-TEN-10001160,Office Supplies,Storage,"Tenex Trays, Industrial",4828
OFF-ST-10002561,Office Supplies,Storage,"Rogers File Cart, Blue",4860
OFF-ST-10000695,Office Supplies,Storage,"Rogers Lockers, Wire Frame",4863
OFF-ST-10002159,Office Supplies,Storage,"Fellowes Lockers, Wire Frame",4868
OFF-ST-10002650,Office Supplies,Storage,"Fellowes Lockers, Wire Frame",4883
OFF-ELD-10001318,Office Supplies,Storage,"Eldon Lockers, Industrial",4951
OFF-SME-10000520,Office Supplies,Storage,"Smead Shelving, Wire Frame",4952
OFF-TEN-10000766,Office Supplies,Storage,"Tenex Folders, Industrial",4953
OFF-ST-10004473,Office Supplies,Storage,"Tenex Trays, Wire Frame",5004
OFF-ST-10003159,Office Supplies,Storage,"Smead Trays, Single Width",5022
OFF-ST-10000884,Office Supplies,Storage,"Smead Folders, Blue",5039
OFF-ST-10003319,Office Supplies,Storage,"Rogers Box, Wire Frame",5060
OFF-ST-10003414,Office Supplies,Storage,"Tenex Shelving, Industrial",5071
OFF-ST-10000299,Office Supplies,Storage,"Tenex Trays, Single Width",5113
OFF-ST-10004116,Office Supplies,Storage,"Fellowes Shelving, Blue",5127
OFF-ST-10000327,Office Supplies,Storage,"Smead Folders, Wire Frame",5139
OFF-ST-10002538,Office Supplies,Storage,"Fellowes Shelving, Blue",5150
OFF-ST-10001026,Office Supplies,Storage,"Fellowes Trays, Single Width",5185
OFF-ST-10003964,Office Supplies,Storage,"Fellowes Lockers, Industrial",5189
OFF-ST-10003243,Office Supplies,Storage,"Fellowes Folders, Blue",5199
OFF-ST-10004190,Office Supplies,Storage,"Smead Box, Single Width",5213
OFF-ST-10001050,Office Supplies,Storage,"Eldon Shelving, Blue",5229
OFF-ST-10001097,Office Supplies,Storage,Office Impressions Heavy Duty Welded Shelving & Multimedia Storage Drawers,5234
OFF-ROG-10001101,Office Supplies,Storage,"Rogers Shelving, Wire Frame",5238
OFF-TEN-10003148,Office Supplies,Storage,"Tenex Lockers, Single Width",5245
OFF-ST-10000557,Office Supplies,Storage,"Tenex Box, Blue",5274
OFF-ST-10002463,Office Supplies,Storage,"Eldon Trays, Single Width",5279
OFF-ST-10002164,Office Supplies,Storage,"Rogers Lockers, Industrial",5283
OFF-ST-10002546,Office Supplies,Storage,"Eldon Folders, Single Width",5290
OFF-ST-10000836,Office Supplies,Storage,"Tenex Trays, Blue",5293
OFF-ST-10001091,Office Supplies,Storage,"Smead Box, Industrial",5300
OFF-ST-10001818,Office Supplies,Storage,"Smead Trays, Blue",5305
OFF-ST-10000876,Office Supplies,Storage,Eldon Simplefile Box Office,5310
OFF-ST-10002632,Office Supplies,Storage,"Smead Shelving, Industrial",5353
OFF-ST-10004754,Office Supplies,Storage,"Fellowes Lockers, Single Width",5354
OFF-ST-10002371,Office Supplies,Storage,"Rogers File Cart, Industrial",5364
OFF-ST-10001598,Office Supplies,Storage,"Fellowes Box, Blue",5368
OFF-ST-10002902,Office Supplies,Storage,"Fellowes Lockers, Wire Frame",5375
OFF-ST-10002598,Office Supplies,Storage,"Tenex Shelving, Industrial",5376
OFF-ROG-10002818,Office Supplies,Storage,"Rogers Trays, Industrial",5416
OFF-TEN-10002817,Office Supplies,Storage,"Tenex Folders, Blue",5417
OFF-SME-10004247,Office Supplies,Storage,"Smead Shelving, Single Width",5418
OFF-ST-10002574,Office Supplies,Storage,"Smead Shelving, Blue",5476
OFF-ST-10002781,Office Supplies,Storage,"Smead File Cart, Single Width",5477
OFF-ST-10002251,Office Supplies,Storage,"Fellowes Shelving, Wire Frame",5478
OFF-ST-10002720,Office Supplies,Storage,"Rogers Shelving, Blue",5500
OFF-ST-10004017,Office Supplies,Storage,"Smead Trays, Industrial",5508
OFF-ST-10001214,Office Supplies,Storage,"Smead Box, Industrial",5538
OFF-ST-10004897,Office Supplies,Storage,"Tenex Folders, Blue",5544
OFF-ST-10004350,Office Supplies,Storage,"Rogers Shelving, Blue",5545
OFF-ST-10003442,Office Supplies,Storage,Eldon Portable Mobile Manager,5576
OFF-ST-10003722,Office Supplies,Storage,Project Tote Personal File,5581
OFF-ST-10003816,Office Supplies,Storage,Fellowes High-Stak Drawer Files,5596
OFF-ST-10000676,Office Supplies,Storage,Fellowes Econo/Stor Drawers,5597
OFF-ST-10001824,Office Supplies,Storage,"Rogers Box, Single Width",5633
OFF-ST-10001321,Office Supplies,Storage,"Decoflex Hanging Personal Folder File, Blue",5668
OFF-ST-10004804,Office Supplies,Storage,"Belkin 19"" Vented Equipment Shelf, Black",5824
OFF-ST-10003805,Office Supplies,Storage,"24 Capacity Maxi Data Binder Racks, Pearl",5827
OFF-ST-10000046,Office Supplies,Storage,Fellowes Super Stor/Drawer Files,5828
OFF-ST-10000777,Office Supplies,Storage,"Companion Letter/Legal File, Black",5829
OFF-ST-10003692,Office Supplies,Storage,Recycled Steel Personal File for Hanging File Folders,5848
OFF-ST-10001837,Office Supplies,Storage,"SAFCO Mobile Desk Side File, Wire Frame",5854
OFF-ST-10000604,Office Supplies,Storage,Home/Office Personal File Carts,5864
OFF-ST-10000344,Office Supplies,Storage,"Neat Ideas Personal Hanging Folder Files, Black",5865
OFF-ST-10001590,Office Supplies,Storage,"Tenex Personal Project File with Scoop Front Design, Black",5866
OFF-ST-10004950,Office Supplies,Storage,"Tenex Personal Filing Tote With Secure Closure Lid, Black/Frost",5867
OFF-ST-10001418,Office Supplies,Storage,Carina Media Storage Towers in Natural & Black,5879
OFF-ST-10004123,Office Supplies,Storage,Safco Industrial Wire Shelving System,5881
OFF-ST-10003994,Office Supplies,Storage,"Belkin 19"" Center-Weighted Shelf, Gray",5884
OFF-ST-10003656,Office Supplies,Storage,Safco Industrial Wire Shelving,5888
OFF-ST-10000532,Office Supplies,Storage,Advantus Rolling Drawer Organizers,5890
OFF-ST-10002670,Office Supplies,Storage,"Smead Folders, Industrial",5930
OFF-ST-10003274,Office Supplies,Storage,"Eldon Box, Wire Frame",6008
OFF-ST-10004835,Office Supplies,Storage,"Fellowes File Cart, Wire Frame",6033
OFF-ST-10003089,Office Supplies,Storage,"Tenex Lockers, Industrial",6044
OFF-ST-10004748,Office Supplies,Storage,"Smead Lockers, Blue",6081
OFF-ST-10000661,Office Supplies,Storage,"Tenex Box, Industrial",6085
OFF-ST-10003578,Office Supplies,Storage,"Smead Box, Blue",6087
OFF-ST-10001869,Office Supplies,Storage,"Eldon Box, Single Width",6130
OFF-ST-10003056,Office Supplies,Storage,"Tenex Folders, Single Width",6132
OFF-ST-10000560,Office Supplies,Storage,"Fellowes Trays, Industrial",6173
OFF-ST-10002790,Office Supplies,Storage,Safco Industrial Shelving,6193
OFF-ST-10002011,Office Supplies,Storage,Smead Adjustable Mobile File Trolley with Lockable Top,6199
OFF-ST-10004963,Office Supplies,Storage,Eldon Gobal File Keepers,6201
OFF-ST-10000136,Office Supplies,Storage,Letter Size File,6205
OFF-ST-10003996,Office Supplies,Storage,"Letter/Legal File Tote with Clear Snap-On Lid, Black Granite",6206
OFF-ST-10004950,Office Supplies,Storage,Acco Perma 3000 Stacking Storage Drawers,6220
OFF-ST-10002289,Office Supplies,Storage,"Safco Wire Cube Shelving System, For Use as 4 or 5 14"" Cubes, Black",6242
OFF-ST-10000580,Office Supplies,Storage,"Fellowes Trays, Industrial",6257
OFF-ST-10004186,Office Supplies,Storage,"Stur-D-Stor Shelving, Vertical 5-Shelf: 72""H x 36""W x 18 1/2""D",6332
OFF-ST-10002583,Office Supplies,Storage,Fellowes Neat Ideas Storage Cubes,6338
OFF-ST-10000991,Office Supplies,Storage,Space Solutions HD Industrial Steel Shelving.,6360
OFF-ST-10003282,Office Supplies,Storage,"Advantus 10-Drawer Portable Organizer, Chrome Metal Frame, Smoke Drawers",6372
OFF-ST-10000885,Office Supplies,Storage,Fellowes Desktop Hanging File Manager,6380
OFF-ST-10002486,Office Supplies,Storage,Eldon Shelf Savers Cubes and Bins,6428
OFF-ST-10001172,Office Supplies,Storage,"Tennsco Lockers, Sand",6437
OFF-ST-10003455,Office Supplies,Storage,"Tenex File Box, Personal Filing Tote with Lid, Black",6451
OFF-ST-10003718,Office Supplies,Storage,"Fellowes Shelving, Single Width",6497
OFF-ST-10003455,Office Supplies,Storage,"Fellowes Lockers, Blue",6562
OFF-ST-10002122,Office Supplies,Storage,"Smead Box, Industrial",6583
OFF-ST-10002930,Office Supplies,Storage,"Eldon Lockers, Industrial",6617
OFF-ST-10001051,Office Supplies,Storage,"Eldon Shelving, Industrial",6618
OFF-ST-10003459,Office Supplies,Storage,"Eldon File Cart, Single Width",6626
OFF-ST-10002510,Office Supplies,Storage,"Tenex Lockers, Wire Frame",6636
OFF-ST-10002386,Office Supplies,Storage,"Fellowes Shelving, Industrial",6639
OFF-ST-10001066,Office Supplies,Storage,"Tenex Box, Single Width",6642
OFF-ST-10003800,Office Supplies,Storage,"Rogers Folders, Wire Frame",6646
OFF-ST-10002105,Office Supplies,Storage,"Smead Trays, Wire Frame",6653
OFF-ST-10003414,Office Supplies,Storage,"Smead Box, Wire Frame",6722
OFF-ST-10003306,Office Supplies,Storage,Letter Size Cart,6756
OFF-ST-10001228,Office Supplies,Storage,"Fellowes Personal Hanging Folder Files, Navy",6761
OFF-ST-10001272,Office Supplies,Storage,"Mini 13-1/2 Capacity Data Binder Rack, Pearl",6770
OFF-ST-10001325,Office Supplies,Storage,Sterilite Officeware Hinged File Box,6771
OFF-ST-10002276,Office Supplies,Storage,Safco Steel Mobile File Cart,6776
OFF-ST-10000464,Office Supplies,Storage,"Multi-Use Personal File Cart and Caster Set, Three Stacking Bins",6777
OFF-ST-10000943,Office Supplies,Storage,Eldon ProFile File 'N Store Portable File Tub Letter/Legal Size Black,6780
OFF-ROG-10001372,Office Supplies,Storage,"Rogers Trays, Blue",6788
OFF-ELD-10004625,Office Supplies,Storage,"Eldon Trays, Blue",6805
OFF-TEN-10002835,Office Supplies,Storage,"Tenex Lockers, Industrial",6806
OFF-ST-10001890,Office Supplies,Storage,"Eldon Trays, Industrial",6830
OFF-ST-10001991,Office Supplies,Storage,"Eldon Shelving, Wire Frame",6839
OFF-ST-10004549,Office Supplies,Storage,"Smead File Cart, Blue",6841
OFF-ST-10001031,Office Supplies,Storage,Adjustable Personal File Tote,6857
OFF-ST-10000642,Office Supplies,Storage,"Tennsco Lockers, Gray",6859
OFF-ST-10004830,Office Supplies,Storage,"Eldon Lockers, Blue",6893
OFF-ST-10002292,Office Supplies,Storage,"Sauder Facets Collection Locker/File Cabinet, Sky Alder Finish",6913
OFF-ST-10000220,Office Supplies,Storage,"Rogers Shelving, Industrial",6931
OFF-ST-10002066,Office Supplies,Storage,"Smead File Cart, Blue",6955
OFF-ST-10000060,Office Supplies,Storage,Fellowes Bankers Box Staxonsteel Drawer File/Stacking System,6979
OFF-ST-10004226,Office Supplies,Storage,"Fellowes File Cart, Blue",7016
OFF-ST-10003807,Office Supplies,Storage,"Eldon Folders, Wire Frame",7019
OFF-ST-10003322,Office Supplies,Storage,"Eldon Shelving, Wire Frame",7057
OFF-ST-10000210,Office Supplies,Storage,"Tenex Lockers, Wire Frame",7145
OFF-ST-10004577,Office Supplies,Storage,"Tenex Shelving, Wire Frame",7174
OFF-ST-10004597,Office Supplies,Storage,"Rogers File Cart, Blue",7201
OFF-ST-10002220,Office Supplies,Storage,"Fellowes File Cart, Blue",7218
OFF-ST-10001776,Office Supplies,Storage,"Eldon Trays, Wire Frame",7219
OFF-ST-10002515,Office Supplies,Storage,"Eldon Lockers, Wire Frame",7222
OFF-ST-10002615,Office Supplies,Storage,"Dual Level, Single-Width Filing Carts",7298
OFF-ST-10003426,Office Supplies,Storage,"Tenex Box, Wire Frame",7326
OFF-ELD-10004324,Office Supplies,Storage,"Eldon File Cart, Blue",7354
OFF-ST-10002743,Office Supplies,Storage,SAFCO Boltless Steel Shelving,7409
OFF-ST-10001932,Office Supplies,Storage,Fellowes Staxonsteel Drawer Files,7411
OFF-ST-10000736,Office Supplies,Storage,Carina Double Wide Media Storage Towers in Natural & Black,7439
OFF-ST-10001809,Office Supplies,Storage,Fellowes Officeware Wire Shelving,7462
OFF-ST-10004374,Office Supplies,Storage,"Smead File Cart, Single Width",7486
OFF-ST-10000760,Office Supplies,Storage,Eldon Fold 'N Roll Cart System,7494
OFF-ST-10004459,Office Supplies,Storage,Tennsco Single-Tier Lockers,7549
OFF-ST-10001393,Office Supplies,Storage,"Fellowes Trays, Blue",7552
OFF-ROG-10001818,Office Supplies,Storage,"Rogers Folders, Single Width",7593
OFF-ST-10000617,Office Supplies,Storage,Woodgrain Magazine Files by Perma,7602
OFF-ST-10002618,Office Supplies,Storage,"Tenex Folders, Blue",7638
OFF-ST-10003547,Office Supplies,Storage,"Smead Shelving, Blue",7650
OFF-ST-10001631,Office Supplies,Storage,"Tenex Trays, Blue",7652
OFF-ST-10004703,Office Supplies,Storage,"Tenex Folders, Single Width",7653
OFF-ST-10004577,Office Supplies,Storage,"Fellowes Lockers, Industrial",7671
OFF-ST-10002119,Office Supplies,Storage,"Rogers Shelving, Industrial",7696
OFF-ST-10000022,Office Supplies,Storage,"Eldon Folders, Industrial",7703
OFF-ST-10000701,Office Supplies,Storage,"Rogers Shelving, Single Width",7704
OFF-ST-10001597,Office Supplies,Storage,"Tenex Box, Single Width",7708
OFF-ST-10001694,Office Supplies,Storage,"Smead Folders, Blue",7775
OFF-ST-10003286,Office Supplies,Storage,"Rogers Lockers, Wire Frame",7785
OFF-ST-10002460,Office Supplies,Storage,"Rogers Shelving, Single Width",7797
OFF-ST-10001328,Office Supplies,Storage,"Personal Filing Tote with Lid, Black/Gray",7831
OFF-ST-10003750,Office Supplies,Storage,"Tenex Shelving, Wire Frame",7876
OFF-ST-10000362,Office Supplies,Storage,"Eldon File Cart, Blue",7900
OFF-ST-10004330,Office Supplies,Storage,"Smead Folders, Single Width",7921
OFF-ST-10001534,Office Supplies,Storage,"Smead Folders, Industrial",7958
OFF-ST-10001743,Office Supplies,Storage,"Tenex Folders, Wire Frame",7987
OFF-ST-10004431,Office Supplies,Storage,"Fellowes Trays, Single Width",8012
OFF-ST-10004583,Office Supplies,Storage,"Eldon Shelving, Single Width",8051
OFF-ST-10002205,Office Supplies,Storage,File Shuttle I and Handi-File,8065
OFF-ST-10002834,Office Supplies,Storage,"Smead File Cart, Single Width",8084
OFF-ST-10004258,Office Supplies,Storage,Portable Personal File Box,8097
OFF-ST-10001580,Office Supplies,Storage,Super Decoflex Portable Personal File,8100
OFF-ST-10002466,Office Supplies,Storage,"Smead Box, Blue",8125
OFF-ST-10001476,Office Supplies,Storage,Steel Personal Filing/Posting Tote,8203
OFF-ST-10003470,Office Supplies,Storage,"Tennsco Snap-Together Open Shelving Units, Starter Sets and Add-On Units",8256
OFF-ST-10000934,Office Supplies,Storage,"Contico 72""H Heavy-Duty Storage System",8262
OFF-ST-10000918,Office Supplies,Storage,Crate-A-Files,8264
OFF-ST-10002562,Office Supplies,Storage,Staples,8268
OFF-ST-10003572,Office Supplies,Storage,Portfile Personal File Boxes,8269
OFF-ST-10003327,Office Supplies,Storage,Akro-Mils 12-Gallon Tote,8281
OFF-ST-10000129,Office Supplies,Storage,Fellowes Recycled Storage Drawers,8283
OFF-ST-10002182,Office Supplies,Storage,"Iris 3-Drawer Stacking Bin, Black",8289
OFF-ST-10000306,Office Supplies,Storage,"Rogers Trays, Single Width",8329
OFF-ST-10004802,Office Supplies,Storage,"Rogers File Cart, Industrial",8338
OFF-ST-10002176,Office Supplies,Storage,"Smead File Cart, Single Width",8366
OFF-ST-10003172,Office Supplies,Storage,"Eldon Box, Wire Frame",8379
OFF-ST-10003409,Office Supplies,Storage,"Tenex File Cart, Single Width",8380
OFF-ST-10002763,Office Supplies,Storage,"Fellowes Lockers, Wire Frame",8434
OFF-ST-10002074,Office Supplies,Storage,"Tenex Box, Blue",8435
OFF-ST-10003334,Office Supplies,Storage,"Smead Trays, Wire Frame",8442
OFF-ST-10004638,Office Supplies,Storage,"Eldon File Cart, Blue",8447
OFF-ST-10003729,Office Supplies,Storage,"Tenex Box, Industrial",8516
OFF-SME-10001761,Office Supplies,Storage,"Smead Shelving, Industrial",8538
OFF-ST-10001291,Office Supplies,Storage,"Tenex Personal Self-Stacking Standard File Box, Black/Gray",8564
OFF-ST-10003931,Office Supplies,Storage,"Smead Lockers, Blue",8631
OFF-ST-10004871,Office Supplies,Storage,"Rogers Trays, Blue",8663
OFF-ST-10003411,Office Supplies,Storage,"Eldon Trays, Wire Frame",8665
OFF-ST-10001941,Office Supplies,Storage,"Rogers Lockers, Wire Frame",8690
OFF-ST-10001290,Office Supplies,Storage,"Rogers Shelving, Single Width",8838
OFF-SME-10003033,Office Supplies,Storage,"Smead Trays, Industrial",8841
OFF-ST-10001707,Office Supplies,Storage,"Smead Shelving, Single Width",8957
OFF-ST-10004947,Office Supplies,Storage,"Fellowes File Cart, Industrial",8958
OFF-ST-10002554,Office Supplies,Storage,Tennsco Industrial Shelving,8981
OFF-ST-10002085,Office Supplies,Storage,"Tenex File Cart, Industrial",9079
OFF-ST-10002685,Office Supplies,Storage,"Eldon Lockers, Blue",9089
OFF-ST-10002471,Office Supplies,Storage,"Smead Lockers, Single Width",9093
OFF-ST-10000650,Office Supplies,Storage,"Rogers Box, Industrial",9094
OFF-ST-10000917,Office Supplies,Storage,"Fellowes File Cart, Wire Frame",9105
OFF-ST-10003479,Office Supplies,Storage,"Eldon Base for stackable storage shelf, platinum",9180
OFF-ST-10000798,Office Supplies,Storage,2300 Heavy-Duty Transfer File Systems by Perma,9186
OFF-ST-10003282,Office Supplies,Storage,"Fellowes Folders, Single Width",9243
OFF-ST-10004020,Office Supplies,Storage,"Tenex Lockers, Single Width",9315
OFF-ST-10003184,Office Supplies,Storage,"Eldon Trays, Wire Frame",9359
OFF-ST-10001729,Office Supplies,Storage,"Tenex Lockers, Single Width",9383
OFF-ST-10001799,Office Supplies,Storage,"Fellowes Box, Single Width",9389
OFF-ST-10002774,Office Supplies,Storage,"Rogers Lockers, Industrial",9404
OFF-ST-10003012,Office Supplies,Storage,"Tenex Folders, Industrial",9457
OFF-ST-10001414,Office Supplies,Storage,"Rogers Lockers, Wire Frame",9458
OFF-ST-10002424,Office Supplies,Storage,"Smead Trays, Industrial",9473
OFF-ST-10002619,Office Supplies,Storage,"Rogers Lockers, Blue",9474
OFF-ST-10004159,Office Supplies,Storage,"Eldon Lockers, Blue",9475
OFF-ST-10003293,Office Supplies,Storage,"Smead File Cart, Single Width",9487
OFF-ST-10003393,Office Supplies,Storage,"Smead Box, Wire Frame",9490
OFF-ST-10001832,Office Supplies,Storage,"Eldon Box, Blue",9491
OFF-ST-10000718,Office Supplies,Storage,"Fellowes Folders, Single Width",9525
OFF-ST-10004835,Office Supplies,Storage,Plastic Stacking Crates & Casters,9547
OFF-ST-10002362,Office Supplies,Storage,"Eldon Shelving, Single Width",9570
OFF-ST-10001753,Office Supplies,Storage,"Eldon Shelving, Industrial",9584
OFF-ST-10003231,Office Supplies,Storage,"Fellowes Box, Industrial",9595
OFF-ST-10001335,Office Supplies,Storage,"Rogers File Cart, Single Width",9625
OFF-ST-10002873,Office Supplies,Storage,"Fellowes Folders, Industrial",9633
OFF-ST-10000439,Office Supplies,Storage,"Rogers Lockers, Single Width",9664
OFF-ST-10002642,Office Supplies,Storage,"Eldon Lockers, Single Width",9774
OFF-ST-10002318,Office Supplies,Storage,"Smead Box, Industrial",9781
OFF-ST-10004946,Office Supplies,Storage,Desktop 3-Pocket Hot File,9842
OFF-ST-10003641,Office Supplies,Storage,Space Solutions Industrial Galvanized Steel Shelving.,9843
OFF-ST-10002370,Office Supplies,Storage,"Sortfiler Multipurpose Personal File Organizer, Black",9844
OFF-ST-10003324,Office Supplies,Storage,Belkin OmniView SE Rackmount Kit,9845
OFF-ST-10002028,Office Supplies,Storage,"Fellowes File Cart, Single Width",9902
OFF-ST-10004687,Office Supplies,Storage,"Eldon Lockers, Industrial",9907
OFF-ST-10004983,Office Supplies,Storage,"Smead Shelving, Wire Frame",9976
OFF-ST-10001057,Office Supplies,Storage,"Eldon Folders, Wire Frame",10009
OFF-ST-10004496,Office Supplies,Storage,"Tenex Box, Blue",10036
OFF-ST-10001627,Office Supplies,Storage,Eldon Jumbo ProFile Portable File Boxes Graphite/Black,10060
OFF-ST-10003331,Office Supplies,Storage,"Rogers File Cart, Single Width",10072
OFF-ST-10004017,Office Supplies,Storage,"Eldon Lockers, Single Width",10090
OFF-ST-10001073,Office Supplies,Storage,"Eldon File Cart, Single Width",10107
OFF-ST-10004326,Office Supplies,Storage,"Rogers Box, Single Width",10113
OFF-ST-10002530,Office Supplies,Storage,"Rogers Lockers, Single Width",10123
OFF-ST-10004794,Office Supplies,Storage,"Rogers Shelving, Blue",10125
OFF-ST-10000378,Office Supplies,Storage,"Tenex Box, Wire Frame",10145
OFF-ST-10002070,Office Supplies,Storage,"Tenex Trays, Wire Frame",10213
OFF-ST-10004793,Office Supplies,Storage,"Tenex File Cart, Industrial",10238
OFF-ST-10003811,Office Supplies,Storage,"Smead Lockers, Single Width",10239
OFF-ST-10004947,Office Supplies,Storage,"Tenex Trays, Industrial",10375
OFF-ST-10003331,Office Supplies,Storage,"Smead Box, Single Width",10376
OFF-ST-10002967,Office Supplies,Storage,"Rogers Folders, Blue",10411
OFF-ST-10004180,Office Supplies,Storage,"Tenex File Cart, Single Width",10486
OFF-ST-10000003,Office Supplies,Storage,"Tenex Shelving, Industrial",10517
OFF-ST-10003470,Office Supplies,Storage,"Rogers Folders, Industrial",10526
OFF-ST-10001034,Office Supplies,Storage,Eldon File Chest Portable File,10534
OFF-ST-10004050,Office Supplies,Storage,"Fellowes Folders, Blue",10546
OFF-ST-10004479,Office Supplies,Storage,"Eldon Shelving, Industrial",10561
OFF-ST-10004972,Office Supplies,Storage,"Eldon Shelving, Blue",10577
OFF-ST-10004428,Office Supplies,Storage,"Tenex Lockers, Industrial",10622
OFF-ST-10001335,Office Supplies,Storage,"Tenex Trays, Blue",10624
OFF-ST-10000123,Office Supplies,Storage,"Fellowes Folders, Wire Frame",10668
OFF-ST-10003808,Office Supplies,Storage,"Eldon Box, Wire Frame",10670
OFF-ST-10001458,Office Supplies,Storage,"Rogers Folders, Blue",10677
OFF-ST-10004236,Office Supplies,Storage,"Eldon Folders, Blue",10690
OFF-ST-10001414,Office Supplies,Storage,Decoflex Hanging Personal Folder File,10714
OFF-ST-10001290,Office Supplies,Storage,"Rogers Box, Industrial",10724
OFF-ST-10002221,Office Supplies,Storage,"Rogers Lockers, Industrial",10725
OFF-ST-10000794,Office Supplies,Storage,"Tenex Trays, Wire Frame",10726
OFF-ST-10004341,Office Supplies,Storage,"Tenex File Cart, Single Width",10741
OFF-ST-10004141,Office Supplies,Storage,"Rogers Folders, Wire Frame",10743
OFF-EN-10004597,Office Supplies,Envelopes,"GlobeWeis Peel and Seal, Set of 50",1
OFF-EN-10004759,Office Supplies,Envelopes,"Cameo Interoffice Envelope, Recycled",19
OFF-JIF-10004822,Office Supplies,Envelopes,"Jiffy Mailers, Security-Tint",45
OFF-AME-10003089,Office Supplies,Envelopes,"Ames Clasp Envelope, Security-Tint",110
OFF-AME-10000870,Office Supplies,Envelopes,"Ames Peel and Seal, Recycled",115
OFF-EN-10003728,Office Supplies,Envelopes,"Cameo Mailers, with clear poly window",171
OFF-KRA-10003337,Office Supplies,Envelopes,"Kraft Mailers, Recycled",195
OFF-GLO-10000016,Office Supplies,Envelopes,"GlobeWeis Interoffice Envelope, Recycled",196
OFF-EN-10002728,Office Supplies,Envelopes,"GlobeWeis Interoffice Envelope, Set of 50",246
OFF-EN-10002096,Office Supplies,Envelopes,"GlobeWeis Mailers, Recycled",258
OFF-EN-10004788,Office Supplies,Envelopes,"Ames Mailers, Recycled",261
OFF-AME-10001489,Office Supplies,Envelopes,"Ames Manila Envelope, Set of 50",308
OFF-KRA-10002789,Office Supplies,Envelopes,"Kraft Peel and Seal, with clear poly window",335
OFF-EN-10001157,Office Supplies,Envelopes,"Ames Business Envelopes, Security-Tint",394
OFF-EN-10003715,Office Supplies,Envelopes,"Kraft Manila Envelope, Set of 50",397
OFF-AME-10000851,Office Supplies,Envelopes,"Ames Mailers, with clear poly window",505
OFF-JIF-10002621,Office Supplies,Envelopes,"Jiffy Business Envelopes, Security-Tint",506
OFF-EN-10001946,Office Supplies,Envelopes,"Kraft Mailers, Security-Tint",519
OFF-EN-10003413,Office Supplies,Envelopes,"Jiffy Interoffice Envelope, with clear poly window",526
OFF-GLO-10004123,Office Supplies,Envelopes,"GlobeWeis Business Envelopes, Security-Tint",570
OFF-EN-10004491,Office Supplies,Envelopes,"Cameo Manila Envelope, Recycled",576
OFF-EN-10001852,Office Supplies,Envelopes,"Cameo Manila Envelope, with clear poly window",581
OFF-EN-10003962,Office Supplies,Envelopes,"GlobeWeis Clasp Envelope, Set of 50",593
OFF-EN-10002425,Office Supplies,Envelopes,"Ames Peel and Seal, Set of 50",601
OFF-EN-10002258,Office Supplies,Envelopes,"Jiffy Mailers, with clear poly window",603
OFF-EN-10004424,Office Supplies,Envelopes,"GlobeWeis Interoffice Envelope, Set of 50",626
OFF-JIF-10004616,Office Supplies,Envelopes,"Jiffy Manila Envelope, Security-Tint",670
OFF-CAM-10002159,Office Supplies,Envelopes,"Cameo Manila Envelope, with clear poly window",677
OFF-AME-10002652,Office Supplies,Envelopes,"Ames Peel and Seal, Set of 50",686
OFF-KRA-10004892,Office Supplies,Envelopes,"Kraft Clasp Envelope, Set of 50",704
OFF-AME-10001179,Office Supplies,Envelopes,"Ames Mailers, Set of 50",715
OFF-EN-10000556,Office Supplies,Envelopes,"Kraft Interoffice Envelope, Security-Tint",730
OFF-EN-10004560,Office Supplies,Envelopes,"Ames Mailers, Security-Tint",746
OFF-EN-10002581,Office Supplies,Envelopes,"GlobeWeis Peel and Seal, Set of 50",753
OFF-EN-10003360,Office Supplies,Envelopes,"Kraft Mailers, with clear poly window",799
OFF-JIF-10002275,Office Supplies,Envelopes,"Jiffy Clasp Envelope, with clear poly window",823
OFF-JIF-10002184,Office Supplies,Envelopes,"Jiffy Business Envelopes, Recycled",840
OFF-GLO-10002315,Office Supplies,Envelopes,"GlobeWeis Interoffice Envelope, Set of 50",860
OFF-AME-10000440,Office Supplies,Envelopes,"Ames Interoffice Envelope, with clear poly window",862
OFF-JIF-10000981,Office Supplies,Envelopes,"Jiffy Peel and Seal, with clear poly window",866
OFF-KRA-10000916,Office Supplies,Envelopes,"Kraft Interoffice Envelope, Recycled",867
OFF-CAM-10003488,Office Supplies,Envelopes,"Cameo Mailers, Set of 50",868
OFF-EN-10003780,Office Supplies,Envelopes,"Jiffy Peel and Seal, Recycled",904
OFF-JIF-10002836,Office Supplies,Envelopes,"Jiffy Interoffice Envelope, Set of 50",917
OFF-CAM-10001249,Office Supplies,Envelopes,"Cameo Mailers, with clear poly window",918
OFF-EN-10000378,Office Supplies,Envelopes,"Jiffy Mailers, Set of 50",953
OFF-EN-10002700,Office Supplies,Envelopes,"Kraft Interoffice Envelope, with clear poly window",960
OFF-JIF-10004450,Office Supplies,Envelopes,"Jiffy Mailers, Recycled",996
OFF-EN-10001993,Office Supplies,Envelopes,"GlobeWeis Manila Envelope, Set of 50",1006
OFF-EN-10003177,Office Supplies,Envelopes,"Kraft Interoffice Envelope, Recycled",1012
OFF-EN-10002410,Office Supplies,Envelopes,"GlobeWeis Manila Envelope, Recycled",1014
OFF-EN-10004537,Office Supplies,Envelopes,"GlobeWeis Clasp Envelope, with clear poly window",1019
OFF-EN-10001832,Office Supplies,Envelopes,"Ames Mailers, with clear poly window",1020
OFF-EN-10003299,Office Supplies,Envelopes,"Cameo Mailers, Security-Tint",1026
OFF-EN-10000673,Office Supplies,Envelopes,"Cameo Business Envelopes, Recycled",1027
OFF-EN-10002008,Office Supplies,Envelopes,"Cameo Mailers, Recycled",1028
OFF-EN-10004935,Office Supplies,Envelopes,"Cameo Clasp Envelope, with clear poly window",1065
OFF-EN-10002896,Office Supplies,Envelopes,"Jiffy Business Envelopes, Set of 50",1085
OFF-CAM-10004269,Office Supplies,Envelopes,"Cameo Business Envelopes, Security-Tint",1100
OFF-AME-10000244,Office Supplies,Envelopes,"Ames Manila Envelope, Security-Tint",1102
OFF-JIF-10003890,Office Supplies,Envelopes,"Jiffy Peel and Seal, Recycled",1111
OFF-EN-10003069,Office Supplies,Envelopes,"Ames Mailers, Set of 50",1146
OFF-EN-10004120,Office Supplies,Envelopes,"Jiffy Peel and Seal, Set of 50",1167
OFF-EN-10002406,Office Supplies,Envelopes,"Kraft Business Envelopes, Recycled",1174
OFF-CAM-10000192,Office Supplies,Envelopes,"Cameo Interoffice Envelope, with clear poly window",1283
OFF-AME-10002376,Office Supplies,Envelopes,"Ames Manila Envelope, Recycled",1304
OFF-GLO-10000491,Office Supplies,Envelopes,"GlobeWeis Interoffice Envelope, with clear poly window",1312
OFF-CAM-10002611,Office Supplies,Envelopes,"Cameo Interoffice Envelope, Recycled",1318
OFF-EN-10003286,Office Supplies,Envelopes,Staples,1327
OFF-EN-10003537,Office Supplies,Envelopes,"GlobeWeis Manila Envelope, Set of 50",1363
OFF-JIF-10000556,Office Supplies,Envelopes,"Jiffy Interoffice Envelope, Security-Tint",1385
OFF-KRA-10000695,Office Supplies,Envelopes,"Kraft Mailers, Set of 50",1387
OFF-CAM-10001690,Office Supplies,Envelopes,"Cameo Clasp Envelope, Recycled",1399
OFF-CAM-10000497,Office Supplies,Envelopes,"Cameo Manila Envelope, Set of 50",1401
OFF-AME-10003167,Office Supplies,Envelopes,"Ames Clasp Envelope, Recycled",1405
OFF-EN-10004462,Office Supplies,Envelopes,"Ames Peel and Seal, Security-Tint",1470
OFF-CAM-10004790,Office Supplies,Envelopes,"Cameo Peel and Seal, Set of 50",1489
OFF-EN-10001147,Office Supplies,Envelopes,"Jiffy Clasp Envelope, Recycled",1494
OFF-EN-10003668,Office Supplies,Envelopes,"Ames Business Envelopes, Recycled",1553
OFF-EN-10002372,Office Supplies,Envelopes,"GlobeWeis Manila Envelope, Security-Tint",1565
OFF-EN-10000606,Office Supplies,Envelopes,"Jiffy Peel and Seal, Set of 50",1569
OFF-EN-10004989,Office Supplies,Envelopes,"Cameo Manila Envelope, Set of 50",1591
OFF-EN-10000075,Office Supplies,Envelopes,"GlobeWeis Interoffice Envelope, Security-Tint",1596
OFF-EN-10000781,Office Supplies,Envelopes,"#10- 4 1/8"" x 9 1/2"" Recycled Envelopes",1640
OFF-EN-10002592,Office Supplies,Envelopes,"Peel & Seel Recycled Catalog Envelopes, Brown",1642
OFF-EN-10003529,Office Supplies,Envelopes,"Ames Peel and Seal, Recycled",1674
OFF-EN-10002959,Office Supplies,Envelopes,"GlobeWeis Mailers, with clear poly window",1704
OFF-EN-10000761,Office Supplies,Envelopes,"Jiffy Peel and Seal, with clear poly window",1711
OFF-KRA-10002752,Office Supplies,Envelopes,"Kraft Clasp Envelope, Recycled",1721
OFF-GLO-10001233,Office Supplies,Envelopes,"GlobeWeis Clasp Envelope, Set of 50",1747
OFF-EN-10000352,Office Supplies,Envelopes,"GlobeWeis Peel and Seal, Recycled",1773
OFF-EN-10002600,Office Supplies,Envelopes,"Redi-Strip #10 Envelopes, 4 1/8 x 9 1/2",1812
OFF-EN-10000904,Office Supplies,Envelopes,"Ames Mailers, with clear poly window",1871
OFF-EN-10001939,Office Supplies,Envelopes,"Kraft Manila Envelope, Security-Tint",1890
OFF-EN-10004404,Office Supplies,Envelopes,"Jiffy Manila Envelope, with clear poly window",1905
OFF-EN-10003999,Office Supplies,Envelopes,"Cameo Peel and Seal, with clear poly window",1913
OFF-EN-10004186,Office Supplies,Envelopes,"Kraft Interoffice Envelope, with clear poly window",1914
OFF-GLO-10001348,Office Supplies,Envelopes,"GlobeWeis Manila Envelope, Security-Tint",1920
OFF-AME-10004651,Office Supplies,Envelopes,"Ames Mailers, Recycled",1943
OFF-AME-10002949,Office Supplies,Envelopes,"Ames Clasp Envelope, with clear poly window",1972
OFF-EN-10004483,Office Supplies,Envelopes,"#10 White Business Envelopes,4 1/8 x 9 1/2",2022
OFF-EN-10003134,Office Supplies,Envelopes,Staples,2046
OFF-EN-10000383,Office Supplies,Envelopes,"Ames Clasp Envelope, Recycled",2056
OFF-EN-10002504,Office Supplies,Envelopes,"Tyvek  Top-Opening Peel & Seel Envelopes, Plain White",2071
OFF-EN-10003845,Office Supplies,Envelopes,Colored Envelopes,2081
OFF-EN-10001044,Office Supplies,Envelopes,"Kraft Manila Envelope, Set of 50",2111
OFF-EN-10002524,Office Supplies,Envelopes,"Cameo Peel and Seal, with clear poly window",2116
OFF-EN-10000863,Office Supplies,Envelopes,"Ames Business Envelopes, Set of 50",2126
OFF-EN-10002263,Office Supplies,Envelopes,"GlobeWeis Interoffice Envelope, with clear poly window",2128
OFF-EN-10000182,Office Supplies,Envelopes,"Jiffy Peel and Seal, Security-Tint",2135
OFF-EN-10000898,Office Supplies,Envelopes,"Ames Interoffice Envelope, Security-Tint",2154
OFF-EN-10000824,Office Supplies,Envelopes,"GlobeWeis Manila Envelope, Security-Tint",2175
OFF-EN-10000835,Office Supplies,Envelopes,"GlobeWeis Clasp Envelope, with clear poly window",2182
OFF-EN-10001454,Office Supplies,Envelopes,"Cameo Manila Envelope, with clear poly window",2195
OFF-EN-10000947,Office Supplies,Envelopes,"GlobeWeis Mailers, Security-Tint",2231
OFF-EN-10002230,Office Supplies,Envelopes,Airmail Envelopes,2291
OFF-EN-10001141,Office Supplies,Envelopes,"Manila Recycled Extra-Heavyweight Clasp Envelopes, 6"" x 9""",2323
OFF-EN-10002736,Office Supplies,Envelopes,"Cameo Clasp Envelope, with clear poly window",2331
OFF-EN-10003529,Office Supplies,Envelopes,"GlobeWeis Manila Envelope, Recycled",2343
OFF-EN-10002778,Office Supplies,Envelopes,"Ames Clasp Envelope, Set of 50",2380
OFF-EN-10004526,Office Supplies,Envelopes,"GlobeWeis Mailers, Recycled",2430
OFF-EN-10002104,Office Supplies,Envelopes,"Cameo Mailers, with clear poly window",2442
OFF-JIF-10003842,Office Supplies,Envelopes,"Jiffy Clasp Envelope, Security-Tint",2475
OFF-CAM-10003605,Office Supplies,Envelopes,"Cameo Peel and Seal, Security-Tint",2477
OFF-AME-10002081,Office Supplies,Envelopes,"Ames Peel and Seal, Security-Tint",2479
OFF-GLO-10004223,Office Supplies,Envelopes,"GlobeWeis Clasp Envelope, Security-Tint",2501
OFF-EN-10004473,Office Supplies,Envelopes,"Ames Interoffice Envelope, with clear poly window",2569
OFF-EN-10001491,Office Supplies,Envelopes,"Jiffy Interoffice Envelope, Set of 50",2580
OFF-EN-10003352,Office Supplies,Envelopes,"Kraft Manila Envelope, with clear poly window",2585
OFF-AME-10004759,Office Supplies,Envelopes,"Ames Manila Envelope, with clear poly window",2609
OFF-JIF-10004777,Office Supplies,Envelopes,"Jiffy Clasp Envelope, Recycled",2619
OFF-EN-10004550,Office Supplies,Envelopes,"GlobeWeis Interoffice Envelope, Recycled",2622
OFF-EN-10002464,Office Supplies,Envelopes,"Cameo Peel and Seal, Security-Tint",2624
OFF-EN-10001154,Office Supplies,Envelopes,"Kraft Clasp Envelope, Set of 50",2627
OFF-EN-10001680,Office Supplies,Envelopes,"Jiffy Clasp Envelope, with clear poly window",2630
OFF-EN-10000224,Office Supplies,Envelopes,"Cameo Clasp Envelope, Recycled",2649
OFF-EN-10002924,Office Supplies,Envelopes,"GlobeWeis Interoffice Envelope, Security-Tint",2653
OFF-EN-10000483,Office Supplies,Envelopes,"White Envelopes, White Envelopes with Clear Poly Window",2674
OFF-AME-10002923,Office Supplies,Envelopes,"Ames Clasp Envelope, Set of 50",2703
OFF-EN-10000454,Office Supplies,Envelopes,"GlobeWeis Business Envelopes, Set of 50",2792
OFF-EN-10000699,Office Supplies,Envelopes,"Cameo Interoffice Envelope, Set of 50",2824
OFF-EN-10002679,Office Supplies,Envelopes,"Kraft Mailers, with clear poly window",2870
OFF-EN-10002985,Office Supplies,Envelopes,"Cameo Peel and Seal, Recycled",2879
OFF-EN-10000139,Office Supplies,Envelopes,"Kraft Interoffice Envelope, Set of 50",2880
OFF-EN-10004977,Office Supplies,Envelopes,"Jiffy Manila Envelope, Recycled",2891
OFF-EN-10004486,Office Supplies,Envelopes,"GlobeWeis Business Envelopes, Security-Tint",2910
OFF-EN-10001528,Office Supplies,Envelopes,"Kraft Business Envelopes, Recycled",2929
OFF-EN-10001958,Office Supplies,Envelopes,"GlobeWeis Clasp Envelope, Security-Tint",2942
OFF-EN-10002472,Office Supplies,Envelopes,"Cameo Interoffice Envelope, Security-Tint",2971
OFF-EN-10001109,Office Supplies,Envelopes,"Ames Interoffice Envelope, Recycled",3029
OFF-EN-10000251,Office Supplies,Envelopes,"Jiffy Clasp Envelope, Security-Tint",3047
OFF-EN-10001975,Office Supplies,Envelopes,"Kraft Business Envelopes, Security-Tint",3062
OFF-EN-10003936,Office Supplies,Envelopes,"Cameo Peel and Seal, with clear poly window",3085
OFF-EN-10002465,Office Supplies,Envelopes,"Cameo Business Envelopes, Set of 50",3089
OFF-EN-10001711,Office Supplies,Envelopes,"Ames Clasp Envelope, with clear poly window",3097
OFF-EN-10004895,Office Supplies,Envelopes,"Kraft Mailers, Security-Tint",3150
OFF-EN-10004981,Office Supplies,Envelopes,"Ames Interoffice Envelope, with clear poly window",3152
OFF-EN-10004030,Office Supplies,Envelopes,"Kraft Mailers, Security-Tint",3200
OFF-EN-10003623,Office Supplies,Envelopes,"GlobeWeis Interoffice Envelope, Set of 50",3211
OFF-EN-10003559,Office Supplies,Envelopes,"Jiffy Clasp Envelope, with clear poly window",3214
OFF-KRA-10004624,Office Supplies,Envelopes,"Kraft Peel and Seal, Set of 50",3234
OFF-GLO-10003463,Office Supplies,Envelopes,"GlobeWeis Peel and Seal, Security-Tint",3245
OFF-CAM-10003933,Office Supplies,Envelopes,"Cameo Business Envelopes, Recycled",3248
OFF-EN-10003175,Office Supplies,Envelopes,"Ames Manila Envelope, Security-Tint",3282
OFF-EN-10004970,Office Supplies,Envelopes,"GlobeWeis Peel and Seal, Security-Tint",3326
OFF-EN-10000274,Office Supplies,Envelopes,"Kraft Business Envelopes, Recycled",3343
OFF-KRA-10001967,Office Supplies,Envelopes,"Kraft Business Envelopes, Set of 50",3357
OFF-EN-10004649,Office Supplies,Envelopes,"Cameo Mailers, with clear poly window",3370
OFF-EN-10004144,Office Supplies,Envelopes,"Cameo Clasp Envelope, Security-Tint",3377
OFF-EN-10002784,Office Supplies,Envelopes,"Cameo Manila Envelope, Recycled",3379
OFF-EN-10000776,Office Supplies,Envelopes,"Jiffy Peel and Seal, Set of 50",3432
OFF-EN-10003498,Office Supplies,Envelopes,"Cameo Interoffice Envelope, Recycled",3453
OFF-EN-10004470,Office Supplies,Envelopes,"Ames Clasp Envelope, Security-Tint",3484
OFF-EN-10000094,Office Supplies,Envelopes,"Jiffy Interoffice Envelope, Security-Tint",3493
OFF-EN-10002090,Office Supplies,Envelopes,"Kraft Peel and Seal, with clear poly window",3509
OFF-KRA-10002170,Office Supplies,Envelopes,"Kraft Business Envelopes, Security-Tint",3542
OFF-KRA-10000113,Office Supplies,Envelopes,"Kraft Peel and Seal, Recycled",3560
OFF-EN-10003080,Office Supplies,Envelopes,"Kraft Peel and Seal, Security-Tint",3581
OFF-EN-10004775,Office Supplies,Envelopes,"Kraft Manila Envelope, Set of 50",3588
OFF-EN-10004150,Office Supplies,Envelopes,"GlobeWeis Business Envelopes, Recycled",3612
OFF-EN-10001979,Office Supplies,Envelopes,"Cameo Clasp Envelope, Security-Tint",3614
OFF-EN-10003271,Office Supplies,Envelopes,"Ames Peel and Seal, Security-Tint",3617
OFF-EN-10000543,Office Supplies,Envelopes,"Ames Clasp Envelope, Security-Tint",3621
OFF-EN-10003392,Office Supplies,Envelopes,"Kraft Peel and Seal, Set of 50",3638
OFF-EN-10002065,Office Supplies,Envelopes,"Ames Clasp Envelope, Set of 50",3644
OFF-EN-10003630,Office Supplies,Envelopes,"GlobeWeis Business Envelopes, Set of 50",3664
OFF-EN-10002849,Office Supplies,Envelopes,"Kraft Interoffice Envelope, with clear poly window",3706
OFF-GLO-10000014,Office Supplies,Envelopes,"GlobeWeis Manila Envelope, with clear poly window",3728
OFF-EN-10004995,Office Supplies,Envelopes,"Ames Interoffice Envelope, with clear poly window",3737
OFF-EN-10003604,Office Supplies,Envelopes,"Jiffy Clasp Envelope, Set of 50",3761
OFF-EN-10003685,Office Supplies,Envelopes,"Jiffy Mailers, with clear poly window",3767
OFF-EN-10003463,Office Supplies,Envelopes,"Jiffy Peel and Seal, Recycled",3775
OFF-EN-10000114,Office Supplies,Envelopes,"Kraft Clasp Envelope, Security-Tint",3777
OFF-EN-10001162,Office Supplies,Envelopes,"GlobeWeis Mailers, Set of 50",3784
OFF-EN-10002671,Office Supplies,Envelopes,"GlobeWeis Interoffice Envelope, with clear poly window",3795
OFF-EN-10000315,Office Supplies,Envelopes,"Jiffy Business Envelopes, Security-Tint",3800
OFF-EN-10000927,Office Supplies,Envelopes,"Ames Business Envelopes, Set of 50",3816
OFF-EN-10004677,Office Supplies,Envelopes,"Jiffy Manila Envelope, Set of 50",3820
OFF-EN-10002789,Office Supplies,Envelopes,"Kraft Peel and Seal, Recycled",3860
OFF-EN-10004303,Office Supplies,Envelopes,"Jiffy Mailers, Recycled",3884
OFF-EN-10004074,Office Supplies,Envelopes,"GlobeWeis Clasp Envelope, Recycled",3891
OFF-EN-10003834,Office Supplies,Envelopes,"Cameo Business Envelopes, Recycled",3907
OFF-AME-10001587,Office Supplies,Envelopes,"Ames Peel and Seal, with clear poly window",3940
OFF-EN-10001728,Office Supplies,Envelopes,"Jiffy Interoffice Envelope, Recycled",3952
OFF-EN-10004459,Office Supplies,Envelopes,Security-Tint Envelopes,3958
OFF-EN-10004793,Office Supplies,Envelopes,"Ames Interoffice Envelope, Security-Tint",3979
OFF-EN-10003103,Office Supplies,Envelopes,"GlobeWeis Manila Envelope, with clear poly window",3990
OFF-JIF-10000704,Office Supplies,Envelopes,"Jiffy Clasp Envelope, Set of 50",4006
OFF-EN-10003939,Office Supplies,Envelopes,"Kraft Interoffice Envelope, Set of 50",4034
OFF-EN-10000084,Office Supplies,Envelopes,"Jiffy Manila Envelope, with clear poly window",4052
OFF-EN-10003094,Office Supplies,Envelopes,"Ames Peel and Seal, with clear poly window",4124
OFF-EN-10000215,Office Supplies,Envelopes,"Jiffy Interoffice Envelope, Security-Tint",4125
OFF-EN-10002700,Office Supplies,Envelopes,"Ames Business Envelopes, Recycled",4167
OFF-EN-10003669,Office Supplies,Envelopes,"Jiffy Mailers, Security-Tint",4175
OFF-JIF-10000375,Office Supplies,Envelopes,"Jiffy Mailers, Set of 50",4186
OFF-CAM-10000726,Office Supplies,Envelopes,"Cameo Interoffice Envelope, Security-Tint",4211
OFF-EN-10001532,Office Supplies,Envelopes,Brown Kraft Recycled Envelopes,4220
OFF-EN-10001990,Office Supplies,Envelopes,Staples,4221
OFF-EN-10000353,Office Supplies,Envelopes,"Jiffy Mailers, with clear poly window",4253
OFF-EN-10002449,Office Supplies,Envelopes,"Ames Interoffice Envelope, Security-Tint",4277
OFF-EN-10001991,Office Supplies,Envelopes,"Kraft Clasp Envelope, Set of 50",4280
OFF-EN-10004784,Office Supplies,Envelopes,"Kraft Business Envelopes, Recycled",4295
OFF-EN-10000315,Office Supplies,Envelopes,"Kraft Manila Envelope, Recycled",4320
OFF-EN-10004788,Office Supplies,Envelopes,"Cameo Manila Envelope, Recycled",4323
OFF-EN-10004667,Office Supplies,Envelopes,"Kraft Interoffice Envelope, Set of 50",4360
OFF-EN-10001789,Office Supplies,Envelopes,"Kraft Peel and Seal, Set of 50",4435
OFF-EN-10002007,Office Supplies,Envelopes,"Kraft Clasp Envelope, with clear poly window",4445
OFF-EN-10004941,Office Supplies,Envelopes,"GlobeWeis Manila Envelope, Recycled",4462
OFF-EN-10000296,Office Supplies,Envelopes,"Cameo Business Envelopes, Security-Tint",4495
OFF-EN-10004479,Office Supplies,Envelopes,"Ames Clasp Envelope, Security-Tint",4558
OFF-EN-10002855,Office Supplies,Envelopes,"Kraft Interoffice Envelope, Security-Tint",4580
OFF-EN-10000645,Office Supplies,Envelopes,"Ames Mailers, Recycled",4589
OFF-EN-10000383,Office Supplies,Envelopes,"Kraft Business Envelopes, Recycled",4634
OFF-EN-10004190,Office Supplies,Envelopes,"Cameo Mailers, Security-Tint",4637
OFF-EN-10001755,Office Supplies,Envelopes,"Ames Interoffice Envelope, Set of 50",4652
OFF-EN-10002226,Office Supplies,Envelopes,"Jiffy Clasp Envelope, Recycled",4675
OFF-EN-10004909,Office Supplies,Envelopes,"GlobeWeis Peel and Seal, Recycled",4706
OFF-EN-10001861,Office Supplies,Envelopes,"Kraft Peel and Seal, Set of 50",4715
OFF-EN-10001832,Office Supplies,Envelopes,"Kraft Clasp Envelope, Set of 50",4722
OFF-EN-10003055,Office Supplies,Envelopes,"Blue String-Tie & Button Interoffice Envelopes, 10 x 13",4729
OFF-JIF-10003115,Office Supplies,Envelopes,"Jiffy Interoffice Envelope, Recycled",4741
OFF-EN-10003068,Office Supplies,Envelopes,#6 3/4 Gummed Flap White Envelopes,4752
OFF-EN-10001712,Office Supplies,Envelopes,"Kraft Interoffice Envelope, Set of 50",4756
OFF-EN-10002140,Office Supplies,Envelopes,"Jiffy Business Envelopes, Recycled",4761
OFF-EN-10000328,Office Supplies,Envelopes,"Kraft Business Envelopes, Set of 50",4763
OFF-AME-10003180,Office Supplies,Envelopes,"Ames Business Envelopes, Set of 50",4783
OFF-EN-10001509,Office Supplies,Envelopes,Poly String Tie Envelopes,4795
OFF-EN-10003160,Office Supplies,Envelopes,Pastel Pink Envelopes,4798
OFF-EN-10004684,Office Supplies,Envelopes,"GlobeWeis Mailers, with clear poly window",4814
OFF-EN-10003547,Office Supplies,Envelopes,"Jiffy Interoffice Envelope, Set of 50",4819
OFF-CAM-10004338,Office Supplies,Envelopes,"Cameo Interoffice Envelope, Set of 50",4845
OFF-CAM-10001177,Office Supplies,Envelopes,"Cameo Manila Envelope, Recycled",4846
OFF-EN-10000128,Office Supplies,Envelopes,"GlobeWeis Interoffice Envelope, Set of 50",4898
OFF-EN-10001823,Office Supplies,Envelopes,"Cameo Mailers, Recycled",4910
OFF-KRA-10002828,Office Supplies,Envelopes,"Kraft Peel and Seal, Security-Tint",4925
OFF-KRA-10002406,Office Supplies,Envelopes,"Kraft Interoffice Envelope, with clear poly window",4927
OFF-GLO-10003639,Office Supplies,Envelopes,"GlobeWeis Interoffice Envelope, Security-Tint",4995
OFF-EN-10004840,Office Supplies,Envelopes,"Jiffy Clasp Envelope, Security-Tint",5041
OFF-EN-10003176,Office Supplies,Envelopes,"Cameo Manila Envelope, Set of 50",5044
OFF-EN-10000061,Office Supplies,Envelopes,"Jiffy Clasp Envelope, Security-Tint",5050
OFF-EN-10004422,Office Supplies,Envelopes,"Cameo Peel and Seal, Set of 50",5054
OFF-EN-10004493,Office Supplies,Envelopes,"GlobeWeis Manila Envelope, Security-Tint",5064
OFF-EN-10004590,Office Supplies,Envelopes,"Ames Peel and Seal, with clear poly window",5069
OFF-EN-10001109,Office Supplies,Envelopes,"Jiffy Manila Envelope, Set of 50",5085
OFF-EN-10000139,Office Supplies,Envelopes,"Ames Manila Envelope, Recycled",5091
OFF-EN-10004885,Office Supplies,Envelopes,"Jiffy Interoffice Envelope, Recycled",5138
OFF-EN-10000826,Office Supplies,Envelopes,"GlobeWeis Manila Envelope, Set of 50",5143
OFF-EN-10003455,Office Supplies,Envelopes,"Cameo Manila Envelope, Set of 50",5194
OFF-GLO-10004430,Office Supplies,Envelopes,"GlobeWeis Business Envelopes, Recycled",5244
OFF-EN-10003898,Office Supplies,Envelopes,"Ames Peel and Seal, Set of 50",5278
OFF-EN-10002850,Office Supplies,Envelopes,"Ames Manila Envelope, Recycled",5287
OFF-EN-10004904,Office Supplies,Envelopes,"Cameo Manila Envelope, Set of 50",5288
OFF-EN-10001047,Office Supplies,Envelopes,"Jiffy Manila Envelope, Security-Tint",5292
OFF-EN-10003817,Office Supplies,Envelopes,"Jiffy Business Envelopes, Security-Tint",5299
OFF-EN-10000788,Office Supplies,Envelopes,"Cameo Peel and Seal, Set of 50",5319
OFF-EN-10000056,Office Supplies,Envelopes,"Ames Manila Envelope, Security-Tint",5320
OFF-EN-10003381,Office Supplies,Envelopes,"Cameo Manila Envelope, Security-Tint",5321
OFF-EN-10001940,Office Supplies,Envelopes,"Cameo Peel and Seal, Security-Tint",5340
OFF-EN-10003661,Office Supplies,Envelopes,"Cameo Clasp Envelope, Recycled",5345
OFF-EN-10004742,Office Supplies,Envelopes,"Kraft Interoffice Envelope, Recycled",5351
OFF-EN-10000755,Office Supplies,Envelopes,"Ames Mailers, Recycled",5362
OFF-EN-10003507,Office Supplies,Envelopes,"Kraft Business Envelopes, Recycled",5363
OFF-EN-10004410,Office Supplies,Envelopes,"GlobeWeis Mailers, Security-Tint",5367
OFF-EN-10004903,Office Supplies,Envelopes,"Cameo Manila Envelope, with clear poly window",5373
OFF-EN-10003859,Office Supplies,Envelopes,"Jiffy Interoffice Envelope, with clear poly window",5374
OFF-KRA-10003816,Office Supplies,Envelopes,"Kraft Mailers, with clear poly window",5409
OFF-CAM-10001191,Office Supplies,Envelopes,"Cameo Peel and Seal, Recycled",5410
OFF-KRA-10002094,Office Supplies,Envelopes,"Kraft Clasp Envelope, Security-Tint",5413
OFF-GLO-10000485,Office Supplies,Envelopes,"GlobeWeis Mailers, Security-Tint",5414
OFF-AME-10001641,Office Supplies,Envelopes,"Ames Interoffice Envelope, Recycled",5490
OFF-EN-10003000,Office Supplies,Envelopes,"Cameo Mailers, Recycled",5531
OFF-EN-10004173,Office Supplies,Envelopes,"Ames Peel and Seal, Recycled",5553
OFF-EN-10004186,Office Supplies,Envelopes,"Cameo Mailers, Set of 50",5565
OFF-EN-10003073,Office Supplies,Envelopes,"Jiffy Business Envelopes, Set of 50",5616
OFF-EN-10003601,Office Supplies,Envelopes,"GlobeWeis Clasp Envelope, Set of 50",5632
OFF-EN-10001029,Office Supplies,Envelopes,"Cameo Business Envelopes, Recycled",5635
OFF-EN-10001977,Office Supplies,Envelopes,"Cameo Business Envelopes, Recycled",5649
OFF-EN-10000142,Office Supplies,Envelopes,"Ames Business Envelopes, Security-Tint",5677
OFF-EN-10003361,Office Supplies,Envelopes,"GlobeWeis Manila Envelope, Security-Tint",5678
OFF-EN-10000927,Office Supplies,Envelopes,Jet-Pak Recycled Peel 'n Seal Padded Mailers,5687
OFF-EN-10003560,Office Supplies,Envelopes,"Kraft Clasp Envelope, with clear poly window",5693
OFF-EN-10001535,Office Supplies,Envelopes,Grip Seal Envelopes,5833
OFF-EN-10000461,Office Supplies,Envelopes,"#10- 4 1/8"" x 9 1/2"" Recycled Envelopes",5855
OFF-EN-10002621,Office Supplies,Envelopes,Staples,5863
OFF-EN-10001137,Office Supplies,Envelopes,"#10 Gummed Flap White Envelopes, 100/Box",5887
OFF-EN-10003072,Office Supplies,Envelopes,Peel & Seel Envelopes,5894
OFF-EN-10004892,Office Supplies,Envelopes,"Ames Manila Envelope, with clear poly window",5902
OFF-EN-10000387,Office Supplies,Envelopes,"Kraft Clasp Envelope, Recycled",5903
OFF-EN-10002186,Office Supplies,Envelopes,"Kraft Manila Envelope, Set of 50",5911
OFF-EN-10000857,Office Supplies,Envelopes,"Jiffy Interoffice Envelope, Set of 50",5913
OFF-GLO-10003429,Office Supplies,Envelopes,"GlobeWeis Peel and Seal, Set of 50",5945
OFF-EN-10000714,Office Supplies,Envelopes,"Ames Mailers, Set of 50",5949
OFF-EN-10002674,Office Supplies,Envelopes,"Cameo Interoffice Envelope, Set of 50",5957
OFF-EN-10003472,Office Supplies,Envelopes,"Cameo Clasp Envelope, Security-Tint",5958
OFF-EN-10000258,Office Supplies,Envelopes,"GlobeWeis Peel and Seal, with clear poly window",5971
OFF-EN-10003071,Office Supplies,Envelopes,"Kraft Clasp Envelope, Security-Tint",6032
OFF-EN-10001311,Office Supplies,Envelopes,"GlobeWeis Business Envelopes, with clear poly window",6037
OFF-EN-10002624,Office Supplies,Envelopes,"Jiffy Clasp Envelope, Set of 50",6046
OFF-EN-10004755,Office Supplies,Envelopes,"Cameo Business Envelopes, Set of 50",6067
OFF-EN-10000975,Office Supplies,Envelopes,"Ames Manila Envelope, Set of 50",6080
OFF-EN-10001733,Office Supplies,Envelopes,"Cameo Interoffice Envelope, with clear poly window",6082
OFF-EN-10004453,Office Supplies,Envelopes,"Kraft Interoffice Envelope, Security-Tint",6088
OFF-EN-10003979,Office Supplies,Envelopes,"Kraft Clasp Envelope, with clear poly window",6089
OFF-EN-10004507,Office Supplies,Envelopes,"GlobeWeis Mailers, Set of 50",6095
OFF-EN-10003512,Office Supplies,Envelopes,"Jiffy Peel and Seal, Recycled",6097
OFF-EN-10001453,Office Supplies,Envelopes,"Tyvek Interoffice Envelopes, 9 1/2"" x 12 1/2"", 100/Box",6125
OFF-EN-10004988,Office Supplies,Envelopes,"Cameo Mailers, Set of 50",6144
OFF-EN-10000338,Office Supplies,Envelopes,"Kraft Mailers, Recycled",6149
OFF-EN-10004386,Office Supplies,Envelopes,"Recycled Interoffice Envelopes with String and Button Closure, 10 x 13",6166
OFF-EN-10002806,Office Supplies,Envelopes,"GlobeWeis Peel and Seal, Recycled",6171
OFF-EN-10001751,Office Supplies,Envelopes,"GlobeWeis Mailers, Set of 50",6235
OFF-EN-10004525,Office Supplies,Envelopes,"GlobeWeis Peel and Seal, Security-Tint",6243
OFF-EN-10004560,Office Supplies,Envelopes,"Cameo Business Envelopes, Security-Tint",6245
OFF-EN-10002013,Office Supplies,Envelopes,"Cameo Business Envelopes, Security-Tint",6254
OFF-EN-10003577,Office Supplies,Envelopes,"GlobeWeis Manila Envelope, with clear poly window",6263
OFF-EN-10003933,Office Supplies,Envelopes,"Kraft Manila Envelope, Security-Tint",6280
OFF-EN-10000897,Office Supplies,Envelopes,"Kraft Mailers, Set of 50",6285
OFF-EN-10001202,Office Supplies,Envelopes,"Kraft Clasp Envelope, with clear poly window",6287
OFF-EN-10000056,Office Supplies,Envelopes,Cameo Buff Policy Envelopes,6330
OFF-EN-10004955,Office Supplies,Envelopes,Fashion Color Clasp Envelopes,6364
OFF-EN-10003296,Office Supplies,Envelopes,Tyvek Side-Opening Peel & Seel Expanding Envelopes,6386
OFF-EN-10004030,Office Supplies,Envelopes,Convenience Packs of Business Envelopes,6432
OFF-EN-10004057,Office Supplies,Envelopes,"Jiffy Manila Envelope, Recycled",6483
OFF-EN-10000532,Office Supplies,Envelopes,"Cameo Clasp Envelope, Set of 50",6496
OFF-EN-10002559,Office Supplies,Envelopes,"Kraft Clasp Envelope, Recycled",6520
OFF-EN-10003636,Office Supplies,Envelopes,"Jiffy Peel and Seal, Security-Tint",6584
OFF-EN-10003111,Office Supplies,Envelopes,"GlobeWeis Clasp Envelope, Recycled",6623
OFF-EN-10002348,Office Supplies,Envelopes,"Cameo Peel and Seal, Set of 50",6624
OFF-EN-10000061,Office Supplies,Envelopes,"Cameo Business Envelopes, Set of 50",6638
OFF-EN-10000623,Office Supplies,Envelopes,"Ames Manila Envelope, with clear poly window",6667
OFF-CAM-10004271,Office Supplies,Envelopes,"Cameo Mailers, Recycled",6691
OFF-GLO-10002982,Office Supplies,Envelopes,"GlobeWeis Mailers, Set of 50",6707
OFF-GLO-10001127,Office Supplies,Envelopes,"GlobeWeis Business Envelopes, Set of 50",6708
OFF-EN-10003567,Office Supplies,Envelopes,"Inter-Office Recycled Envelopes, Brown Kraft, Button-String,10"" x 13"" , 100/Box",6757
OFF-EN-10001415,Office Supplies,Envelopes,Staples,6764
OFF-EN-10001219,Office Supplies,Envelopes,"#10- 4 1/8"" x 9 1/2"" Security-Tint Envelopes",6779
OFF-EN-10001335,Office Supplies,Envelopes,"White Business Envelopes with Contemporary Seam, Recycled White Business Envelopes",6789
OFF-EN-10003422,Office Supplies,Envelopes,"Kraft Peel and Seal, Recycled",6814
OFF-EN-10002613,Office Supplies,Envelopes,"Ames Clasp Envelope, Security-Tint",6820
OFF-EN-10000031,Office Supplies,Envelopes,"Ames Peel and Seal, Security-Tint",6828
OFF-EN-10003798,Office Supplies,Envelopes,"Recycled Interoffice Envelopes with Re-Use-A-Seal Closure, 10 x 13",6846
OFF-EN-10002556,Office Supplies,Envelopes,"Ames Business Envelopes, Recycled",6868
OFF-EN-10002035,Office Supplies,Envelopes,"Kraft Mailers, Set of 50",6890
OFF-EN-10001882,Office Supplies,Envelopes,"Jiffy Manila Envelope, with clear poly window",6937
OFF-EN-10003632,Office Supplies,Envelopes,"Jiffy Mailers, Recycled",6940
OFF-EN-10003465,Office Supplies,Envelopes,"Cameo Peel and Seal, Security-Tint",7004
OFF-EN-10004181,Office Supplies,Envelopes,"GlobeWeis Business Envelopes, Recycled",7010
OFF-EN-10003520,Office Supplies,Envelopes,"Cameo Clasp Envelope, Set of 50",7013
OFF-EN-10000648,Office Supplies,Envelopes,"Jiffy Peel and Seal, with clear poly window",7017
OFF-EN-10001136,Office Supplies,Envelopes,"Kraft Interoffice Envelope, Recycled",7022
OFF-EN-10002630,Office Supplies,Envelopes,"Ames Business Envelopes, Recycled",7027
OFF-EN-10004744,Office Supplies,Envelopes,"GlobeWeis Mailers, with clear poly window",7030
OFF-EN-10003904,Office Supplies,Envelopes,"Jiffy Business Envelopes, Recycled",7048
OFF-KRA-10002085,Office Supplies,Envelopes,"Kraft Clasp Envelope, with clear poly window",7073
OFF-EN-10000890,Office Supplies,Envelopes,"Ames Peel and Seal, Recycled",7103
OFF-EN-10001375,Office Supplies,Envelopes,"GlobeWeis Mailers, with clear poly window",7119
OFF-JIF-10004213,Office Supplies,Envelopes,"Jiffy Business Envelopes, Set of 50",7141
OFF-EN-10004604,Office Supplies,Envelopes,"Ames Peel and Seal, Set of 50",7158
OFF-EN-10004649,Office Supplies,Envelopes,"Ames Mailers, Recycled",7160
OFF-EN-10002955,Office Supplies,Envelopes,"Jiffy Interoffice Envelope, with clear poly window",7191
OFF-EN-10000726,Office Supplies,Envelopes,"Jiffy Clasp Envelope, Set of 50",7204
OFF-EN-10002808,Office Supplies,Envelopes,"Cameo Business Envelopes, Set of 50",7215
OFF-EN-10002119,Office Supplies,Envelopes,"Ames Manila Envelope, Security-Tint",7240
OFF-KRA-10001807,Office Supplies,Envelopes,"Kraft Manila Envelope, Security-Tint",7278
OFF-EN-10004773,Office Supplies,Envelopes,Staples,7297
OFF-EN-10004820,Office Supplies,Envelopes,"Cameo Manila Envelope, Security-Tint",7302
OFF-EN-10001443,Office Supplies,Envelopes,"Jiffy Business Envelopes, Recycled",7303
OFF-EN-10002015,Office Supplies,Envelopes,"GlobeWeis Peel and Seal, with clear poly window",7323
OFF-EN-10000359,Office Supplies,Envelopes,"Ames Clasp Envelope, Recycled",7331
OFF-EN-10004571,Office Supplies,Envelopes,"Ames Peel and Seal, with clear poly window",7339
OFF-EN-10004580,Office Supplies,Envelopes,"Cameo Interoffice Envelope, with clear poly window",7378
OFF-EN-10003231,Office Supplies,Envelopes,"Jiffy Business Envelopes, Set of 50",7404
OFF-EN-10000428,Office Supplies,Envelopes,"Cameo Clasp Envelope, with clear poly window",7430
OFF-EN-10001434,Office Supplies,Envelopes,"Strathmore #10 Envelopes, Ultimate White",7431
OFF-EN-10000507,Office Supplies,Envelopes,"GlobeWeis Peel and Seal, Set of 50",7485
OFF-EN-10004147,Office Supplies,Envelopes,Wausau Papers Astrobrights Colored Envelopes,7492
OFF-CAM-10001761,Office Supplies,Envelopes,"Cameo Clasp Envelope, Security-Tint",7498
OFF-EN-10003628,Office Supplies,Envelopes,"GlobeWeis Manila Envelope, Set of 50",7504
OFF-GLO-10003650,Office Supplies,Envelopes,"GlobeWeis Mailers, with clear poly window",7617
OFF-EN-10001715,Office Supplies,Envelopes,"Ames Clasp Envelope, with clear poly window",7629
OFF-EN-10000561,Office Supplies,Envelopes,"Ames Business Envelopes, Recycled",7631
OFF-EN-10004305,Office Supplies,Envelopes,"Jiffy Manila Envelope, Security-Tint",7632
OFF-EN-10003737,Office Supplies,Envelopes,"Cameo Interoffice Envelope, Set of 50",7668
OFF-EN-10003729,Office Supplies,Envelopes,"Kraft Manila Envelope, Recycled",7670
OFF-EN-10004846,Office Supplies,Envelopes,Letter or Legal Size Expandable Poly String Tie Envelopes,7688
OFF-EN-10003920,Office Supplies,Envelopes,"Jiffy Business Envelopes, Set of 50",7692
OFF-EN-10002034,Office Supplies,Envelopes,"Ames Peel and Seal, with clear poly window",7751
OFF-EN-10002066,Office Supplies,Envelopes,"Kraft Interoffice Envelope, with clear poly window",7754
OFF-EN-10001315,Office Supplies,Envelopes,"Jiffy Manila Envelope, Security-Tint",7767
OFF-EN-10000615,Office Supplies,Envelopes,"Jiffy Mailers, Security-Tint",7778
OFF-EN-10004211,Office Supplies,Envelopes,"GlobeWeis Business Envelopes, Security-Tint",7790
OFF-EN-10003533,Office Supplies,Envelopes,"Cameo Peel and Seal, Recycled",7813
OFF-EN-10003737,Office Supplies,Envelopes,"Kraft Business Envelopes, Set of 50",7825
OFF-EN-10001028,Office Supplies,Envelopes,Staples,7829
OFF-EN-10002723,Office Supplies,Envelopes,"Cameo Interoffice Envelope, with clear poly window",7844
OFF-EN-10000069,Office Supplies,Envelopes,"Ames Mailers, Security-Tint",7860
OFF-EN-10003448,Office Supplies,Envelopes,"Cameo Clasp Envelope, Set of 50",7862
OFF-EN-10003689,Office Supplies,Envelopes,"Kraft Business Envelopes, Security-Tint",7866
OFF-EN-10004183,Office Supplies,Envelopes,"Jiffy Business Envelopes, Recycled",7891
OFF-EN-10004418,Office Supplies,Envelopes,"GlobeWeis Clasp Envelope, Recycled",7895
OFF-EN-10000539,Office Supplies,Envelopes,"Ames Clasp Envelope, with clear poly window",7903
OFF-EN-10000219,Office Supplies,Envelopes,"Jiffy Clasp Envelope, Recycled",7948
OFF-EN-10004053,Office Supplies,Envelopes,"GlobeWeis Manila Envelope, with clear poly window",7959
OFF-EN-10003977,Office Supplies,Envelopes,"Cameo Clasp Envelope, Recycled",7990
OFF-EN-10004849,Office Supplies,Envelopes,"Cameo Mailers, Security-Tint",8030
OFF-EN-10004296,Office Supplies,Envelopes,"GlobeWeis Mailers, Security-Tint",8048
OFF-EN-10003435,Office Supplies,Envelopes,"GlobeWeis Business Envelopes, with clear poly window",8057
OFF-EN-10001038,Office Supplies,Envelopes,"Jiffy Mailers, Set of 50",8069
OFF-EN-10003862,Office Supplies,Envelopes,Laser & Ink Jet Business Envelopes,8096
OFF-EN-10002831,Office Supplies,Envelopes,"Tyvek  Top-Opening Peel & Seel  Envelopes, Gray",8098
OFF-EN-10001627,Office Supplies,Envelopes,"Cameo Interoffice Envelope, with clear poly window",8108
OFF-EN-10003832,Office Supplies,Envelopes,"Ames Business Envelopes, Set of 50",8117
OFF-EN-10002003,Office Supplies,Envelopes,"Ames Clasp Envelope, Set of 50",8148
OFF-EN-10003619,Office Supplies,Envelopes,"Kraft Manila Envelope, with clear poly window",8161
OFF-EN-10000968,Office Supplies,Envelopes,"Kraft Mailers, Recycled",8180
OFF-EN-10001616,Office Supplies,Envelopes,"GlobeWeis Business Envelopes, Recycled",8186
OFF-EN-10002816,Office Supplies,Envelopes,"Kraft Peel and Seal, Recycled",8187
OFF-AME-10002557,Office Supplies,Envelopes,"Ames Business Envelopes, Recycled",8209
OFF-EN-10001099,Office Supplies,Envelopes,Staples,8270
OFF-EN-10003001,Office Supplies,Envelopes,Ames Color-File Green Diamond Border X-ray Mailers,8279
OFF-EN-10002986,Office Supplies,Envelopes,"#10-4 1/8"" x 9 1/2"" Premium Diagonal Seam Envelopes",8284
OFF-EN-10003040,Office Supplies,Envelopes,Quality Park Security Envelopes,8285
OFF-KRA-10002441,Office Supplies,Envelopes,"Kraft Business Envelopes, Recycled",8302
OFF-EN-10002166,Office Supplies,Envelopes,"Cameo Manila Envelope, with clear poly window",8305
OFF-EN-10003540,Office Supplies,Envelopes,"Cameo Mailers, Set of 50",8309
OFF-EN-10004100,Office Supplies,Envelopes,"Kraft Mailers, Security-Tint",8324
OFF-EN-10002961,Office Supplies,Envelopes,"Kraft Clasp Envelope, Security-Tint",8328
OFF-EN-10002500,Office Supplies,Envelopes,Globe Weis Peel & Seel First Class Envelopes,8331
OFF-EN-10004518,Office Supplies,Envelopes,"GlobeWeis Mailers, Recycled",8382
OFF-EN-10003737,Office Supplies,Envelopes,"Jiffy Mailers, Security-Tint",8403
OFF-EN-10004564,Office Supplies,Envelopes,"Jiffy Mailers, Set of 50",8406
OFF-EN-10001669,Office Supplies,Envelopes,"Ames Interoffice Envelope, with clear poly window",8412
OFF-EN-10003838,Office Supplies,Envelopes,"Cameo Business Envelopes, Security-Tint",8436
OFF-EN-10003508,Office Supplies,Envelopes,"GlobeWeis Peel and Seal, with clear poly window",8443
OFF-EN-10001997,Office Supplies,Envelopes,"GlobeWeis Business Envelopes, with clear poly window",8465
OFF-KRA-10000492,Office Supplies,Envelopes,"Kraft Manila Envelope, Recycled",8477
OFF-KRA-10000117,Office Supplies,Envelopes,"Kraft Mailers, Security-Tint",8478
OFF-JIF-10004747,Office Supplies,Envelopes,"Jiffy Manila Envelope, with clear poly window",8485
OFF-EN-10002490,Office Supplies,Envelopes,"Kraft Peel and Seal, with clear poly window",8513
OFF-JIF-10000890,Office Supplies,Envelopes,"Jiffy Peel and Seal, Security-Tint",8520
OFF-KRA-10004876,Office Supplies,Envelopes,"Kraft Interoffice Envelope, Set of 50",8537
OFF-EN-10004173,Office Supplies,Envelopes,"Jiffy Manila Envelope, Set of 50",8586
OFF-EN-10003391,Office Supplies,Envelopes,"Jiffy Manila Envelope, Set of 50",8597
OFF-EN-10002540,Office Supplies,Envelopes,"GlobeWeis Clasp Envelope, with clear poly window",8608
OFF-EN-10001976,Office Supplies,Envelopes,"Jiffy Interoffice Envelope, Security-Tint",8623
OFF-EN-10003316,Office Supplies,Envelopes,"Jiffy Business Envelopes, Recycled",8630
OFF-CAM-10004002,Office Supplies,Envelopes,"Cameo Business Envelopes, Set of 50",8636
OFF-KRA-10000534,Office Supplies,Envelopes,"Kraft Interoffice Envelope, Security-Tint",8639
OFF-EN-10000812,Office Supplies,Envelopes,"GlobeWeis Clasp Envelope, Set of 50",8650
OFF-AME-10001009,Office Supplies,Envelopes,"Ames Interoffice Envelope, Set of 50",8652
OFF-EN-10004495,Office Supplies,Envelopes,"Kraft Peel and Seal, Security-Tint",8659
OFF-EN-10003550,Office Supplies,Envelopes,"Ames Mailers, Set of 50",8661
OFF-CAM-10002734,Office Supplies,Envelopes,"Cameo Clasp Envelope, with clear poly window",8677
OFF-EN-10001539,Office Supplies,Envelopes,Staples,8692
OFF-EN-10002725,Office Supplies,Envelopes,"Ames Manila Envelope, Set of 50",8697
OFF-EN-10004012,Office Supplies,Envelopes,"GlobeWeis Peel and Seal, Set of 50",8702
OFF-EN-10003850,Office Supplies,Envelopes,"GlobeWeis Clasp Envelope, Security-Tint",8703
OFF-AME-10000360,Office Supplies,Envelopes,"Ames Interoffice Envelope, Security-Tint",8727
OFF-EN-10004503,Office Supplies,Envelopes,"GlobeWeis Peel and Seal, Security-Tint",8732
OFF-EN-10002757,Office Supplies,Envelopes,"Ames Interoffice Envelope, Security-Tint",8736
OFF-JIF-10003677,Office Supplies,Envelopes,"Jiffy Peel and Seal, Set of 50",8737
OFF-EN-10003431,Office Supplies,Envelopes,"Cameo Interoffice Envelope, Security-Tint",8759
OFF-EN-10003373,Office Supplies,Envelopes,"GlobeWeis Interoffice Envelope, Recycled",8760
OFF-EN-10002434,Office Supplies,Envelopes,"Kraft Manila Envelope, Recycled",8776
OFF-GLO-10001567,Office Supplies,Envelopes,"GlobeWeis Clasp Envelope, with clear poly window",8789
OFF-GLO-10000617,Office Supplies,Envelopes,"GlobeWeis Peel and Seal, Recycled",8803
OFF-AME-10002956,Office Supplies,Envelopes,"Ames Business Envelopes, Security-Tint",8826
OFF-EN-10000657,Office Supplies,Envelopes,"Jiffy Peel and Seal, with clear poly window",8831
OFF-GLO-10000201,Office Supplies,Envelopes,"GlobeWeis Clasp Envelope, Recycled",8839
OFF-EN-10004958,Office Supplies,Envelopes,"Cameo Manila Envelope, Security-Tint",8864
OFF-EN-10003838,Office Supplies,Envelopes,"Cameo Peel and Seal, with clear poly window",8870
OFF-JIF-10000165,Office Supplies,Envelopes,"Jiffy Business Envelopes, Recycled",8872
OFF-EN-10002048,Office Supplies,Envelopes,"Ames Manila Envelope, Set of 50",8875
OFF-JIF-10000843,Office Supplies,Envelopes,"Jiffy Manila Envelope, Set of 50",8944
OFF-CAM-10003511,Office Supplies,Envelopes,"Cameo Clasp Envelope, Set of 50",8947
OFF-EN-10004938,Office Supplies,Envelopes,"Ames Business Envelopes, Set of 50",8963
OFF-EN-10003332,Office Supplies,Envelopes,"Jiffy Interoffice Envelope, Recycled",8964
OFF-EN-10000271,Office Supplies,Envelopes,"Kraft Peel and Seal, with clear poly window",8983
OFF-EN-10000940,Office Supplies,Envelopes,"Ames Interoffice Envelope, Recycled",8992
OFF-EN-10000788,Office Supplies,Envelopes,"Jiffy Manila Envelope, Security-Tint",9019
OFF-EN-10002891,Office Supplies,Envelopes,"GlobeWeis Mailers, with clear poly window",9038
OFF-EN-10004568,Office Supplies,Envelopes,"Kraft Business Envelopes, Set of 50",9051
OFF-EN-10003675,Office Supplies,Envelopes,"GlobeWeis Interoffice Envelope, Recycled",9054
OFF-KRA-10002126,Office Supplies,Envelopes,"Kraft Business Envelopes, Recycled",9078
OFF-EN-10000025,Office Supplies,Envelopes,"Cameo Interoffice Envelope, Recycled",9092
OFF-EN-10003887,Office Supplies,Envelopes,"Cameo Interoffice Envelope, with clear poly window",9112
OFF-EN-10001854,Office Supplies,Envelopes,"Jiffy Business Envelopes, Recycled",9120
OFF-EN-10002013,Office Supplies,Envelopes,"Kraft Business Envelopes, Security-Tint",9134
OFF-EN-10000122,Office Supplies,Envelopes,"Ames Business Envelopes, Recycled",9136
OFF-EN-10003615,Office Supplies,Envelopes,"GlobeWeis Interoffice Envelope, with clear poly window",9142
OFF-EN-10000694,Office Supplies,Envelopes,"GlobeWeis Business Envelopes, Security-Tint",9146
OFF-EN-10002312,Office Supplies,Envelopes,#10 Self-Seal White Envelopes,9149
OFF-EN-10003511,Office Supplies,Envelopes,"Jiffy Interoffice Envelope, Security-Tint",9162
OFF-EN-10003733,Office Supplies,Envelopes,"Cameo Interoffice Envelope, Security-Tint",9241
OFF-GLO-10003496,Office Supplies,Envelopes,"GlobeWeis Manila Envelope, Set of 50",9254
OFF-JIF-10002228,Office Supplies,Envelopes,"Jiffy Interoffice Envelope, with clear poly window",9261
OFF-EN-10000358,Office Supplies,Envelopes,"Cameo Business Envelopes, Recycled",9285
OFF-EN-10003413,Office Supplies,Envelopes,"Kraft Manila Envelope, Security-Tint",9296
OFF-EN-10001346,Office Supplies,Envelopes,"GlobeWeis Interoffice Envelope, Security-Tint",9299
OFF-EN-10003484,Office Supplies,Envelopes,"Ames Clasp Envelope, Recycled",9304
OFF-GLO-10001688,Office Supplies,Envelopes,"GlobeWeis Manila Envelope, Recycled",9321
OFF-EN-10002710,Office Supplies,Envelopes,"GlobeWeis Interoffice Envelope, with clear poly window",9337
OFF-EN-10003425,Office Supplies,Envelopes,"Cameo Mailers, Recycled",9340
OFF-EN-10003721,Office Supplies,Envelopes,"Jiffy Business Envelopes, Security-Tint",9352
OFF-EN-10004051,Office Supplies,Envelopes,"Ames Manila Envelope, Set of 50",9386
OFF-EN-10004309,Office Supplies,Envelopes,"GlobeWeis Business Envelopes, Recycled",9390
OFF-EN-10001727,Office Supplies,Envelopes,"Jiffy Business Envelopes, Recycled",9453
OFF-EN-10003520,Office Supplies,Envelopes,"Kraft Mailers, Recycled",9454
OFF-EN-10002936,Office Supplies,Envelopes,"GlobeWeis Business Envelopes, with clear poly window",9468
OFF-EN-10002061,Office Supplies,Envelopes,"Cameo Mailers, Set of 50",9470
OFF-EN-10002911,Office Supplies,Envelopes,"Ames Manila Envelope, with clear poly window",9484
OFF-EN-10004899,Office Supplies,Envelopes,"Jiffy Mailers, Recycled",9498
OFF-GLO-10004160,Office Supplies,Envelopes,"GlobeWeis Business Envelopes, with clear poly window",9545
OFF-EN-10001480,Office Supplies,Envelopes,"Kraft Interoffice Envelope, Security-Tint",9580
OFF-EN-10003448,Office Supplies,Envelopes,"Peel & Seel Recycled Catalog Envelopes, Brown",9589
OFF-JIF-10003976,Office Supplies,Envelopes,"Jiffy Mailers, with clear poly window",9601
OFF-JIF-10002454,Office Supplies,Envelopes,"Jiffy Manila Envelope, Recycled",9603
OFF-EN-10003444,Office Supplies,Envelopes,"Jiffy Clasp Envelope, with clear poly window",9610
OFF-EN-10000857,Office Supplies,Envelopes,"Ames Mailers, Security-Tint",9620
OFF-EN-10001749,Office Supplies,Envelopes,Jiffy Padded Mailers with Self-Seal Closure,9651
OFF-EN-10002122,Office Supplies,Envelopes,"Jiffy Mailers, with clear poly window",9665
OFF-EN-10002313,Office Supplies,Envelopes,"GlobeWeis Mailers, Recycled",9674
OFF-EN-10001870,Office Supplies,Envelopes,"Kraft Peel and Seal, Security-Tint",9678
OFF-EN-10001538,Office Supplies,Envelopes,"Jiffy Peel and Seal, Recycled",9680
OFF-EN-10002240,Office Supplies,Envelopes,"GlobeWeis Clasp Envelope, with clear poly window",9705
OFF-EN-10003854,Office Supplies,Envelopes,"Jiffy Clasp Envelope, Security-Tint",9712
OFF-EN-10000053,Office Supplies,Envelopes,"Ames Business Envelopes, Recycled",9718
OFF-EN-10003748,Office Supplies,Envelopes,"Ames Mailers, with clear poly window",9722
OFF-EN-10004007,Office Supplies,Envelopes,Park Ridge Embossed Executive Business Envelopes,9742
OFF-EN-10002634,Office Supplies,Envelopes,"Jiffy Clasp Envelope, Set of 50",9743
OFF-EN-10002873,Office Supplies,Envelopes,"Ames Interoffice Envelope, Recycled",9748
OFF-EN-10004469,Office Supplies,Envelopes,"Jiffy Manila Envelope, Recycled",9773
OFF-EN-10000938,Office Supplies,Envelopes,"Jiffy Business Envelopes, Security-Tint",9817
OFF-EN-10000051,Office Supplies,Envelopes,"GlobeWeis Manila Envelope, with clear poly window",9818
OFF-EN-10004521,Office Supplies,Envelopes,"Ames Manila Envelope, Security-Tint",9819
OFF-EN-10002592,Office Supplies,Envelopes,"Cameo Interoffice Envelope, Recycled",9821
OFF-EN-10002752,Office Supplies,Envelopes,"Jiffy Peel and Seal, Set of 50",9898
OFF-EN-10004801,Office Supplies,Envelopes,"Ames Clasp Envelope, Security-Tint",9899
OFF-EN-10000127,Office Supplies,Envelopes,"Ames Clasp Envelope, with clear poly window",9922
OFF-CAM-10001341,Office Supplies,Envelopes,"Cameo Business Envelopes, Recycled",9928
OFF-EN-10003049,Office Supplies,Envelopes,"GlobeWeis Clasp Envelope, Security-Tint",9941
OFF-EN-10004547,Office Supplies,Envelopes,"Ames Business Envelopes, Security-Tint",9946
OFF-EN-10004206,Office Supplies,Envelopes,Multimedia Mailers,9949
OFF-EN-10001621,Office Supplies,Envelopes,"GlobeWeis Business Envelopes, Security-Tint",9977
OFF-EN-10002002,Office Supplies,Envelopes,"Cameo Peel and Seal, Security-Tint",10003
OFF-EN-10001449,Office Supplies,Envelopes,"Kraft Manila Envelope, with clear poly window",10015
OFF-EN-10002973,Office Supplies,Envelopes,Ampad #10 Peel & Seel Holiday Envelopes,10028
OFF-EN-10003087,Office Supplies,Envelopes,"Jiffy Peel and Seal, Security-Tint",10041
OFF-EN-10003858,Office Supplies,Envelopes,"Jiffy Manila Envelope, Recycled",10047
OFF-EN-10002926,Office Supplies,Envelopes,"Cameo Mailers, Set of 50",10071
OFF-EN-10004956,Office Supplies,Envelopes,"Jiffy Interoffice Envelope, Set of 50",10074
OFF-EN-10003416,Office Supplies,Envelopes,"Jiffy Peel and Seal, with clear poly window",10100
OFF-EN-10003731,Office Supplies,Envelopes,"GlobeWeis Mailers, Set of 50",10102
OFF-EN-10003544,Office Supplies,Envelopes,"Ames Peel and Seal, Recycled",10103
OFF-EN-10002046,Office Supplies,Envelopes,"Kraft Manila Envelope, Set of 50",10105
OFF-EN-10000232,Office Supplies,Envelopes,"Kraft Peel and Seal, Recycled",10117
OFF-EN-10004443,Office Supplies,Envelopes,"Ames Mailers, Security-Tint",10169
OFF-EN-10001647,Office Supplies,Envelopes,"GlobeWeis Interoffice Envelope, Security-Tint",10170
OFF-EN-10003272,Office Supplies,Envelopes,"Jiffy Clasp Envelope, Recycled",10171
OFF-EN-10000872,Office Supplies,Envelopes,"Ames Business Envelopes, Set of 50",10174
OFF-EN-10002396,Office Supplies,Envelopes,"Jiffy Mailers, Set of 50",10190
OFF-EN-10001771,Office Supplies,Envelopes,"Kraft Mailers, Set of 50",10191
OFF-GLO-10004610,Office Supplies,Envelopes,"GlobeWeis Peel and Seal, with clear poly window",10225
OFF-EN-10000476,Office Supplies,Envelopes,"Kraft Clasp Envelope, Recycled",10243
OFF-KRA-10004192,Office Supplies,Envelopes,"Kraft Manila Envelope, Set of 50",10252
OFF-EN-10002491,Office Supplies,Envelopes,"GlobeWeis Mailers, Recycled",10262
OFF-EN-10003785,Office Supplies,Envelopes,"GlobeWeis Mailers, Set of 50",10266
OFF-EN-10003018,Office Supplies,Envelopes,"GlobeWeis Clasp Envelope, Set of 50",10269
OFF-CAM-10002625,Office Supplies,Envelopes,"Cameo Peel and Seal, with clear poly window",10288
OFF-EN-10004870,Office Supplies,Envelopes,"Jiffy Mailers, Security-Tint",10310
OFF-EN-10003607,Office Supplies,Envelopes,"Cameo Business Envelopes, Recycled",10322
OFF-EN-10001327,Office Supplies,Envelopes,"Cameo Interoffice Envelope, Security-Tint",10330
OFF-EN-10001768,Office Supplies,Envelopes,"Kraft Clasp Envelope, with clear poly window",10370
OFF-EN-10001533,Office Supplies,Envelopes,"Kraft Mailers, with clear poly window",10386
OFF-GLO-10000813,Office Supplies,Envelopes,"GlobeWeis Mailers, Recycled",10429
OFF-AME-10002697,Office Supplies,Envelopes,"Ames Business Envelopes, Recycled",10432
OFF-EN-10004254,Office Supplies,Envelopes,"Ames Interoffice Envelope, Recycled",10459
OFF-EN-10003398,Office Supplies,Envelopes,"Jiffy Peel and Seal, Security-Tint",10487
OFF-CAM-10001141,Office Supplies,Envelopes,"Cameo Manila Envelope, Security-Tint",10497
OFF-EN-10003853,Office Supplies,Envelopes,"Cameo Peel and Seal, Recycled",10518
OFF-EN-10003673,Office Supplies,Envelopes,"GlobeWeis Business Envelopes, Set of 50",10521
OFF-EN-10002427,Office Supplies,Envelopes,"Ames Manila Envelope, Recycled",10541
OFF-EN-10000096,Office Supplies,Envelopes,"Jiffy Clasp Envelope, with clear poly window",10582
OFF-EN-10001476,Office Supplies,Envelopes,"Ames Interoffice Envelope, Set of 50",10617
OFF-EN-10004956,Office Supplies,Envelopes,"Kraft Manila Envelope, with clear poly window",10618
OFF-EN-10004212,Office Supplies,Envelopes,"Kraft Manila Envelope, Recycled",10633
OFF-EN-10003885,Office Supplies,Envelopes,"Ames Interoffice Envelope, Set of 50",10639
OFF-EN-10000871,Office Supplies,Envelopes,"Ames Interoffice Envelope, Set of 50",10646
OFF-EN-10002522,Office Supplies,Envelopes,"Ames Mailers, Security-Tint",10683
OFF-EN-10002749,Office Supplies,Envelopes,"Kraft Mailers, with clear poly window",10689
OFF-EN-10003770,Office Supplies,Envelopes,"Kraft Manila Envelope, with clear poly window",10696
OFF-EN-10002491,Office Supplies,Envelopes,"Cameo Peel and Seal, Set of 50",10721
OFF-EN-10002081,Office Supplies,Envelopes,"Jiffy Mailers, Set of 50",10758
OFF-LA-10000379,Office Supplies,Labels,"Harbour Creations Legal Exhibit Labels, 5000 Label Set",20
OFF-SME-10001754,Office Supplies,Labels,"Smead File Folder Labels, 5000 Label Set",48
OFF-SME-10004740,Office Supplies,Labels,"Smead Shipping Labels, Adjustable",51
OFF-HAR-10001310,Office Supplies,Labels,"Harbour Creations File Folder Labels, 5000 Label Set",67
OFF-AVE-10000110,Office Supplies,Labels,"Avery Round Labels, Laser Printer Compatible",101
OFF-HAR-10003659,Office Supplies,Labels,"Harbour Creations Color Coded Labels, Adjustable",104
OFF-AVE-10004828,Office Supplies,Labels,"Avery Removable Labels, Laser Printer Compatible",116
OFF-HAR-10003514,Office Supplies,Labels,"Harbour Creations Removable Labels, Laser Printer Compatible",180
OFF-NOV-10004223,Office Supplies,Labels,"Novimex Shipping Labels, Adjustable",181
OFF-NOV-10003401,Office Supplies,Labels,"Novimex Color Coded Labels, Alphabetical",188
OFF-LA-10002827,Office Supplies,Labels,"Harbour Creations Round Labels, Adjustable",266
OFF-HON-10000934,Office Supplies,Labels,"Hon Legal Exhibit Labels, Laser Printer Compatible",294
OFF-AVE-10004404,Office Supplies,Labels,"Avery Shipping Labels, Alphabetical",295
OFF-HAR-10000414,Office Supplies,Labels,"Harbour Creations Round Labels, Adjustable",321
OFF-LA-10001830,Office Supplies,Labels,"Hon Round Labels, Laser Printer Compatible",349
OFF-LA-10002806,Office Supplies,Labels,"Novimex Shipping Labels, 5000 Label Set",384
OFF-LA-10000590,Office Supplies,Labels,"Smead Color Coded Labels, 5000 Label Set",385
OFF-LA-10000370,Office Supplies,Labels,"Hon Color Coded Labels, Laser Printer Compatible",401
OFF-LA-10002765,Office Supplies,Labels,"Harbour Creations Legal Exhibit Labels, Adjustable",417
OFF-LA-10000732,Office Supplies,Labels,"Novimex Round Labels, 5000 Label Set",418
OFF-LA-10000195,Office Supplies,Labels,"Novimex File Folder Labels, Laser Printer Compatible",425
OFF-LA-10003807,Office Supplies,Labels,"Smead Removable Labels, Adjustable",427
OFF-LA-10003610,Office Supplies,Labels,"Avery Removable Labels, 5000 Label Set",430
OFF-LA-10002319,Office Supplies,Labels,"Smead Legal Exhibit Labels, Laser Printer Compatible",433
OFF-LA-10003971,Office Supplies,Labels,"Novimex Color Coded Labels, Laser Printer Compatible",467
OFF-LA-10000950,Office Supplies,Labels,"Avery Color Coded Labels, 5000 Label Set",474
OFF-LA-10003644,Office Supplies,Labels,"Novimex Removable Labels, Adjustable",477
OFF-LA-10000436,Office Supplies,Labels,"Novimex File Folder Labels, 5000 Label Set",481
OFF-LA-10001764,Office Supplies,Labels,"Avery Round Labels, Adjustable",492
OFF-LA-10004894,Office Supplies,Labels,"Hon Shipping Labels, Alphabetical",517
OFF-LA-10002107,Office Supplies,Labels,"Harbour Creations Removable Labels, Laser Printer Compatible",524
OFF-LA-10004239,Office Supplies,Labels,"Smead Color Coded Labels, Adjustable",548
OFF-LA-10000648,Office Supplies,Labels,"Harbour Creations Round Labels, Alphabetical",574
OFF-LA-10004737,Office Supplies,Labels,"Avery Shipping Labels, 5000 Label Set",578
OFF-LA-10004727,Office Supplies,Labels,"Hon File Folder Labels, Laser Printer Compatible",580
OFF-LA-10000700,Office Supplies,Labels,"Avery Legal Exhibit Labels, Laser Printer Compatible",584
OFF-HON-10004621,Office Supplies,Labels,"Hon Color Coded Labels, Adjustable",600
OFF-AVE-10003504,Office Supplies,Labels,"Avery Legal Exhibit Labels, 5000 Label Set",678
OFF-HAR-10004896,Office Supplies,Labels,"Harbour Creations Color Coded Labels, Laser Printer Compatible",692
OFF-LA-10000039,Office Supplies,Labels,"Smead Legal Exhibit Labels, Adjustable",728
OFF-LA-10000707,Office Supplies,Labels,"Avery Legal Exhibit Labels, Adjustable",729
OFF-LA-10002974,Office Supplies,Labels,"Novimex Shipping Labels, Adjustable",737
OFF-LA-10000784,Office Supplies,Labels,"Harbour Creations File Folder Labels, 5000 Label Set",741
OFF-LA-10002703,Office Supplies,Labels,"Novimex Removable Labels, Adjustable",747
OFF-LA-10003381,Office Supplies,Labels,"Novimex Removable Labels, Laser Printer Compatible",782
OFF-LA-10003505,Office Supplies,Labels,"Avery Legal Exhibit Labels, Laser Printer Compatible",794
OFF-HAR-10004099,Office Supplies,Labels,"Harbour Creations Removable Labels, 5000 Label Set",827
OFF-SME-10004256,Office Supplies,Labels,"Smead Removable Labels, Adjustable",842
OFF-HON-10004014,Office Supplies,Labels,"Hon Shipping Labels, Adjustable",848
OFF-HON-10000966,Office Supplies,Labels,"Hon Round Labels, Alphabetical",858
OFF-HAR-10004816,Office Supplies,Labels,"Harbour Creations Shipping Labels, Alphabetical",869
OFF-NOV-10001568,Office Supplies,Labels,"Novimex Shipping Labels, 5000 Label Set",909
OFF-NOV-10003180,Office Supplies,Labels,"Novimex Legal Exhibit Labels, Adjustable",910
OFF-HAR-10002479,Office Supplies,Labels,"Harbour Creations Color Coded Labels, 5000 Label Set",923
OFF-AVE-10004508,Office Supplies,Labels,"Avery Round Labels, Adjustable",925
OFF-LA-10004062,Office Supplies,Labels,"Hon Removable Labels, 5000 Label Set",959
OFF-LA-10002493,Office Supplies,Labels,"Hon Color Coded Labels, Adjustable",973
OFF-SME-10001800,Office Supplies,Labels,"Smead Shipping Labels, Laser Printer Compatible",994
OFF-HON-10004825,Office Supplies,Labels,"Hon File Folder Labels, Adjustable",1003
OFF-LA-10003231,Office Supplies,Labels,"Smead Round Labels, Adjustable",1016
OFF-LA-10004538,Office Supplies,Labels,"Harbour Creations Legal Exhibit Labels, Laser Printer Compatible",1064
OFF-LA-10004614,Office Supplies,Labels,"Smead Round Labels, 5000 Label Set",1084
OFF-LA-10003141,Office Supplies,Labels,"Hon Shipping Labels, Laser Printer Compatible",1126
OFF-LA-10000356,Office Supplies,Labels,"Novimex Round Labels, 5000 Label Set",1151
OFF-LA-10002029,Office Supplies,Labels,"Hon Round Labels, 5000 Label Set",1179
OFF-LA-10001833,Office Supplies,Labels,"Hon Shipping Labels, Alphabetical",1249
OFF-LA-10004738,Office Supplies,Labels,"Harbour Creations Legal Exhibit Labels, Alphabetical",1260
OFF-SME-10003805,Office Supplies,Labels,"Smead Color Coded Labels, Adjustable",1273
OFF-AVE-10004732,Office Supplies,Labels,"Avery Round Labels, 5000 Label Set",1285
OFF-AVE-10002102,Office Supplies,Labels,"Avery File Folder Labels, Adjustable",1286
OFF-SME-10004754,Office Supplies,Labels,"Smead Round Labels, Adjustable",1335
OFF-AVE-10000909,Office Supplies,Labels,"Avery Shipping Labels, Laser Printer Compatible",1336
OFF-HON-10003538,Office Supplies,Labels,"Hon File Folder Labels, 5000 Label Set",1340
OFF-LA-10004430,Office Supplies,Labels,"Avery Shipping Labels, Laser Printer Compatible",1355
OFF-SME-10001667,Office Supplies,Labels,"Smead Shipping Labels, 5000 Label Set",1412
OFF-LA-10003379,Office Supplies,Labels,"Smead Color Coded Labels, Laser Printer Compatible",1469
OFF-LA-10000692,Office Supplies,Labels,"Avery Legal Exhibit Labels, Adjustable",1530
OFF-LA-10002258,Office Supplies,Labels,"Smead File Folder Labels, Adjustable",1587
OFF-LA-10000203,Office Supplies,Labels,"Hon Round Labels, Laser Printer Compatible",1592
OFF-LA-10002295,Office Supplies,Labels,"Novimex Shipping Labels, Alphabetical",1593
OFF-LA-10003140,Office Supplies,Labels,"Harbour Creations Round Labels, Alphabetical",1597
OFF-LA-10003271,Office Supplies,Labels,"Novimex Shipping Labels, Adjustable",1598
OFF-LA-10002195,Office Supplies,Labels,Avery 481,1651
OFF-LA-10001634,Office Supplies,Labels,"Harbour Creations Color Coded Labels, Laser Printer Compatible",1658
OFF-LA-10003337,Office Supplies,Labels,"Harbour Creations Removable Labels, Adjustable",1695
OFF-LA-10001067,Office Supplies,Labels,"Smead Legal Exhibit Labels, Laser Printer Compatible",1702
OFF-HAR-10001913,Office Supplies,Labels,"Harbour Creations Legal Exhibit Labels, Laser Printer Compatible",1718
OFF-HAR-10000501,Office Supplies,Labels,"Harbour Creations File Folder Labels, Laser Printer Compatible",1745
OFF-HON-10001132,Office Supplies,Labels,"Hon Round Labels, Adjustable",1750
OFF-SME-10004518,Office Supplies,Labels,"Smead Legal Exhibit Labels, Laser Printer Compatible",1751
OFF-LA-10004020,Office Supplies,Labels,"Hon Color Coded Labels, 5000 Label Set",1776
OFF-LA-10003372,Office Supplies,Labels,"Smead Round Labels, Alphabetical",1788
OFF-LA-10000248,Office Supplies,Labels,Avery 52,1850
OFF-LA-10001317,Office Supplies,Labels,Avery 520,1851
OFF-LA-10002199,Office Supplies,Labels,"Harbour Creations Removable Labels, Adjustable",1867
OFF-LA-10004488,Office Supplies,Labels,"Novimex Color Coded Labels, Adjustable",1872
OFF-LA-10000236,Office Supplies,Labels,"Avery Color Coded Labels, Laser Printer Compatible",1898
OFF-NOV-10000787,Office Supplies,Labels,"Novimex Removable Labels, Laser Printer Compatible",1921
OFF-LA-10000634,Office Supplies,Labels,Avery 509,1930
OFF-LA-10003283,Office Supplies,Labels,"Harbour Creations Removable Labels, Adjustable",1955
OFF-LA-10003969,Office Supplies,Labels,"Novimex Legal Exhibit Labels, Laser Printer Compatible",1956
OFF-LA-10003217,Office Supplies,Labels,"Smead File Folder Labels, Laser Printer Compatible",1966
OFF-SME-10003047,Office Supplies,Labels,"Smead Color Coded Labels, Laser Printer Compatible",1975
OFF-AVE-10004412,Office Supplies,Labels,"Avery Color Coded Labels, Alphabetical",1978
OFF-LA-10004345,Office Supplies,Labels,Avery 493,2004
OFF-LA-10002762,Office Supplies,Labels,Avery 485,2009
OFF-LA-10003190,Office Supplies,Labels,Avery 474,2017
OFF-LA-10004484,Office Supplies,Labels,Avery 476,2033
OFF-LA-10001469,Office Supplies,Labels,"Smead File Folder Labels, Laser Printer Compatible",2047
OFF-LA-10002043,Office Supplies,Labels,Avery 489,2073
OFF-LA-10003930,Office Supplies,Labels,"Dot Matrix Printer Tape Reel Labels, White, 5000/Box",2082
OFF-LA-10004137,Office Supplies,Labels,"Harbour Creations Legal Exhibit Labels, Laser Printer Compatible",2131
OFF-LA-10002770,Office Supplies,Labels,"Novimex Color Coded Labels, Adjustable",2133
OFF-LA-10004112,Office Supplies,Labels,"Hon Shipping Labels, Alphabetical",2136
OFF-LA-10002486,Office Supplies,Labels,"Novimex File Folder Labels, 5000 Label Set",2156
OFF-LA-10000114,Office Supplies,Labels,"Novimex Removable Labels, 5000 Label Set",2187
OFF-LA-10001633,Office Supplies,Labels,"Novimex File Folder Labels, 5000 Label Set",2200
OFF-LA-10002875,Office Supplies,Labels,"Novimex Shipping Labels, Adjustable",2225
OFF-LA-10000425,Office Supplies,Labels,"Avery Shipping Labels, Alphabetical",2230
OFF-LA-10001546,Office Supplies,Labels,"Avery Shipping Labels, Adjustable",2352
OFF-NOV-10000808,Office Supplies,Labels,"Novimex Round Labels, Adjustable",2372
OFF-SME-10002467,Office Supplies,Labels,"Smead Round Labels, Alphabetical",2373
OFF-LA-10004753,Office Supplies,Labels,"Novimex Round Labels, Laser Printer Compatible",2374
OFF-LA-10001607,Office Supplies,Labels,"Novimex Shipping Labels, Alphabetical",2376
OFF-LA-10004877,Office Supplies,Labels,"Avery File Folder Labels, Laser Printer Compatible",2417
OFF-LA-10002630,Office Supplies,Labels,"Novimex Legal Exhibit Labels, Laser Printer Compatible",2420
OFF-LA-10000506,Office Supplies,Labels,"Harbour Creations Legal Exhibit Labels, Laser Printer Compatible",2421
OFF-LA-10001312,Office Supplies,Labels,"Hon File Folder Labels, Laser Printer Compatible",2426
OFF-HON-10000137,Office Supplies,Labels,"Hon Round Labels, Laser Printer Compatible",2473
OFF-AVE-10000894,Office Supplies,Labels,"Avery Color Coded Labels, Adjustable",2489
OFF-HAR-10002914,Office Supplies,Labels,"Harbour Creations Shipping Labels, Laser Printer Compatible",2499
OFF-HON-10001783,Office Supplies,Labels,"Hon Shipping Labels, 5000 Label Set",2502
OFF-HAR-10000242,Office Supplies,Labels,"Harbour Creations Round Labels, Laser Printer Compatible",2511
OFF-LA-10000134,Office Supplies,Labels,"Harbour Creations Removable Labels, 5000 Label Set",2556
OFF-LA-10003678,Office Supplies,Labels,"Hon Round Labels, 5000 Label Set",2570
OFF-LA-10001444,Office Supplies,Labels,"Avery Round Labels, Alphabetical",2574
OFF-LA-10002180,Office Supplies,Labels,"Hon Color Coded Labels, 5000 Label Set",2581
OFF-LA-10004544,Office Supplies,Labels,Avery 505,2593
OFF-NOV-10000141,Office Supplies,Labels,"Novimex Round Labels, 5000 Label Set",2610
OFF-LA-10003338,Office Supplies,Labels,"Harbour Creations Removable Labels, 5000 Label Set",2629
OFF-LA-10003617,Office Supplies,Labels,"Smead Legal Exhibit Labels, Adjustable",2650
OFF-LA-10002674,Office Supplies,Labels,"Harbour Creations Color Coded Labels, 5000 Label Set",2656
OFF-LA-10002368,Office Supplies,Labels,Avery 479,2670
OFF-LA-10000452,Office Supplies,Labels,Avery 488,2672
OFF-LA-10004093,Office Supplies,Labels,Avery 486,2680
OFF-LA-10002139,Office Supplies,Labels,"Novimex Color Coded Labels, Alphabetical",2748
OFF-LA-10001191,Office Supplies,Labels,"Harbour Creations File Folder Labels, Alphabetical",2767
OFF-LA-10001669,Office Supplies,Labels,"Smead Color Coded Labels, Adjustable",2769
OFF-LA-10003435,Office Supplies,Labels,"Harbour Creations File Folder Labels, Laser Printer Compatible",2781
OFF-LA-10002992,Office Supplies,Labels,"Novimex Removable Labels, 5000 Label Set",2803
OFF-LA-10000984,Office Supplies,Labels,"Hon Round Labels, Alphabetical",2808
OFF-LA-10002939,Office Supplies,Labels,"Harbour Creations Legal Exhibit Labels, 5000 Label Set",2817
OFF-LA-10001672,Office Supplies,Labels,"Avery Legal Exhibit Labels, Alphabetical",2825
OFF-LA-10003236,Office Supplies,Labels,"Hon Round Labels, Adjustable",2876
OFF-LA-10004623,Office Supplies,Labels,"Smead Removable Labels, 5000 Label Set",2878
OFF-LA-10004745,Office Supplies,Labels,"Harbour Creations Shipping Labels, Adjustable",2884
OFF-LA-10000471,Office Supplies,Labels,"Smead Shipping Labels, 5000 Label Set",2892
OFF-LA-10000095,Office Supplies,Labels,"Avery Round Labels, Laser Printer Compatible",2902
OFF-LA-10004756,Office Supplies,Labels,"Avery Removable Labels, Laser Printer Compatible",2930
OFF-LA-10003381,Office Supplies,Labels,"Harbour Creations Color Coded Labels, Alphabetical",2932
OFF-LA-10000879,Office Supplies,Labels,"Hon File Folder Labels, Alphabetical",2944
OFF-LA-10004848,Office Supplies,Labels,"Avery Legal Exhibit Labels, 5000 Label Set",3004
OFF-LA-10002272,Office Supplies,Labels,"Smead File Folder Labels, Alphabetical",3005
OFF-LA-10003273,Office Supplies,Labels,"Harbour Creations Color Coded Labels, Adjustable",3016
OFF-LA-10003285,Office Supplies,Labels,"Avery Removable Labels, Adjustable",3048
OFF-LA-10002741,Office Supplies,Labels,"Avery Color Coded Labels, Adjustable",3056
OFF-LA-10004398,Office Supplies,Labels,"Hon Color Coded Labels, Alphabetical",3060
OFF-LA-10003778,Office Supplies,Labels,"Novimex File Folder Labels, Alphabetical",3061
OFF-LA-10001413,Office Supplies,Labels,"Hon Shipping Labels, Laser Printer Compatible",3073
OFF-LA-10003396,Office Supplies,Labels,"Avery Color Coded Labels, Laser Printer Compatible",3139
OFF-LA-10001038,Office Supplies,Labels,"Smead Legal Exhibit Labels, Laser Printer Compatible",3207
OFF-SME-10000018,Office Supplies,Labels,"Smead Round Labels, Laser Printer Compatible",3208
OFF-HON-10002456,Office Supplies,Labels,"Hon Color Coded Labels, Laser Printer Compatible",3233
OFF-LA-10001170,Office Supplies,Labels,"Harbour Creations Color Coded Labels, 5000 Label Set",3268
OFF-HON-10003010,Office Supplies,Labels,"Hon Round Labels, 5000 Label Set",3271
OFF-HON-10002389,Office Supplies,Labels,"Hon Legal Exhibit Labels, 5000 Label Set",3274
OFF-LA-10003487,Office Supplies,Labels,"Smead Shipping Labels, Adjustable",3295
OFF-LA-10004799,Office Supplies,Labels,"Hon Shipping Labels, Adjustable",3312
OFF-LA-10004594,Office Supplies,Labels,"Avery Color Coded Labels, Adjustable",3313
OFF-LA-10002324,Office Supplies,Labels,"Smead Removable Labels, Adjustable",3314
OFF-LA-10004132,Office Supplies,Labels,"Smead Color Coded Labels, Alphabetical",3318
OFF-LA-10004108,Office Supplies,Labels,"Avery Round Labels, 5000 Label Set",3319
OFF-LA-10004122,Office Supplies,Labels,"Avery Color Coded Labels, Laser Printer Compatible",3347
OFF-LA-10001915,Office Supplies,Labels,"Avery Legal Exhibit Labels, 5000 Label Set",3348
OFF-LA-10003827,Office Supplies,Labels,"Avery Color Coded Labels, 5000 Label Set",3359
OFF-LA-10000688,Office Supplies,Labels,"Harbour Creations Shipping Labels, Laser Printer Compatible",3374
OFF-NOV-10004671,Office Supplies,Labels,"Novimex Removable Labels, 5000 Label Set",3397
OFF-NOV-10004680,Office Supplies,Labels,"Novimex Shipping Labels, Laser Printer Compatible",3402
OFF-LA-10004918,Office Supplies,Labels,"Harbour Creations Round Labels, Alphabetical",3415
OFF-LA-10004919,Office Supplies,Labels,"Smead Color Coded Labels, Alphabetical",3416
OFF-LA-10000477,Office Supplies,Labels,"Smead Round Labels, Alphabetical",3417
OFF-LA-10003223,Office Supplies,Labels,Avery 508,3463
OFF-LA-10001019,Office Supplies,Labels,"Hon Legal Exhibit Labels, Laser Printer Compatible",3483
OFF-LA-10001658,Office Supplies,Labels,"Avery Round Labels, 5000 Label Set",3515
OFF-HON-10000172,Office Supplies,Labels,"Hon File Folder Labels, Alphabetical",3528
OFF-HAR-10003580,Office Supplies,Labels,"Harbour Creations Legal Exhibit Labels, Alphabetical",3531
OFF-LA-10004969,Office Supplies,Labels,"Novimex Legal Exhibit Labels, Adjustable",3568
OFF-LA-10003278,Office Supplies,Labels,"Novimex Shipping Labels, 5000 Label Set",3570
OFF-LA-10001831,Office Supplies,Labels,"Harbour Creations Shipping Labels, Adjustable",3580
OFF-LA-10000296,Office Supplies,Labels,"Hon Color Coded Labels, Adjustable",3628
OFF-LA-10003795,Office Supplies,Labels,"Smead Round Labels, Alphabetical",3656
OFF-LA-10001188,Office Supplies,Labels,"Novimex Shipping Labels, Adjustable",3666
OFF-LA-10004859,Office Supplies,Labels,"Avery Legal Exhibit Labels, Alphabetical",3699
OFF-LA-10004148,Office Supplies,Labels,"Smead File Folder Labels, 5000 Label Set",3704
OFF-LA-10004285,Office Supplies,Labels,"Smead Legal Exhibit Labels, Laser Printer Compatible",3707
OFF-LA-10004709,Office Supplies,Labels,"Avery Round Labels, Laser Printer Compatible",3711
OFF-LA-10003511,Office Supplies,Labels,"Avery Round Labels, Adjustable",3723
OFF-LA-10002159,Office Supplies,Labels,"Hon Removable Labels, Adjustable",3725
OFF-LA-10004543,Office Supplies,Labels,"Novimex Shipping Labels, Adjustable",3760
OFF-LA-10000540,Office Supplies,Labels,"Harbour Creations Round Labels, Adjustable",3801
OFF-LA-10001497,Office Supplies,Labels,"Smead Round Labels, Adjustable",3843
OFF-LA-10001541,Office Supplies,Labels,"Avery Removable Labels, 5000 Label Set",3854
OFF-LA-10003132,Office Supplies,Labels,"Hon File Folder Labels, Adjustable",3872
OFF-LA-10001942,Office Supplies,Labels,"Novimex Shipping Labels, 5000 Label Set",3873
OFF-LA-10001676,Office Supplies,Labels,"Hon Removable Labels, Adjustable",3887
OFF-LA-10003090,Office Supplies,Labels,"Harbour Creations File Folder Labels, Adjustable",3894
OFF-LA-10003295,Office Supplies,Labels,"Harbour Creations Color Coded Labels, Alphabetical",3895
OFF-LA-10000155,Office Supplies,Labels,"Novimex Round Labels, Alphabetical",3896
OFF-LA-10001375,Office Supplies,Labels,"Smead Removable Labels, 5000 Label Set",3905
OFF-LA-10000760,Office Supplies,Labels,"Harbour Creations Removable Labels, Laser Printer Compatible",3916
OFF-SME-10001852,Office Supplies,Labels,"Smead Removable Labels, Laser Printer Compatible",3920
OFF-NOV-10004048,Office Supplies,Labels,"Novimex Legal Exhibit Labels, 5000 Label Set",3921
OFF-HON-10002610,Office Supplies,Labels,"Hon Removable Labels, Adjustable",3922
OFF-SME-10004323,Office Supplies,Labels,"Smead Legal Exhibit Labels, 5000 Label Set",3923
OFF-SME-10001278,Office Supplies,Labels,"Smead Shipping Labels, Alphabetical",3930
OFF-LA-10000438,Office Supplies,Labels,"Novimex Legal Exhibit Labels, 5000 Label Set",3943
OFF-LA-10003503,Office Supplies,Labels,"Smead Legal Exhibit Labels, Adjustable",3966
OFF-LA-10001613,Office Supplies,Labels,Avery File Folder Labels,3986
OFF-LA-10004058,Office Supplies,Labels,"Hon Legal Exhibit Labels, 5000 Label Set",4009
OFF-LA-10003422,Office Supplies,Labels,"Smead Color Coded Labels, Alphabetical",4031
OFF-LA-10001065,Office Supplies,Labels,"Avery Round Labels, Alphabetical",4045
OFF-LA-10000990,Office Supplies,Labels,"Harbour Creations Legal Exhibit Labels, Alphabetical",4047
OFF-LA-10000073,Office Supplies,Labels,"Novimex Legal Exhibit Labels, 5000 Label Set",4055
OFF-LA-10004007,Office Supplies,Labels,"Harbour Creations Color Coded Labels, Adjustable",4127
OFF-LA-10002752,Office Supplies,Labels,"Smead Legal Exhibit Labels, 5000 Label Set",4131
OFF-LA-10000508,Office Supplies,Labels,"Harbour Creations Round Labels, 5000 Label Set",4173
OFF-LA-10004332,Office Supplies,Labels,"Novimex File Folder Labels, Adjustable",4192
OFF-HON-10001204,Office Supplies,Labels,"Hon Color Coded Labels, Alphabetical",4213
OFF-LA-10001569,Office Supplies,Labels,Avery 499,4273
OFF-LA-10003077,Office Supplies,Labels,Avery 500,4274
OFF-LA-10004050,Office Supplies,Labels,"Hon Color Coded Labels, Laser Printer Compatible",4276
OFF-LA-10002334,Office Supplies,Labels,"Novimex Removable Labels, Adjustable",4279
OFF-LA-10002123,Office Supplies,Labels,"Smead Legal Exhibit Labels, Alphabetical",4296
OFF-NOV-10002952,Office Supplies,Labels,"Novimex Round Labels, Laser Printer Compatible",4298
OFF-LA-10004799,Office Supplies,Labels,"Hon Legal Exhibit Labels, Alphabetical",4303
OFF-LA-10000276,Office Supplies,Labels,"Smead File Folder Labels, 5000 Label Set",4315
OFF-LA-10002651,Office Supplies,Labels,"Novimex Round Labels, Adjustable",4349
OFF-LA-10002995,Office Supplies,Labels,"Avery Removable Labels, Adjustable",4358
OFF-LA-10003923,Office Supplies,Labels,Alphabetical Labels for Top Tab Filing,4382
OFF-LA-10002635,Office Supplies,Labels,"Avery Round Labels, 5000 Label Set",4405
OFF-LA-10000615,Office Supplies,Labels,"Hon Removable Labels, Adjustable",4457
OFF-LA-10003215,Office Supplies,Labels,"Smead File Folder Labels, Laser Printer Compatible",4493
OFF-LA-10000322,Office Supplies,Labels,"Smead Round Labels, Laser Printer Compatible",4505
OFF-LA-10003821,Office Supplies,Labels,"Smead Shipping Labels, Alphabetical",4553
OFF-LA-10000495,Office Supplies,Labels,"Hon Round Labels, Laser Printer Compatible",4560
OFF-LA-10002744,Office Supplies,Labels,"Novimex File Folder Labels, Adjustable",4590
OFF-HAR-10000495,Office Supplies,Labels,"Harbour Creations Shipping Labels, Adjustable",4599
OFF-HON-10001508,Office Supplies,Labels,"Hon Removable Labels, 5000 Label Set",4600
OFF-LA-10002927,Office Supplies,Labels,"Avery File Folder Labels, 5000 Label Set",4632
OFF-LA-10004034,Office Supplies,Labels,"Harbour Creations Color Coded Labels, Alphabetical",4635
OFF-LA-10002980,Office Supplies,Labels,"Harbour Creations Shipping Labels, Alphabetical",4647
OFF-LA-10004495,Office Supplies,Labels,"Novimex Round Labels, Alphabetical",4650
OFF-LA-10002334,Office Supplies,Labels,"Smead Shipping Labels, Alphabetical",4651
OFF-LA-10002401,Office Supplies,Labels,"Avery Shipping Labels, Laser Printer Compatible",4681
OFF-LA-10000714,Office Supplies,Labels,"Novimex Round Labels, 5000 Label Set",4708
OFF-LA-10004933,Office Supplies,Labels,"Harbour Creations Shipping Labels, Adjustable",4716
OFF-SME-10000258,Office Supplies,Labels,"Smead Removable Labels, 5000 Label Set",4746
OFF-NOV-10003964,Office Supplies,Labels,"Novimex File Folder Labels, 5000 Label Set",4749
OFF-LA-10002037,Office Supplies,Labels,"Avery Shipping Labels, 5000 Label Set",4754
OFF-LA-10003551,Office Supplies,Labels,"Harbour Creations File Folder Labels, 5000 Label Set",4755
OFF-LA-10000483,Office Supplies,Labels,"Harbour Creations Shipping Labels, Alphabetical",4768
OFF-LA-10002086,Office Supplies,Labels,"Hon Shipping Labels, 5000 Label Set",4769
OFF-AVE-10004310,Office Supplies,Labels,"Avery File Folder Labels, Alphabetical",4788
OFF-SME-10004110,Office Supplies,Labels,"Smead Color Coded Labels, Alphabetical",4827
OFF-LA-10001793,Office Supplies,Labels,"Avery Round Labels, Alphabetical",4842
OFF-LA-10003820,Office Supplies,Labels,"Novimex Color Coded Labels, Adjustable",4852
OFF-LA-10004744,Office Supplies,Labels,"Smead Shipping Labels, Alphabetical",4870
OFF-LA-10004749,Office Supplies,Labels,"Avery Legal Exhibit Labels, Laser Printer Compatible",4900
OFF-LA-10004795,Office Supplies,Labels,"Novimex Shipping Labels, Alphabetical",4906
OFF-HAR-10002083,Office Supplies,Labels,"Harbour Creations Round Labels, 5000 Label Set",4918
OFF-HON-10001706,Office Supplies,Labels,"Hon Legal Exhibit Labels, Alphabetical",4921
OFF-HAR-10001714,Office Supplies,Labels,"Harbour Creations Legal Exhibit Labels, Adjustable",4923
OFF-HON-10001102,Office Supplies,Labels,"Hon Legal Exhibit Labels, Adjustable",4924
OFF-SME-10002870,Office Supplies,Labels,"Smead Legal Exhibit Labels, Alphabetical",4938
OFF-AVE-10004159,Office Supplies,Labels,"Avery File Folder Labels, 5000 Label Set",4941
OFF-HON-10004698,Office Supplies,Labels,"Hon File Folder Labels, Laser Printer Compatible",4942
OFF-HAR-10001262,Office Supplies,Labels,"Harbour Creations Removable Labels, Adjustable",4998
OFF-LA-10000404,Office Supplies,Labels,"Smead Shipping Labels, Laser Printer Compatible",5001
OFF-AVE-10000585,Office Supplies,Labels,"Avery Legal Exhibit Labels, Adjustable",5012
OFF-LA-10002088,Office Supplies,Labels,"Novimex Round Labels, Laser Printer Compatible",5018
OFF-LA-10000707,Office Supplies,Labels,"Avery Removable Labels, Adjustable",5066
OFF-LA-10002068,Office Supplies,Labels,"Smead Removable Labels, Adjustable",5072
OFF-LA-10000989,Office Supplies,Labels,"Smead Round Labels, Adjustable",5076
OFF-LA-10003717,Office Supplies,Labels,"Harbour Creations Legal Exhibit Labels, 5000 Label Set",5080
OFF-LA-10000633,Office Supplies,Labels,"Novimex File Folder Labels, Laser Printer Compatible",5082
OFF-LA-10003515,Office Supplies,Labels,"Novimex Color Coded Labels, Laser Printer Compatible",5089
OFF-LA-10002034,Office Supplies,Labels,Avery 478,5106
OFF-LA-10000760,Office Supplies,Labels,"Smead Shipping Labels, Laser Printer Compatible",5123
OFF-LA-10003057,Office Supplies,Labels,"Harbour Creations Legal Exhibit Labels, Adjustable",5144
OFF-LA-10000219,Office Supplies,Labels,"Harbour Creations File Folder Labels, Adjustable",5169
OFF-LA-10000869,Office Supplies,Labels,"Harbour Creations Removable Labels, Adjustable",5180
OFF-LA-10002289,Office Supplies,Labels,"Hon Shipping Labels, Adjustable",5190
OFF-LA-10002609,Office Supplies,Labels,"Avery Color Coded Labels, Alphabetical",5212
OFF-HON-10000278,Office Supplies,Labels,"Hon Shipping Labels, Laser Printer Compatible",5237
OFF-LA-10001299,Office Supplies,Labels,"Avery File Folder Labels, Adjustable",5262
OFF-LA-10004164,Office Supplies,Labels,"Smead Color Coded Labels, Laser Printer Compatible",5268
OFF-LA-10001404,Office Supplies,Labels,Avery 517,5309
OFF-LA-10004947,Office Supplies,Labels,"Hon Shipping Labels, 5000 Label Set",5349
OFF-LA-10001701,Office Supplies,Labels,"Novimex File Folder Labels, Adjustable",5350
OFF-LA-10002183,Office Supplies,Labels,"Novimex Legal Exhibit Labels, Alphabetical",5352
OFF-LA-10000334,Office Supplies,Labels,"Hon Shipping Labels, Alphabetical",5388
OFF-AVE-10000802,Office Supplies,Labels,"Avery Removable Labels, Adjustable",5411
OFF-LA-10002625,Office Supplies,Labels,"Harbour Creations Round Labels, Adjustable",5445
OFF-LA-10001075,Office Supplies,Labels,"Hon Removable Labels, Laser Printer Compatible",5446
OFF-LA-10004280,Office Supplies,Labels,"Harbour Creations Legal Exhibit Labels, Alphabetical",5450
OFF-LA-10003591,Office Supplies,Labels,"Smead Removable Labels, Laser Printer Compatible",5486
OFF-LA-10004777,Office Supplies,Labels,"Smead Shipping Labels, 5000 Label Set",5510
OFF-LA-10002596,Office Supplies,Labels,"Harbour Creations Round Labels, Laser Printer Compatible",5520
OFF-LA-10004761,Office Supplies,Labels,"Avery File Folder Labels, Adjustable",5529
OFF-LA-10003627,Office Supplies,Labels,"Novimex Round Labels, Adjustable",5536
OFF-LA-10000216,Office Supplies,Labels,"Novimex Round Labels, Alphabetical",5542
OFF-LA-10004519,Office Supplies,Labels,"Avery Legal Exhibit Labels, 5000 Label Set",5555
OFF-LA-10000413,Office Supplies,Labels,"Hon Legal Exhibit Labels, Alphabetical",5556
OFF-LA-10002063,Office Supplies,Labels,"Hon Round Labels, 5000 Label Set",5557
OFF-LA-10004576,Office Supplies,Labels,"Harbour Creations File Folder Labels, Laser Printer Compatible",5558
OFF-LA-10003510,Office Supplies,Labels,"Avery 4027 File Folder Labels for Dot Matrix Printers, 5000 Labels per Box, White",5578
OFF-LA-10000240,Office Supplies,Labels,Self-Adhesive Address Labels for Typewriters by Universal,5590
OFF-LA-10001771,Office Supplies,Labels,Avery 513,5593
OFF-LA-10001641,Office Supplies,Labels,Avery 518,5594
OFF-LA-10003084,Office Supplies,Labels,"Avery File Folder Labels, Alphabetical",5605
OFF-LA-10004929,Office Supplies,Labels,"Novimex Color Coded Labels, Laser Printer Compatible",5614
OFF-SME-10000675,Office Supplies,Labels,"Smead Round Labels, 5000 Label Set",5622
OFF-LA-10000658,Office Supplies,Labels,"Avery Shipping Labels, 5000 Label Set",5642
OFF-LA-10004545,Office Supplies,Labels,Avery 50,5664
OFF-LA-10002787,Office Supplies,Labels,Avery 480,5665
OFF-LA-10002312,Office Supplies,Labels,Avery 490,5688
OFF-LA-10001982,Office Supplies,Labels,Smead Alpha-Z Color-Coded Name Labels First Letter Starter Set,5836
OFF-LA-10004853,Office Supplies,Labels,Avery 483,5838
OFF-LA-10003148,Office Supplies,Labels,Avery 51,5856
OFF-LA-10000443,Office Supplies,Labels,Avery 501,5862
OFF-LA-10003663,Office Supplies,Labels,Avery 498,5875
OFF-LA-10001800,Office Supplies,Labels,"Hon Shipping Labels, Laser Printer Compatible",5910
OFF-AVE-10002014,Office Supplies,Labels,"Avery Shipping Labels, Adjustable",5922
OFF-LA-10000448,Office Supplies,Labels,"Hon File Folder Labels, Alphabetical",5959
OFF-LA-10003982,Office Supplies,Labels,"Avery Round Labels, Adjustable",5972
OFF-LA-10002868,Office Supplies,Labels,"Hon Removable Labels, 5000 Label Set",5987
OFF-SME-10004519,Office Supplies,Labels,"Smead Removable Labels, Adjustable",5994
OFF-LA-10000767,Office Supplies,Labels,"Hon Legal Exhibit Labels, Laser Printer Compatible",6023
OFF-LA-10001184,Office Supplies,Labels,"Novimex Legal Exhibit Labels, 5000 Label Set",6025
OFF-LA-10002633,Office Supplies,Labels,"Novimex Shipping Labels, Laser Printer Compatible",6072
OFF-LA-10000624,Office Supplies,Labels,"Hon File Folder Labels, 5000 Label Set",6073
OFF-LA-10003674,Office Supplies,Labels,"Hon Legal Exhibit Labels, Alphabetical",6101
OFF-LA-10002337,Office Supplies,Labels,"Smead Shipping Labels, 5000 Label Set",6104
OFF-LA-10003955,Office Supplies,Labels,"Avery Shipping Labels, 5000 Label Set",6129
OFF-LA-10002544,Office Supplies,Labels,"Novimex Color Coded Labels, Alphabetical",6147
OFF-LA-10001677,Office Supplies,Labels,"Avery Color Coded Labels, Adjustable",6148
OFF-LA-10000081,Office Supplies,Labels,Avery 496,6178
OFF-LA-10000973,Office Supplies,Labels,Avery 502,6203
OFF-LA-10000476,Office Supplies,Labels,"Avery 05222 Permanent Self-Adhesive File Folder Labels for Typewriters, on Rolls, White, 250/Roll",6219
OFF-SME-10002250,Office Supplies,Labels,"Smead File Folder Labels, Alphabetical",6230
OFF-LA-10004832,Office Supplies,Labels,"Novimex Legal Exhibit Labels, Alphabetical",6273
OFF-LA-10003290,Office Supplies,Labels,"Hon Round Labels, Adjustable",6274
OFF-LA-10003210,Office Supplies,Labels,"Harbour Creations File Folder Labels, Laser Printer Compatible",6275
OFF-LA-10000685,Office Supplies,Labels,"Avery Shipping Labels, Laser Printer Compatible",6279
OFF-LA-10002943,Office Supplies,Labels,"Novimex Removable Labels, Laser Printer Compatible",6282
OFF-LA-10000598,Office Supplies,Labels,"Novimex File Folder Labels, Alphabetical",6304
OFF-LA-10004312,Office Supplies,Labels,"Hon File Folder Labels, Laser Printer Compatible",6307
OFF-LA-10000845,Office Supplies,Labels,"Novimex Round Labels, Adjustable",6312
OFF-LA-10002895,Office Supplies,Labels,"Avery Legal Exhibit Labels, Laser Printer Compatible",6313
OFF-LA-10001158,Office Supplies,Labels,"Avery Address/Shipping Labels for Typewriters, 4"" x 2""",6371
OFF-LA-10000305,Office Supplies,Labels,Avery 495,6427
OFF-LA-10004689,Office Supplies,Labels,Avery 512,6443
OFF-LA-10003720,Office Supplies,Labels,Avery 487,6447
OFF-LA-10000262,Office Supplies,Labels,Avery 494,6473
OFF-LA-10003583,Office Supplies,Labels,"Hon File Folder Labels, 5000 Label Set",6484
OFF-LA-10004370,Office Supplies,Labels,"Novimex File Folder Labels, 5000 Label Set",6500
OFF-LA-10004409,Office Supplies,Labels,Avery 492,6515
OFF-LA-10003058,Office Supplies,Labels,"Novimex Legal Exhibit Labels, Adjustable",6565
OFF-LA-10002353,Office Supplies,Labels,"Harbour Creations Legal Exhibit Labels, Laser Printer Compatible",6570
OFF-LA-10002469,Office Supplies,Labels,"Harbour Creations Shipping Labels, Laser Printer Compatible",6582
OFF-LA-10004747,Office Supplies,Labels,"Hon Color Coded Labels, Alphabetical",6585
OFF-LA-10000738,Office Supplies,Labels,"Avery File Folder Labels, Adjustable",6634
OFF-LA-10003437,Office Supplies,Labels,"Hon Color Coded Labels, Laser Printer Compatible",6635
OFF-NOV-10000092,Office Supplies,Labels,"Novimex Color Coded Labels, 5000 Label Set",6706
OFF-LA-10002271,Office Supplies,Labels,Smead Alpha-Z Color-Coded Second Alphabetical Labels and Starter Set,6760
OFF-LA-10000134,Office Supplies,Labels,Avery 511,6773
OFF-HAR-10000187,Office Supplies,Labels,"Harbour Creations Color Coded Labels, Alphabetical",6795
OFF-HAR-10001531,Office Supplies,Labels,"Harbour Creations Removable Labels, Adjustable",6799
OFF-LA-10001063,Office Supplies,Labels,"Novimex Removable Labels, 5000 Label Set",6829
OFF-LA-10002972,Office Supplies,Labels,"Avery File Folder Labels, Alphabetical",6833
OFF-LA-10002364,Office Supplies,Labels,"Smead Shipping Labels, Alphabetical",6870
OFF-LA-10004178,Office Supplies,Labels,Avery 491,6971
OFF-LA-10001292,Office Supplies,Labels,"Smead File Folder Labels, Adjustable",7021
OFF-LA-10001185,Office Supplies,Labels,"Harbour Creations Round Labels, 5000 Label Set",7023
OFF-NOV-10004968,Office Supplies,Labels,"Novimex Removable Labels, Adjustable",7074
OFF-LA-10001154,Office Supplies,Labels,"Hon Shipping Labels, Adjustable",7089
OFF-LA-10002974,Office Supplies,Labels,"Avery File Folder Labels, Laser Printer Compatible",7099
OFF-LA-10003233,Office Supplies,Labels,"Avery Removable Labels, Alphabetical",7100
OFF-LA-10000709,Office Supplies,Labels,"Avery Color Coded Labels, Alphabetical",7101
OFF-LA-10002964,Office Supplies,Labels,"Harbour Creations Shipping Labels, 5000 Label Set",7102
OFF-LA-10000321,Office Supplies,Labels,"Novimex Color Coded Labels, Adjustable",7173
OFF-LA-10004714,Office Supplies,Labels,"Novimex File Folder Labels, Laser Printer Compatible",7220
OFF-LA-10004094,Office Supplies,Labels,"Avery Removable Labels, 5000 Label Set",7232
OFF-LA-10003390,Office Supplies,Labels,"Harbour Creations File Folder Labels, 5000 Label Set",7250
OFF-LA-10002325,Office Supplies,Labels,"Smead Removable Labels, Adjustable",7255
OFF-LA-10001194,Office Supplies,Labels,"Novimex Removable Labels, Adjustable",7258
OFF-LA-10002475,Office Supplies,Labels,Avery 519,7271
OFF-LA-10004425,Office Supplies,Labels,Staples,7292
OFF-HAR-10001948,Office Supplies,Labels,"Harbour Creations File Folder Labels, Adjustable",7308
OFF-LA-10001738,Office Supplies,Labels,"Novimex Color Coded Labels, Alphabetical",7325
OFF-LA-10001265,Office Supplies,Labels,"Hon File Folder Labels, Alphabetical",7336
OFF-LA-10004648,Office Supplies,Labels,"Avery Color Coded Labels, 5000 Label Set",7345
OFF-NOV-10001238,Office Supplies,Labels,"Novimex Shipping Labels, Alphabetical",7359
OFF-LA-10002559,Office Supplies,Labels,"Smead File Folder Labels, Alphabetical",7366
OFF-LA-10001402,Office Supplies,Labels,"Smead Color Coded Labels, 5000 Label Set",7407
OFF-LA-10001045,Office Supplies,Labels,Permanent Self-Adhesive File Folder Labels for Typewriters by Universal,7412
OFF-LA-10003973,Office Supplies,Labels,"Hon Removable Labels, Laser Printer Compatible",7429
OFF-LA-10003132,Office Supplies,Labels,"Smead Round Labels, Laser Printer Compatible",7463
OFF-LA-10002681,Office Supplies,Labels,"Smead Round Labels, Laser Printer Compatible",7507
OFF-LA-10000157,Office Supplies,Labels,"Novimex Shipping Labels, Laser Printer Compatible",7517
OFF-LA-10000880,Office Supplies,Labels,"Novimex Removable Labels, 5000 Label Set",7518
OFF-LA-10003714,Office Supplies,Labels,Avery 510,7538
OFF-LA-10002015,Office Supplies,Labels,"Hon Round Labels, Alphabetical",7551
OFF-LA-10001026,Office Supplies,Labels,"Harbour Creations File Folder Labels, 5000 Label Set",7564
OFF-LA-10000271,Office Supplies,Labels,"Harbour Creations Shipping Labels, Alphabetical",7571
OFF-NOV-10001753,Office Supplies,Labels,"Novimex Round Labels, Alphabetical",7594
OFF-NOV-10000721,Office Supplies,Labels,"Novimex File Folder Labels, Laser Printer Compatible",7597
OFF-LA-10002733,Office Supplies,Labels,"Novimex File Folder Labels, Alphabetical",7604
OFF-HON-10003230,Office Supplies,Labels,"Hon Removable Labels, Adjustable",7616
OFF-LA-10001284,Office Supplies,Labels,"Smead Round Labels, 5000 Label Set",7658
OFF-LA-10004166,Office Supplies,Labels,"Avery Legal Exhibit Labels, 5000 Label Set",7693
OFF-LA-10000793,Office Supplies,Labels,"Harbour Creations Removable Labels, Laser Printer Compatible",7723
OFF-LA-10000861,Office Supplies,Labels,"Avery Color Coded Labels, Alphabetical",7761
OFF-LA-10000668,Office Supplies,Labels,"Smead Removable Labels, Adjustable",7763
OFF-LA-10000151,Office Supplies,Labels,"Novimex Round Labels, Laser Printer Compatible",7791
OFF-LA-10001549,Office Supplies,Labels,"Harbour Creations Removable Labels, Adjustable",7835
OFF-LA-10004559,Office Supplies,Labels,Avery 49,7852
OFF-LA-10003338,Office Supplies,Labels,"Novimex Legal Exhibit Labels, Alphabetical",7858
OFF-LA-10000970,Office Supplies,Labels,"Harbour Creations Removable Labels, 5000 Label Set",7869
OFF-LA-10001028,Office Supplies,Labels,"Hon Removable Labels, Adjustable",7877
OFF-LA-10001731,Office Supplies,Labels,"Avery Removable Labels, Alphabetical",7894
OFF-LA-10002465,Office Supplies,Labels,"Hon Shipping Labels, 5000 Label Set",7897
OFF-LA-10001484,Office Supplies,Labels,"Harbour Creations Legal Exhibit Labels, Adjustable",7924
OFF-NOV-10000512,Office Supplies,Labels,"Novimex Color Coded Labels, Adjustable",7934
OFF-HON-10001723,Office Supplies,Labels,"Hon Color Coded Labels, 5000 Label Set",7935
OFF-LA-10003848,Office Supplies,Labels,"Avery File Folder Labels, 5000 Label Set",7950
OFF-LA-10001175,Office Supplies,Labels,Avery 514,7966
OFF-LA-10002020,Office Supplies,Labels,"Novimex Color Coded Labels, 5000 Label Set",7974
OFF-LA-10000604,Office Supplies,Labels,"Harbour Creations Color Coded Labels, Laser Printer Compatible",7992
OFF-LA-10000108,Office Supplies,Labels,"Harbour Creations Color Coded Labels, Laser Printer Compatible",8031
OFF-LA-10002876,Office Supplies,Labels,"Hon Legal Exhibit Labels, Adjustable",8056
OFF-AVE-10001367,Office Supplies,Labels,"Avery Legal Exhibit Labels, Alphabetical",8062
OFF-AVE-10001473,Office Supplies,Labels,"Avery Legal Exhibit Labels, Laser Printer Compatible",8063
OFF-LA-10003121,Office Supplies,Labels,Avery 506,8093
OFF-LA-10001839,Office Supplies,Labels,"Smead Shipping Labels, Laser Printer Compatible",8145
OFF-LA-10004411,Office Supplies,Labels,"Avery File Folder Labels, 5000 Label Set",8171
OFF-LA-10002523,Office Supplies,Labels,"Smead Removable Labels, Laser Printer Compatible",8183
OFF-LA-10002821,Office Supplies,Labels,"Harbour Creations Color Coded Labels, 5000 Label Set",8185
OFF-LA-10004318,Office Supplies,Labels,"Hon Color Coded Labels, Adjustable",8188
OFF-LA-10001230,Office Supplies,Labels,"Smead Removable Labels, Adjustable",8189
OFF-LA-10002473,Office Supplies,Labels,Avery 484,8201
OFF-LA-10002381,Office Supplies,Labels,Avery 497,8263
OFF-LA-10002945,Office Supplies,Labels,"Permanent Self-Adhesive File Folder Labels for Typewriters, 1 1/8 x 3 1/2, White",8271
OFF-LA-10001074,Office Supplies,Labels,Round Specialty Laser Printer Labels,8275
OFF-LA-10000519,Office Supplies,Labels,"Novimex File Folder Labels, Laser Printer Compatible",8322
OFF-SME-10000950,Office Supplies,Labels,"Smead Color Coded Labels, 5000 Label Set",8357
OFF-LA-10002354,Office Supplies,Labels,"Novimex Color Coded Labels, 5000 Label Set",8359
OFF-LA-10000897,Office Supplies,Labels,"Avery Round Labels, Laser Printer Compatible",8375
OFF-LA-10001778,Office Supplies,Labels,"Smead Color Coded Labels, 5000 Label Set",8378
OFF-LA-10003498,Office Supplies,Labels,Avery 475,8420
OFF-LA-10003444,Office Supplies,Labels,"Smead Legal Exhibit Labels, Alphabetical",8433
OFF-LA-10000934,Office Supplies,Labels,"Hon Legal Exhibit Labels, 5000 Label Set",8448
OFF-HAR-10001855,Office Supplies,Labels,"Harbour Creations Round Labels, Alphabetical",8454
OFF-NOV-10000986,Office Supplies,Labels,"Novimex File Folder Labels, Adjustable",8480
OFF-SME-10003746,Office Supplies,Labels,"Smead Legal Exhibit Labels, Adjustable",8493
OFF-LA-10000345,Office Supplies,Labels,"Avery File Folder Labels, Laser Printer Compatible",8540
OFF-LA-10001934,Office Supplies,Labels,Avery 516,8543
OFF-LA-10000121,Office Supplies,Labels,Avery 48,8575
OFF-LA-10004114,Office Supplies,Labels,"Avery File Folder Labels, Alphabetical",8621
OFF-AVE-10000065,Office Supplies,Labels,"Avery Removable Labels, Alphabetical",8640
OFF-LA-10001930,Office Supplies,Labels,"Hon Removable Labels, Adjustable",8667
OFF-LA-10001867,Office Supplies,Labels,"Avery Shipping Labels, Alphabetical",8668
OFF-HAR-10004011,Office Supplies,Labels,"Harbour Creations File Folder Labels, Alphabetical",8679
OFF-NOV-10002258,Office Supplies,Labels,"Novimex Legal Exhibit Labels, Alphabetical",8769
OFF-NOV-10003578,Office Supplies,Labels,"Novimex Color Coded Labels, Laser Printer Compatible",8797
OFF-LA-10004972,Office Supplies,Labels,"Avery File Folder Labels, 5000 Label Set",8800
OFF-AVE-10003558,Office Supplies,Labels,"Avery Round Labels, Alphabetical",8802
OFF-HAR-10003043,Office Supplies,Labels,"Harbour Creations Shipping Labels, 5000 Label Set",8811
OFF-AVE-10004148,Office Supplies,Labels,"Avery Color Coded Labels, Laser Printer Compatible",8814
OFF-HON-10003921,Office Supplies,Labels,"Hon Removable Labels, Laser Printer Compatible",8815
OFF-HON-10004800,Office Supplies,Labels,"Hon Shipping Labels, Alphabetical",8817
OFF-LA-10000244,Office Supplies,Labels,"Hon Legal Exhibit Labels, Alphabetical",8836
OFF-LA-10002851,Office Supplies,Labels,"Hon Legal Exhibit Labels, 5000 Label Set",8854
OFF-LA-10003809,Office Supplies,Labels,"Novimex Legal Exhibit Labels, Laser Printer Compatible",8903
OFF-LA-10000425,Office Supplies,Labels,"Smead Legal Exhibit Labels, Alphabetical",8911
OFF-AVE-10004536,Office Supplies,Labels,"Avery Shipping Labels, 5000 Label Set",8931
OFF-LA-10002575,Office Supplies,Labels,"Smead Legal Exhibit Labels, 5000 Label Set",8959
OFF-LA-10001474,Office Supplies,Labels,Avery 477,9012
OFF-LA-10000414,Office Supplies,Labels,Avery 503,9013
OFF-LA-10002805,Office Supplies,Labels,"Hon Color Coded Labels, Alphabetical",9018
OFF-LA-10003967,Office Supplies,Labels,"Smead Color Coded Labels, Adjustable",9022
OFF-LA-10000536,Office Supplies,Labels,"Smead Color Coded Labels, Laser Printer Compatible",9026
OFF-LA-10002225,Office Supplies,Labels,"Hon Shipping Labels, 5000 Label Set",9030
OFF-LA-10000341,Office Supplies,Labels,"Smead Shipping Labels, 5000 Label Set",9031
OFF-LA-10003210,Office Supplies,Labels,"Novimex Color Coded Labels, 5000 Label Set",9040
OFF-LA-10001618,Office Supplies,Labels,"Hon Legal Exhibit Labels, Adjustable",9041
OFF-LA-10000765,Office Supplies,Labels,"Smead Legal Exhibit Labels, 5000 Label Set",9046
OFF-LA-10003851,Office Supplies,Labels,"Smead Removable Labels, 5000 Label Set",9047
OFF-LA-10001471,Office Supplies,Labels,"Harbour Creations File Folder Labels, Alphabetical",9048
OFF-LA-10004181,Office Supplies,Labels,"Novimex File Folder Labels, Adjustable",9073
OFF-LA-10002731,Office Supplies,Labels,"Smead Removable Labels, Laser Printer Compatible",9086
OFF-LA-10001228,Office Supplies,Labels,"Hon File Folder Labels, Alphabetical",9104
OFF-LA-10001548,Office Supplies,Labels,"Avery Shipping Labels, Adjustable",9115
OFF-NOV-10002610,Office Supplies,Labels,"Novimex File Folder Labels, Alphabetical",9124
OFF-AVE-10000418,Office Supplies,Labels,"Avery Color Coded Labels, 5000 Label Set",9132
OFF-LA-10003699,Office Supplies,Labels,"Smead File Folder Labels, Adjustable",9141
OFF-LA-10003766,Office Supplies,Labels,Self-Adhesive Removable Labels,9155
OFF-LA-10004272,Office Supplies,Labels,Avery 482,9183
OFF-LA-10001297,Office Supplies,Labels,Avery 473,9187
OFF-LA-10001229,Office Supplies,Labels,"Hon Removable Labels, Adjustable",9289
OFF-LA-10001417,Office Supplies,Labels,"Hon File Folder Labels, Alphabetical",9291
OFF-LA-10001246,Office Supplies,Labels,"Avery Removable Labels, Alphabetical",9293
OFF-LA-10003459,Office Supplies,Labels,"Avery Removable Labels, Laser Printer Compatible",9346
OFF-LA-10000190,Office Supplies,Labels,"Harbour Creations Round Labels, 5000 Label Set",9348
OFF-LA-10004182,Office Supplies,Labels,"Hon Color Coded Labels, 5000 Label Set",9349
OFF-LA-10003327,Office Supplies,Labels,"Hon Legal Exhibit Labels, Adjustable",9351
OFF-LA-10003594,Office Supplies,Labels,"Hon Removable Labels, Adjustable",9353
OFF-LA-10001294,Office Supplies,Labels,"Avery Shipping Labels, Adjustable",9362
OFF-LA-10003388,Office Supplies,Labels,Avery 5,9385
OFF-LA-10002486,Office Supplies,Labels,"Harbour Creations Legal Exhibit Labels, Adjustable",9424
OFF-LA-10003929,Office Supplies,Labels,"Novimex Legal Exhibit Labels, Adjustable",9440
OFF-LA-10003155,Office Supplies,Labels,"Novimex Round Labels, Laser Printer Compatible",9447
OFF-NOV-10003499,Office Supplies,Labels,"Novimex Removable Labels, Adjustable",9515
OFF-LA-10001169,Office Supplies,Labels,"Harbour Creations Round Labels, Laser Printer Compatible",9517
OFF-NOV-10004585,Office Supplies,Labels,"Novimex Legal Exhibit Labels, Laser Printer Compatible",9535
OFF-LA-10004234,Office Supplies,Labels,"Smead File Folder Labels, 5000 Label Set",9562
OFF-LA-10002673,Office Supplies,Labels,"Harbour Creations Round Labels, Laser Printer Compatible",9569
OFF-LA-10001803,Office Supplies,Labels,"Avery Legal Exhibit Labels, Adjustable",9583
OFF-LA-10004008,Office Supplies,Labels,Avery 507,9590
OFF-LA-10004320,Office Supplies,Labels,"Avery Legal Exhibit Labels, Alphabetical",9594
OFF-LA-10002848,Office Supplies,Labels,"Novimex Shipping Labels, Laser Printer Compatible",9623
OFF-LA-10002782,Office Supplies,Labels,"Hon File Folder Labels, Adjustable",9629
OFF-LA-10003537,Office Supplies,Labels,Avery 515,9666
OFF-LA-10001924,Office Supplies,Labels,"Hon Round Labels, Adjustable",9681
OFF-LA-10004487,Office Supplies,Labels,"Harbour Creations Shipping Labels, Alphabetical",9700
OFF-LA-10000713,Office Supplies,Labels,"Novimex Removable Labels, Adjustable",9713
OFF-LA-10004749,Office Supplies,Labels,"Novimex Removable Labels, Adjustable",9714
OFF-LA-10003283,Office Supplies,Labels,"Hon File Folder Labels, 5000 Label Set",9733
OFF-LA-10001383,Office Supplies,Labels,"Smead Shipping Labels, Adjustable",9745
OFF-LA-10002900,Office Supplies,Labels,"Harbour Creations File Folder Labels, Alphabetical",9759
OFF-SME-10004926,Office Supplies,Labels,"Smead File Folder Labels, Laser Printer Compatible",9763
OFF-LA-10002996,Office Supplies,Labels,"Avery Removable Labels, Laser Printer Compatible",9765
OFF-LA-10002107,Office Supplies,Labels,"Novimex Legal Exhibit Labels, 5000 Label Set",9769
OFF-LA-10001187,Office Supplies,Labels,"Smead Color Coded Labels, Alphabetical",9778
OFF-LA-10000473,Office Supplies,Labels,"Harbour Creations File Folder Labels, Alphabetical",9779
OFF-LA-10001019,Office Supplies,Labels,"Avery Color Coded Labels, Laser Printer Compatible",9780
OFF-LA-10004462,Office Supplies,Labels,"Smead Shipping Labels, Adjustable",9807
OFF-LA-10000407,Office Supplies,Labels,Avery White Multi-Purpose Labels,9834
OFF-LA-10004055,Office Supplies,Labels,Color-Coded Legal Exhibit Labels,9836
OFF-LA-10001215,Office Supplies,Labels,"Harbour Creations File Folder Labels, Laser Printer Compatible",9897
OFF-LA-10004400,Office Supplies,Labels,"Hon Legal Exhibit Labels, Laser Printer Compatible",9917
OFF-LA-10002490,Office Supplies,Labels,"Hon Round Labels, Alphabetical",9938
OFF-LA-10000553,Office Supplies,Labels,"Hon Round Labels, Laser Printer Compatible",9960
OFF-LA-10004916,Office Supplies,Labels,"Harbour Creations Shipping Labels, Laser Printer Compatible",9971
OFF-LA-10003297,Office Supplies,Labels,"Avery Removable Labels, 5000 Label Set",9975
OFF-LA-10000757,Office Supplies,Labels,"Harbour Creations Removable Labels, 5000 Label Set",10005
OFF-LA-10004774,Office Supplies,Labels,"Avery Shipping Labels, Alphabetical",10017
OFF-LA-10002650,Office Supplies,Labels,"Novimex Removable Labels, Laser Printer Compatible",10029
OFF-LA-10004677,Office Supplies,Labels,Self-Adhesive Address Labels for Typewriters with Dispenser Box,10057
OFF-LA-10001092,Office Supplies,Labels,"Harbour Creations Removable Labels, Adjustable",10062
OFF-LA-10002688,Office Supplies,Labels,"Hon File Folder Labels, Adjustable",10093
OFF-LA-10000927,Office Supplies,Labels,"Hon Shipping Labels, Adjustable",10101
OFF-LA-10001202,Office Supplies,Labels,"Avery Legal Exhibit Labels, 5000 Label Set",10106
OFF-LA-10001865,Office Supplies,Labels,"Avery Round Labels, 5000 Label Set",10124
OFF-LA-10000779,Office Supplies,Labels,"Hon Removable Labels, Laser Printer Compatible",10153
OFF-LA-10004700,Office Supplies,Labels,"Avery Color Coded Labels, Alphabetical",10159
OFF-LA-10001287,Office Supplies,Labels,"Harbour Creations Removable Labels, Adjustable",10175
OFF-LA-10000116,Office Supplies,Labels,"Harbour Creations File Folder Labels, Adjustable",10189
OFF-LA-10002598,Office Supplies,Labels,"Harbour Creations Removable Labels, Laser Printer Compatible",10195
OFF-AVE-10001079,Office Supplies,Labels,"Avery File Folder Labels, Laser Printer Compatible",10208
OFF-HAR-10000681,Office Supplies,Labels,"Harbour Creations Legal Exhibit Labels, 5000 Label Set",10250
OFF-LA-10001582,Office Supplies,Labels,"Smead Round Labels, 5000 Label Set",10294
OFF-LA-10002883,Office Supplies,Labels,"Avery Removable Labels, Alphabetical",10328
OFF-LA-10002389,Office Supplies,Labels,"Smead Legal Exhibit Labels, Alphabetical",10329
OFF-LA-10000560,Office Supplies,Labels,"Smead File Folder Labels, Alphabetical",10331
OFF-LA-10002323,Office Supplies,Labels,"Harbour Creations Shipping Labels, 5000 Label Set",10345
OFF-LA-10001873,Office Supplies,Labels,"Harbour Creations Color Coded Labels, Adjustable",10355
OFF-LA-10003898,Office Supplies,Labels,"Hon Removable Labels, 5000 Label Set",10372
OFF-LA-10002674,Office Supplies,Labels,"Novimex Legal Exhibit Labels, Adjustable",10400
OFF-LA-10000635,Office Supplies,Labels,"Harbour Creations Shipping Labels, 5000 Label Set",10403
OFF-SME-10003305,Office Supplies,Labels,"Smead File Folder Labels, Adjustable",10422
OFF-LA-10001719,Office Supplies,Labels,"Avery Color Coded Labels, 5000 Label Set",10514
OFF-LA-10004964,Office Supplies,Labels,"Smead Shipping Labels, Adjustable",10539
OFF-LA-10003376,Office Supplies,Labels,"Hon Shipping Labels, Adjustable",10558
OFF-LA-10000220,Office Supplies,Labels,"Hon Removable Labels, Laser Printer Compatible",10562
OFF-LA-10000959,Office Supplies,Labels,"Harbour Creations Round Labels, Alphabetical",10579
OFF-LA-10001256,Office Supplies,Labels,"Novimex Round Labels, Alphabetical",10612
OFF-LA-10001538,Office Supplies,Labels,"Hon File Folder Labels, 5000 Label Set",10666
OFF-LA-10003119,Office Supplies,Labels,"Hon Color Coded Labels, 5000 Label Set",10667
OFF-LA-10004877,Office Supplies,Labels,"Hon Legal Exhibit Labels, 5000 Label Set",10687
OFF-LA-10000818,Office Supplies,Labels,"Hon Round Labels, Alphabetical",10688
OFF-LA-10000901,Office Supplies,Labels,"Smead File Folder Labels, 5000 Label Set",10740
OFF-AP-10001568,Office Supplies,Appliances,"Hamilton Beach Toaster, Silver",21
OFF-AP-10001634,Office Supplies,Appliances,Hoover Commercial Lightweight Upright Vacuum,158
OFF-AP-10002317,Office Supplies,Appliances,"Hamilton Beach Refrigerator, Silver",269
OFF-HAM-10004674,Office Supplies,Appliances,"Hamilton Beach Stove, Silver",281
OFF-KIT-10002678,Office Supplies,Appliances,"KitchenAid Coffee Grinder, Silver",327
OFF-CUI-10000682,Office Supplies,Appliances,"Cuisinart Stove, Silver",332
OFF-BRE-10004310,Office Supplies,Appliances,"Breville Blender, Black",336
OFF-AP-10003275,Office Supplies,Appliances,"KitchenAid Microwave, Silver",347
OFF-AP-10003511,Office Supplies,Appliances,"Cuisinart Microwave, Black",378
OFF-AP-10004964,Office Supplies,Appliances,"Hoover Stove, White",413
OFF-AP-10000039,Office Supplies,Appliances,"Breville Coffee Grinder, Silver",432
OFF-AP-10001567,Office Supplies,Appliances,"Breville Blender, White",434
OFF-AP-10002573,Office Supplies,Appliances,"Hamilton Beach Stove, Black",460
OFF-CUI-10001990,Office Supplies,Appliances,"Cuisinart Refrigerator, White",507
OFF-AP-10002361,Office Supplies,Appliances,"Hoover Microwave, Red",515
OFF-AP-10003032,Office Supplies,Appliances,"Hamilton Beach Blender, Silver",590
OFF-AP-10001670,Office Supplies,Appliances,"Hoover Coffee Grinder, White",607
OFF-KIT-10003683,Office Supplies,Appliances,"KitchenAid Stove, Silver",661
OFF-HOO-10000318,Office Supplies,Appliances,"Hoover Microwave, Silver",695
OFF-AP-10000005,Office Supplies,Appliances,"KitchenAid Microwave, Red",727
OFF-AP-10002938,Office Supplies,Appliances,"KitchenAid Toaster, Black",784
OFF-AP-10003963,Office Supplies,Appliances,"Breville Microwave, Silver",795
OFF-AP-10004295,Office Supplies,Appliances,"Cuisinart Refrigerator, Silver",796
OFF-HOO-10002946,Office Supplies,Appliances,"Hoover Stove, Red",819
OFF-BRE-10004933,Office Supplies,Appliances,"Breville Toaster, Silver",822
OFF-HOO-10004188,Office Supplies,Appliances,"Hoover Blender, Black",829
OFF-HOO-10000335,Office Supplies,Appliances,"Hoover Microwave, White",843
OFF-BRE-10001343,Office Supplies,Appliances,"Breville Blender, Silver",849
OFF-BRE-10004436,Office Supplies,Appliances,"Breville Stove, Black",870
OFF-KIT-10002357,Office Supplies,Appliances,"KitchenAid Blender, White",912
OFF-AP-10003500,Office Supplies,Appliances,"KitchenAid Microwave, White",957
OFF-AP-10001621,Office Supplies,Appliances,"Cuisinart Blender, Silver",967
OFF-HOO-10002386,Office Supplies,Appliances,"Hoover Toaster, Silver",1002
OFF-AP-10001178,Office Supplies,Appliances,"KitchenAid Stove, Red",1040
OFF-AP-10000226,Office Supplies,Appliances,"Hoover Coffee Grinder, Black",1097
OFF-AP-10001266,Office Supplies,Appliances,"Hoover Toaster, Black",1098
OFF-HOO-10001105,Office Supplies,Appliances,"Hoover Refrigerator, Silver",1101
OFF-HAM-10003992,Office Supplies,Appliances,"Hamilton Beach Toaster, Silver",1103
OFF-AP-10003972,Office Supplies,Appliances,"Hoover Coffee Grinder, Silver",1144
OFF-AP-10001623,Office Supplies,Appliances,"Hoover Stove, White",1145
OFF-AP-10002330,Office Supplies,Appliances,"Hamilton Beach Stove, Silver",1149
OFF-AP-10001469,Office Supplies,Appliances,Fellowes 8 Outlet Superior Workstation Surge Protector,1187
OFF-BRE-10003382,Office Supplies,Appliances,"Breville Stove, Silver",1280
OFF-AP-10003971,Office Supplies,Appliances,Belkin 6 Outlet Metallic Surge Strip,1331
OFF-CUI-10000105,Office Supplies,Appliances,"Cuisinart Microwave, Black",1339
OFF-AP-10001190,Office Supplies,Appliances,"Hoover Refrigerator, Silver",1354
OFF-AP-10001076,Office Supplies,Appliances,"Hamilton Beach Coffee Grinder, Red",1367
OFF-KIT-10001899,Office Supplies,Appliances,"KitchenAid Toaster, Black",1396
OFF-HAM-10003663,Office Supplies,Appliances,"Hamilton Beach Stove, Black",1404
OFF-AP-10001621,Office Supplies,Appliances,"Hamilton Beach Refrigerator, Black",1468
OFF-AP-10000437,Office Supplies,Appliances,"KitchenAid Refrigerator, Red",1500
OFF-AP-10004946,Office Supplies,Appliances,"KitchenAid Toaster, Black",1504
OFF-AP-10003177,Office Supplies,Appliances,"Hamilton Beach Toaster, White",1536
OFF-AP-10003298,Office Supplies,Appliances,"KitchenAid Coffee Grinder, Black",1547
OFF-AP-10002223,Office Supplies,Appliances,"Cuisinart Coffee Grinder, Red",1564
OFF-AP-10003800,Office Supplies,Appliances,"Cuisinart Coffee Grinder, White",1566
OFF-AP-10004627,Office Supplies,Appliances,"Hamilton Beach Stove, Silver",1574
OFF-AP-10003956,Office Supplies,Appliances,"Hoover Toaster, Red",1576
OFF-AP-10001058,Office Supplies,Appliances,Sanyo 2.5 Cubic Foot Mid-Size Office Refrigerators,1641
OFF-AP-10001776,Office Supplies,Appliances,"Hamilton Beach Microwave, White",1653
OFF-AP-10001565,Office Supplies,Appliances,"Cuisinart Coffee Grinder, Black",1665
OFF-AP-10002794,Office Supplies,Appliances,"KitchenAid Microwave, Black",1713
OFF-HAM-10002778,Office Supplies,Appliances,"Hamilton Beach Microwave, Black",1728
OFF-AP-10004191,Office Supplies,Appliances,"Cuisinart Refrigerator, Silver",1761
OFF-AP-10002476,Office Supplies,Appliances,"Cuisinart Blender, Red",1806
OFF-AP-10003281,Office Supplies,Appliances,Acco 6 Outlet Guardian Standard Surge Suppressor,1810
OFF-AP-10003040,Office Supplies,Appliances,Fellowes 8 Outlet Superior Workstation Surge Protector w/o Phone/Fax/Modem Protection,1843
OFF-AP-10002753,Office Supplies,Appliances,"Cuisinart Toaster, Red",1885
OFF-AP-10001205,Office Supplies,Appliances,Belkin 5 Outlet SurgeMaster Power Centers,1953
OFF-HOO-10004910,Office Supplies,Appliances,"Hoover Refrigerator, White",1962
OFF-KIT-10004058,Office Supplies,Appliances,"KitchenAid Stove, White",1977
OFF-AP-10001298,Office Supplies,Appliances,"Breville Stove, Black",1980
OFF-HOO-10000638,Office Supplies,Appliances,"Hoover Toaster, Black",1983
OFF-AP-10003842,Office Supplies,Appliances,Euro-Pro Shark Turbo Vacuum,2002
OFF-AP-10001492,Office Supplies,Appliances,"Acco Six-Outlet Power Strip, 4' Cord Length",2015
OFF-AP-10000828,Office Supplies,Appliances,Avanti 4.4 Cu. Ft. Refrigerator,2016
OFF-AP-10000078,Office Supplies,Appliances,"Breville Toaster, Silver",2121
OFF-AP-10000381,Office Supplies,Appliances,"Hoover Refrigerator, Red",2124
OFF-AP-10003850,Office Supplies,Appliances,"Hoover Blender, White",2127
OFF-AP-10002090,Office Supplies,Appliances,"Hamilton Beach Refrigerator, Red",2227
OFF-AP-10002439,Office Supplies,Appliances,Tripp Lite Isotel 8 Ultra 8 Outlet Metal Surge,2241
OFF-AP-10000692,Office Supplies,Appliances,Fellowes Mighty 8 Compact Surge Protector,2264
OFF-AP-10003287,Office Supplies,Appliances,Tripp Lite TLP810NET Broadband Surge for Modem/Fax,2280
OFF-AP-10000891,Office Supplies,Appliances,Kensington 7 Outlet MasterPiece HOMEOFFICE Power Control Center,2282
OFF-AP-10000390,Office Supplies,Appliances,Euro Pro Shark Stick Mini Vacuum,2301
OFF-AP-10000800,Office Supplies,Appliances,"Breville Stove, Red",2468
OFF-KIT-10000099,Office Supplies,Appliances,"KitchenAid Refrigerator, Silver",2474
OFF-KIT-10004515,Office Supplies,Appliances,"KitchenAid Microwave, Red",2476
OFF-HOO-10001881,Office Supplies,Appliances,"Hoover Stove, White",2498
OFF-HOO-10001448,Office Supplies,Appliances,"Hoover Blender, White",2508
OFF-CUI-10002269,Office Supplies,Appliances,"Cuisinart Refrigerator, Red",2509
OFF-AP-10002578,Office Supplies,Appliances,"Fellowes Premier Superior Surge Suppressor, 10-Outlet, With Phone and Remote",2594
OFF-AP-10000108,Office Supplies,Appliances,"Breville Refrigerator, Black",2638
OFF-AP-10000729,Office Supplies,Appliances,"KitchenAid Refrigerator, White",2651
OFF-AP-10000358,Office Supplies,Appliances,Fellowes Basic Home/Office Series Surge Protectors,2685
OFF-HOO-10001248,Office Supplies,Appliances,"Hoover Coffee Grinder, Silver",2700
OFF-AP-10001254,Office Supplies,Appliances,"KitchenAid Coffee Grinder, Red",2800
OFF-AP-10002933,Office Supplies,Appliances,"Hoover Blender, Silver",2819
OFF-AP-10001504,Office Supplies,Appliances,"Cuisinart Blender, Black",2869
OFF-AP-10004168,Office Supplies,Appliances,"Cuisinart Stove, White",2893
OFF-AP-10001905,Office Supplies,Appliances,"KitchenAid Toaster, White",2901
OFF-AP-10003800,Office Supplies,Appliances,"Hoover Microwave, Silver",2905
OFF-AP-10002371,Office Supplies,Appliances,"KitchenAid Blender, Silver",2931
OFF-AP-10002793,Office Supplies,Appliances,"KitchenAid Stove, Black",2966
OFF-AP-10002326,Office Supplies,Appliances,"Hamilton Beach Microwave, White",2970
OFF-AP-10004841,Office Supplies,Appliances,"Hamilton Beach Toaster, Silver",3002
OFF-AP-10004274,Office Supplies,Appliances,"Hamilton Beach Blender, Black",3015
OFF-AP-10001271,Office Supplies,Appliances,Eureka The Boss Cordless Rechargeable Stick Vac,3035
OFF-HAM-10000312,Office Supplies,Appliances,"Hamilton Beach Refrigerator, Red",3041
OFF-AP-10004220,Office Supplies,Appliances,"Hamilton Beach Coffee Grinder, White",3071
OFF-AP-10003615,Office Supplies,Appliances,"Hamilton Beach Blender, Black",3086
OFF-AP-10004512,Office Supplies,Appliances,"Hoover Stove, Red",3088
OFF-AP-10000584,Office Supplies,Appliances,"Breville Refrigerator, Silver",3095
OFF-AP-10003182,Office Supplies,Appliances,"Breville Toaster, Silver",3100
OFF-AP-10001510,Office Supplies,Appliances,"Cuisinart Microwave, Silver",3145
OFF-AP-10000179,Office Supplies,Appliances,"Breville Refrigerator, Red",3212
OFF-AP-10002238,Office Supplies,Appliances,"Hoover Coffee Grinder, Red",3222
OFF-AP-10003577,Office Supplies,Appliances,"Hoover Stove, Silver",3226
OFF-BRE-10003443,Office Supplies,Appliances,"Breville Refrigerator, Silver",3240
OFF-BRE-10002255,Office Supplies,Appliances,"Breville Stove, White",3246
OFF-CUI-10001965,Office Supplies,Appliances,"Cuisinart Microwave, White",3247
OFF-AP-10002681,Office Supplies,Appliances,"Hamilton Beach Stove, Black",3290
OFF-AP-10004227,Office Supplies,Appliances,"Hamilton Beach Refrigerator, White",3297
OFF-AP-10004913,Office Supplies,Appliances,"KitchenAid Refrigerator, Black",3311
OFF-AP-10001593,Office Supplies,Appliances,"Cuisinart Microwave, Red",3351
OFF-CUI-10003923,Office Supplies,Appliances,"Cuisinart Coffee Grinder, Red",3395
OFF-AP-10001824,Office Supplies,Appliances,"Breville Stove, Silver",3440
OFF-HOO-10002920,Office Supplies,Appliances,"Hoover Stove, Black",3519
OFF-HOO-10003269,Office Supplies,Appliances,"Hoover Toaster, Red",3529
OFF-KIT-10003757,Office Supplies,Appliances,"KitchenAid Refrigerator, Red",3557
OFF-BRE-10004872,Office Supplies,Appliances,"Breville Blender, Black",3562
OFF-AP-10001103,Office Supplies,Appliances,"Breville Microwave, Silver",3609
OFF-AP-10000486,Office Supplies,Appliances,"Cuisinart Stove, Silver",3610
OFF-AP-10004749,Office Supplies,Appliances,"Cuisinart Coffee Grinder, Red",3611
OFF-AP-10002568,Office Supplies,Appliances,"Hamilton Beach Toaster, Black",3654
OFF-AP-10001882,Office Supplies,Appliances,"Breville Coffee Grinder, Silver",3680
OFF-AP-10003210,Office Supplies,Appliances,"Cuisinart Toaster, White",3718
OFF-AP-10001772,Office Supplies,Appliances,"Hoover Toaster, White",3719
OFF-AP-10004052,Office Supplies,Appliances,"Hoover Replacement Belts For Soft Guard & Commercial Ltweight Upright Vacs, 2/Pk",3736
OFF-AP-10002651,Office Supplies,Appliances,Hoover Upright Vacuum With Dirt Cup,3746
OFF-AP-10004226,Office Supplies,Appliances,"Hamilton Beach Stove, Red",3758
OFF-AP-10001955,Office Supplies,Appliances,"Hoover Microwave, White",3759
OFF-AP-10000653,Office Supplies,Appliances,"Hamilton Beach Blender, Black",3769
OFF-AP-10002128,Office Supplies,Appliances,"Hoover Blender, Black",3826
OFF-AP-10003717,Office Supplies,Appliances,"Breville Coffee Grinder, White",3856
OFF-AP-10003021,Office Supplies,Appliances,"Breville Stove, White",3869
OFF-AP-10003221,Office Supplies,Appliances,"Cuisinart Refrigerator, Red",3879
OFF-AP-10004572,Office Supplies,Appliances,"Cuisinart Stove, Red",3892
OFF-AP-10004511,Office Supplies,Appliances,"Cuisinart Refrigerator, Black",3911
OFF-AP-10000003,Office Supplies,Appliances,"KitchenAid Refrigerator, White",4005
OFF-AP-10001274,Office Supplies,Appliances,"Hoover Microwave, Black",4017
OFF-AP-10002252,Office Supplies,Appliances,"Cuisinart Stove, Black",4033
OFF-AP-10000528,Office Supplies,Appliances,"Breville Blender, Black",4041
OFF-AP-10003043,Office Supplies,Appliances,"Breville Blender, White",4064
OFF-AP-10000696,Office Supplies,Appliances,Holmes Odor Grabber,4120
OFF-HAM-10003872,Office Supplies,Appliances,"Hamilton Beach Blender, White",4209
OFF-KIT-10003611,Office Supplies,Appliances,"KitchenAid Stove, Red",4224
OFF-AP-10002229,Office Supplies,Appliances,"KitchenAid Coffee Grinder, Red",4246
OFF-AP-10002735,Office Supplies,Appliances,"Cuisinart Toaster, Black",4247
OFF-AP-10004041,Office Supplies,Appliances,"KitchenAid Microwave, White",4309
OFF-AP-10001548,Office Supplies,Appliances,"Hoover Toaster, Silver",4313
OFF-AP-10004226,Office Supplies,Appliances,"Cuisinart Coffee Grinder, Black",4376
OFF-AP-10003334,Office Supplies,Appliances,"Cuisinart Coffee Grinder, Silver",4377
OFF-AP-10000240,Office Supplies,Appliances,Belkin F9G930V10-GRY 9 Outlet Surge,4381
OFF-HAM-10003628,Office Supplies,Appliances,"Hamilton Beach Coffee Grinder, Red",4397
OFF-AP-10001626,Office Supplies,Appliances,"Commercial WindTunnel Clean Air Upright Vacuum, Replacement Belts, Filtration Bags",4403
OFF-AP-10000775,Office Supplies,Appliances,"Breville Blender, Silver",4447
OFF-AP-10001322,Office Supplies,Appliances,"Hamilton Beach Stove, Silver",4448
OFF-AP-10001305,Office Supplies,Appliances,"Breville Microwave, White",4466
OFF-AP-10002226,Office Supplies,Appliances,"Hoover Blender, Black",4467
OFF-AP-10000304,Office Supplies,Appliances,"Hoover Microwave, White",4499
OFF-AP-10002311,Office Supplies,Appliances,"Holmes Replacement Filter for HEPA Air Cleaner, Very Large Room, HEPA Filter",4515
OFF-AP-10000263,Office Supplies,Appliances,"KitchenAid Microwave, Silver",4517
OFF-AP-10004140,Office Supplies,Appliances,"Breville Stove, Silver",4519
OFF-AP-10001617,Office Supplies,Appliances,"KitchenAid Blender, Silver",4638
OFF-AP-10000621,Office Supplies,Appliances,"KitchenAid Microwave, Silver",4654
OFF-AP-10000751,Office Supplies,Appliances,"Breville Refrigerator, Black",4656
OFF-AP-10000200,Office Supplies,Appliances,"KitchenAid Refrigerator, Red",4694
OFF-AP-10004921,Office Supplies,Appliances,"Breville Toaster, Red",4718
OFF-BRE-10001107,Office Supplies,Appliances,"Breville Stove, Red",4739
OFF-BRE-10001197,Office Supplies,Appliances,"Breville Refrigerator, Black",4745
OFF-AP-10001815,Office Supplies,Appliances,"Hoover Refrigerator, Black",4762
OFF-AP-10001191,Office Supplies,Appliances,"Hoover Blender, White",4776
OFF-HOO-10003338,Office Supplies,Appliances,"Hoover Blender, Silver",4784
OFF-AP-10002457,Office Supplies,Appliances,"Eureka The Boss Plus 12-Amp Hard Box Upright Vacuum, Red",4808
OFF-HOO-10001783,Office Supplies,Appliances,"Hoover Microwave, Red",4812
OFF-AP-10000423,Office Supplies,Appliances,"Breville Refrigerator, Red",4818
OFF-KIT-10003990,Office Supplies,Appliances,"KitchenAid Toaster, Silver",4847
OFF-AP-10000119,Office Supplies,Appliances,"Breville Microwave, White",4853
OFF-AP-10001058,Office Supplies,Appliances,"Cuisinart Microwave, White",4864
OFF-AP-10002128,Office Supplies,Appliances,"Breville Toaster, White",4886
OFF-HAM-10004122,Office Supplies,Appliances,"Hamilton Beach Microwave, Silver",4922
OFF-BRE-10002706,Office Supplies,Appliances,"Breville Microwave, White",4935
OFF-KIT-10001040,Office Supplies,Appliances,"KitchenAid Coffee Grinder, Black",4936
OFF-HOO-10004243,Office Supplies,Appliances,"Hoover Microwave, Black",4949
OFF-CUI-10001302,Office Supplies,Appliances,"Cuisinart Blender, Silver",4950
OFF-AP-10002625,Office Supplies,Appliances,"Cuisinart Microwave, Black",4992
OFF-AP-10000490,Office Supplies,Appliances,"Hamilton Beach Coffee Grinder, Silver",5023
OFF-AP-10000904,Office Supplies,Appliances,"Cuisinart Coffee Grinder, Silver",5048
OFF-AP-10000335,Office Supplies,Appliances,"Cuisinart Microwave, Red",5065
OFF-AP-10004063,Office Supplies,Appliances,"Cuisinart Stove, Silver",5077
OFF-AP-10000691,Office Supplies,Appliances,"Cuisinart Refrigerator, Red",5197
OFF-AP-10004527,Office Supplies,Appliances,"Hamilton Beach Toaster, White",5230
OFF-HAM-10004896,Office Supplies,Appliances,"Hamilton Beach Microwave, Red",5239
OFF-HAM-10003368,Office Supplies,Appliances,"Hamilton Beach Blender, Black",5241
OFF-AP-10003945,Office Supplies,Appliances,"Breville Toaster, Silver",5270
OFF-AP-10004859,Office Supplies,Appliances,Acco 6 Outlet Guardian Premium Surge Suppressor,5397
OFF-BRE-10000157,Office Supplies,Appliances,"Breville Toaster, Red",5406
OFF-KIT-10001380,Office Supplies,Appliances,"KitchenAid Microwave, Black",5407
OFF-HAM-10001107,Office Supplies,Appliances,"Hamilton Beach Refrigerator, Silver",5415
OFF-AP-10003590,Office Supplies,Appliances,"KitchenAid Refrigerator, Black",5439
OFF-AP-10001805,Office Supplies,Appliances,"KitchenAid Toaster, Silver",5441
OFF-AP-10000864,Office Supplies,Appliances,"Hamilton Beach Refrigerator, Black",5457
OFF-AP-10003559,Office Supplies,Appliances,"Hamilton Beach Stove, Red",5479
OFF-AP-10004201,Office Supplies,Appliances,"Breville Refrigerator, White",5489
OFF-HAM-10001621,Office Supplies,Appliances,"Hamilton Beach Refrigerator, Black",5491
OFF-AP-10002439,Office Supplies,Appliances,"Cuisinart Blender, Silver",5507
OFF-AP-10002552,Office Supplies,Appliances,"Hamilton Beach Stove, White",5517
OFF-AP-10002675,Office Supplies,Appliances,"Cuisinart Refrigerator, Black",5541
OFF-AP-10001041,Office Supplies,Appliances,"Hoover Stove, White",5559
OFF-AP-10000159,Office Supplies,Appliances,Belkin F9M820V08 8 Outlet Surge,5583
OFF-AP-10001005,Office Supplies,Appliances,Honeywell Quietcare HEPA Air Cleaner,5589
OFF-AP-10000228,Office Supplies,Appliances,"Cuisinart Blender, White",5613
OFF-AP-10003099,Office Supplies,Appliances,"Eureka Hand Vacuum, Bagless",5667
OFF-AP-10004249,Office Supplies,Appliances,Staples,5702
OFF-AP-10000055,Office Supplies,Appliances,Belkin F9S820V06 8 Outlet Surge,5724
OFF-AP-10001394,Office Supplies,Appliances,Harmony Air Purifier,5731
OFF-AP-10004036,Office Supplies,Appliances,Bionaire 99.97% HEPA Air Cleaner,5735
OFF-AP-10003849,Office Supplies,Appliances,Hoover Shoulder Vac Commercial Portable Vacuum,5741
OFF-AP-10004980,Office Supplies,Appliances,3M Replacement Filter for Office Air Cleaner for 20' x 33' Room,5743
OFF-AP-10004233,Office Supplies,Appliances,Honeywell Enviracaire Portable Air Cleaner for up to 8 x 10 Room,5746
OFF-AP-10004487,Office Supplies,Appliances,Kensington 4 Outlet MasterPiece Compact Power Control Center,5751
OFF-AP-10002403,Office Supplies,Appliances,Acco Smartsocket Color-Coded Six-Outlet AC Adapter Model Surge Protectors,5752
OFF-AP-10003278,Office Supplies,Appliances,Belkin 7-Outlet SurgeMaster Home Series,5775
OFF-AP-10002191,Office Supplies,Appliances,Belkin 8 Outlet SurgeMaster II Gold Surge Protector,5778
OFF-AP-10002433,Office Supplies,Appliances,"Cuisinart Microwave, Silver",5926
OFF-AP-10000667,Office Supplies,Appliances,"Breville Stove, White",5928
OFF-AP-10001630,Office Supplies,Appliances,"Hamilton Beach Microwave, Black",5950
OFF-AP-10002165,Office Supplies,Appliances,"Hamilton Beach Blender, White",5985
OFF-KIT-10000717,Office Supplies,Appliances,"KitchenAid Toaster, White",5992
OFF-CUI-10001670,Office Supplies,Appliances,"Cuisinart Stove, White",6019
OFF-HOO-10003246,Office Supplies,Appliances,"Hoover Blender, Black",6020
OFF-AP-10004183,Office Supplies,Appliances,"Breville Microwave, Red",6024
OFF-AP-10003794,Office Supplies,Appliances,"Cuisinart Refrigerator, Red",6042
OFF-AP-10002709,Office Supplies,Appliances,"Breville Coffee Grinder, White",6045
OFF-AP-10001916,Office Supplies,Appliances,"Breville Blender, Black",6071
OFF-AP-10000577,Office Supplies,Appliances,"Cuisinart Stove, Black",6093
OFF-AP-10004532,Office Supplies,Appliances,Kensington 6 Outlet Guardian Standard Surge Protector,6214
OFF-AP-10002518,Office Supplies,Appliances,Kensington 7 Outlet MasterPiece Power Center,6221
OFF-AP-10001947,Office Supplies,Appliances,Acco 6 Outlet Guardian Premium Plus Surge Suppressor,6270
OFF-AP-10001776,Office Supplies,Appliances,"Hoover Refrigerator, Red",6295
OFF-AP-10002945,Office Supplies,Appliances,Honeywell Enviracaire Portable HEPA Air Cleaner for 17' x 22' Room,6323
OFF-AP-10002350,Office Supplies,Appliances,Belkin F9H710-06 7 Outlet SurgeMaster Surge Protector,6324
OFF-AP-10003057,Office Supplies,Appliances,Honeywell Enviracaire Portable HEPA Air Cleaner for 16' x 20' Room,6339
OFF-AP-10003590,Office Supplies,Appliances,Hoover WindTunnel Plus Canister Vacuum,6354
OFF-AP-10004868,Office Supplies,Appliances,Hoover Commercial Soft Guard Upright Vacuum And Disposable Filtration Bags,6355
OFF-AP-10002734,Office Supplies,Appliances,Holmes Harmony HEPA Air Purifier for 17 x 20 Room,6362
OFF-AP-10001124,Office Supplies,Appliances,Belkin 8 Outlet SurgeMaster II Gold Surge Protector with Phone Protection,6370
OFF-AP-10001242,Office Supplies,Appliances,APC 7 Outlet Network SurgeArrest Surge Protector,6379
OFF-AP-10001564,Office Supplies,Appliances,Hoover Commercial Lightweight Upright Vacuum with E-Z Empty Dirt Cup,6387
OFF-AP-10002892,Office Supplies,Appliances,Belkin F5C206VTEL 6 Outlet Surge,6434
OFF-AP-10000576,Office Supplies,Appliances,"Belkin 325VA UPS Surge Protector, 6'",6446
OFF-AP-10004708,Office Supplies,Appliances,Fellowes Superior 10 Outlet Split Surge Protector,6455
OFF-AP-10002082,Office Supplies,Appliances,Holmes HEPA Air Purifier,6456
OFF-AP-10003971,Office Supplies,Appliances,"Hoover Toaster, Red",6503
OFF-AP-10003618,Office Supplies,Appliances,"Hoover Refrigerator, Silver",6504
OFF-AP-10002287,Office Supplies,Appliances,"Eureka Sanitaire  Multi-Pro Heavy-Duty Upright, Disposable Bags",6516
OFF-AP-10001926,Office Supplies,Appliances,"Hamilton Beach Refrigerator, White",6537
OFF-CUI-10002314,Office Supplies,Appliances,"Cuisinart Coffee Grinder, Silver",6554
OFF-AP-10000304,Office Supplies,Appliances,"Breville Stove, Red",6560
OFF-AP-10000576,Office Supplies,Appliances,Belkin 7 Outlet SurgeMaster II,6576
OFF-AP-10004994,Office Supplies,Appliances,"Hamilton Beach Refrigerator, Red",6580
OFF-AP-10002932,Office Supplies,Appliances,"Breville Refrigerator, White",6587
OFF-AP-10002906,Office Supplies,Appliances,Hoover Replacement Belt for Commercial Guardsman Heavy-Duty Upright Vacuum,6598
OFF-AP-10002822,Office Supplies,Appliances,"KitchenAid Toaster, Red",6614
OFF-AP-10003979,Office Supplies,Appliances,"KitchenAid Blender, Black",6666
OFF-AP-10002421,Office Supplies,Appliances,"Breville Stove, Silver",6668
OFF-AP-10003477,Office Supplies,Appliances,"Hamilton Beach Blender, Silver",6676
OFF-AP-10002264,Office Supplies,Appliances,"KitchenAid Blender, White",6683
OFF-HAM-10001302,Office Supplies,Appliances,"Hamilton Beach Microwave, White",6686
OFF-AP-10001303,Office Supplies,Appliances,"Holmes Cool Mist Humidifier for the Whole House with 8-Gallon Output per Day, Extended Life Filter",6736
OFF-AP-10000124,Office Supplies,Appliances,Acco 6 Outlet Guardian Basic Surge Suppressor,6737
OFF-AP-10002684,Office Supplies,Appliances,"Acco 7-Outlet Masterpiece Power Center, Wihtout Fax/Phone Line Protection",6738
OFF-AP-10003217,Office Supplies,Appliances,Eureka Sanitaire  Commercial Upright,6739
OFF-KIT-10001213,Office Supplies,Appliances,"KitchenAid Refrigerator, Black",6798
OFF-BRE-10003081,Office Supplies,Appliances,"Breville Coffee Grinder, Black",6801
OFF-KIT-10002828,Office Supplies,Appliances,"KitchenAid Microwave, White",6802
OFF-AP-10000534,Office Supplies,Appliances,"KitchenAid Toaster, Silver",6819
OFF-AP-10004113,Office Supplies,Appliances,"Cuisinart Toaster, White",6825
OFF-AP-10004031,Office Supplies,Appliances,"Hamilton Beach Microwave, White",6826
OFF-AP-10000179,Office Supplies,Appliances,Honeywell Enviracaire Portable HEPA Air Cleaner for up to 10 x 16 Room,6849
OFF-AP-10002118,Office Supplies,Appliances,"1.7 Cubic Foot Compact ""Cube"" Office Refrigerators",6853
OFF-AP-10003032,Office Supplies,Appliances,"Hoover Stove, Red",6871
OFF-AP-10000487,Office Supplies,Appliances,"Hoover Stove, Silver",6898
OFF-AP-10003622,Office Supplies,Appliances,"Bravo II Megaboss 12-Amp Hard Body Upright, Replacement Belts, 2 Belts per Pack",6905
OFF-AP-10000252,Office Supplies,Appliances,Harmony HEPA Quiet Air Purifiers,6915
OFF-AP-10002017,Office Supplies,Appliances,"Cuisinart Blender, Red",6927
OFF-AP-10001931,Office Supplies,Appliances,"Cuisinart Stove, Red",6928
OFF-AP-10002351,Office Supplies,Appliances,"Hamilton Beach Refrigerator, Silver",6943
OFF-AP-10001824,Office Supplies,Appliances,"Hamilton Beach Blender, Silver",6954
OFF-AP-10001563,Office Supplies,Appliances,Belkin Premiere Surge Master II 8-outlet surge protector,7003
OFF-AP-10001130,Office Supplies,Appliances,"Breville Toaster, Black",7028
OFF-AP-10001527,Office Supplies,Appliances,"Hamilton Beach Microwave, Black",7055
OFF-AP-10004825,Office Supplies,Appliances,"Cuisinart Toaster, Red",7058
OFF-KIT-10003337,Office Supplies,Appliances,"KitchenAid Microwave, Silver",7063
OFF-AP-10003318,Office Supplies,Appliances,"Breville Blender, Black",7161
OFF-AP-10000802,Office Supplies,Appliances,"Hoover Microwave, White",7162
OFF-AP-10001587,Office Supplies,Appliances,"Hamilton Beach Coffee Grinder, Silver",7168
OFF-AP-10001847,Office Supplies,Appliances,"Breville Toaster, Red",7171
OFF-AP-10003382,Office Supplies,Appliances,"Breville Stove, White",7184
OFF-AP-10002041,Office Supplies,Appliances,"Cuisinart Toaster, White",7211
OFF-AP-10002531,Office Supplies,Appliances,"Hoover Blender, White",7227
OFF-AP-10001293,Office Supplies,Appliances,Belkin 8 Outlet Surge Protector,7243
OFF-HAM-10001712,Office Supplies,Appliances,"Hamilton Beach Blender, Silver",7247
OFF-HOO-10000445,Office Supplies,Appliances,"Hoover Refrigerator, Black",7279
OFF-AP-10004755,Office Supplies,Appliances,"KitchenAid Microwave, Black",7287
OFF-AP-10000027,Office Supplies,Appliances,Hoover Commercial SteamVac,7291
OFF-AP-10004756,Office Supplies,Appliances,"Hamilton Beach Toaster, Red",7333
OFF-AP-10002941,Office Supplies,Appliances,"Breville Refrigerator, Silver",7344
OFF-AP-10003538,Office Supplies,Appliances,"Hamilton Beach Microwave, Silver",7347
OFF-KIT-10000624,Office Supplies,Appliances,"KitchenAid Blender, Black",7355
OFF-BRE-10000448,Office Supplies,Appliances,"Breville Coffee Grinder, Silver",7358
OFF-AP-10000261,Office Supplies,Appliances,"Cuisinart Toaster, Silver",7365
OFF-AP-10000415,Office Supplies,Appliances,"KitchenAid Toaster, Red",7370
OFF-AP-10000717,Office Supplies,Appliances,"Hoover Microwave, Black",7371
OFF-AP-10001067,Office Supplies,Appliances,"Hoover Blender, Silver",7372
OFF-AP-10000540,Office Supplies,Appliances,"Hamilton Beach Refrigerator, Red",7400
OFF-AP-10000825,Office Supplies,Appliances,"KitchenAid Coffee Grinder, White",7402
OFF-AP-10002537,Office Supplies,Appliances,"Hamilton Beach Microwave, Red",7405
OFF-AP-10000026,Office Supplies,Appliances,Tripp Lite Isotel 6 Outlet Surge Protector with Fax/Modem Protection,7413
OFF-AP-10000172,Office Supplies,Appliances,"Cuisinart Toaster, Silver",7417
OFF-AP-10003884,Office Supplies,Appliances,"Fellowes Smart Surge Ten-Outlet Protector, Platinum",7458
OFF-AP-10000330,Office Supplies,Appliances,"Hamilton Beach Stove, Red",7476
OFF-AP-10004136,Office Supplies,Appliances,Kensington 6 Outlet SmartSocket Surge Protector,7500
OFF-AP-10002413,Office Supplies,Appliances,"Breville Coffee Grinder, Black",7539
OFF-AP-10000647,Office Supplies,Appliances,"Hoover Refrigerator, White",7585
OFF-AP-10000162,Office Supplies,Appliances,"Breville Microwave, Black",7587
OFF-AP-10003184,Office Supplies,Appliances,"KitchenAid Stove, Silver",7588
OFF-AP-10004869,Office Supplies,Appliances,"KitchenAid Toaster, White",7603
OFF-AP-10004293,Office Supplies,Appliances,"KitchenAid Refrigerator, Silver",7627
OFF-AP-10000916,Office Supplies,Appliances,"KitchenAid Microwave, Black",7635
OFF-AP-10003304,Office Supplies,Appliances,"Cuisinart Microwave, White",7640
OFF-AP-10002186,Office Supplies,Appliances,"KitchenAid Toaster, Red",7649
OFF-AP-10002244,Office Supplies,Appliances,"Breville Refrigerator, White",7677
OFF-AP-10000977,Office Supplies,Appliances,"Breville Blender, White",7679
OFF-AP-10002608,Office Supplies,Appliances,"Breville Toaster, Black",7680
OFF-AP-10001169,Office Supplies,Appliances,"Cuisinart Microwave, White",7682
OFF-AP-10003558,Office Supplies,Appliances,"Hoover Refrigerator, White",7683
OFF-AP-10003442,Office Supplies,Appliances,"Hamilton Beach Coffee Grinder, Black",7694
OFF-AP-10002629,Office Supplies,Appliances,"Cuisinart Stove, White",7727
OFF-AP-10004698,Office Supplies,Appliances,"Breville Microwave, Red",7738
OFF-AP-10001018,Office Supplies,Appliances,"Hoover Toaster, Silver",7750
OFF-AP-10004246,Office Supplies,Appliances,"Breville Stove, Red",7760
OFF-AP-10003598,Office Supplies,Appliances,"Breville Refrigerator, Red",7765
OFF-AP-10000510,Office Supplies,Appliances,"Cuisinart Coffee Grinder, Red",7766
OFF-AP-10003860,Office Supplies,Appliances,"KitchenAid Blender, Black",7770
OFF-AP-10000639,Office Supplies,Appliances,"Breville Microwave, Red",7789
OFF-AP-10002963,Office Supplies,Appliances,"Hoover Toaster, Red",7800
OFF-AP-10002425,Office Supplies,Appliances,"Hamilton Beach Refrigerator, Black",7823
OFF-AP-10000604,Office Supplies,Appliances,"Breville Microwave, Silver",7864
OFF-AP-10001723,Office Supplies,Appliances,"Hoover Blender, Black",7874
OFF-AP-10003917,Office Supplies,Appliances,"KitchenAid Stove, Silver",7896
OFF-AP-10002104,Office Supplies,Appliances,"Hoover Microwave, Red",7898
OFF-AP-10002764,Office Supplies,Appliances,"Hoover Microwave, Black",7922
OFF-CUI-10003993,Office Supplies,Appliances,"Cuisinart Microwave, Red",7969
OFF-BRE-10000391,Office Supplies,Appliances,"Breville Toaster, Black",7983
OFF-AP-10000195,Office Supplies,Appliances,"Cuisinart Stove, Black",8002
OFF-AP-10003912,Office Supplies,Appliances,"Hoover Blender, Silver",8004
OFF-AP-10001891,Office Supplies,Appliances,"Cuisinart Coffee Grinder, Black",8009
OFF-AP-10003266,Office Supplies,Appliances,"Holmes Replacement Filter for HEPA Air Cleaner, Large Room",8028
OFF-AP-10004972,Office Supplies,Appliances,"Breville Coffee Grinder, Red",8032
OFF-AP-10000934,Office Supplies,Appliances,"Hamilton Beach Stove, Black",8045
OFF-AP-10001099,Office Supplies,Appliances,"Hoover Stove, Black",8070
OFF-AP-10004540,Office Supplies,Appliances,"Eureka The Boss Lite 10-Amp Upright Vacuum, Blue",8078
OFF-AP-10000818,Office Supplies,Appliances,"Hoover Blender, Black",8087
OFF-AP-10000935,Office Supplies,Appliances,"Cuisinart Toaster, White",8106
OFF-AP-10001682,Office Supplies,Appliances,"Hamilton Beach Blender, Black",8112
OFF-AP-10004453,Office Supplies,Appliances,"Hoover Toaster, White",8116
OFF-AP-10002765,Office Supplies,Appliances,Fellowes Advanced Computer Series Surge Protectors,8135
OFF-AP-10000804,Office Supplies,Appliances,Hoover Portapower Portable Vacuum,8136
OFF-AP-10003866,Office Supplies,Appliances,"Breville Microwave, Red",8158
OFF-AP-10000653,Office Supplies,Appliances,"Cuisinart Blender, White",8159
OFF-AP-10003621,Office Supplies,Appliances,"KitchenAid Refrigerator, Red",8160
OFF-AP-10001503,Office Supplies,Appliances,"KitchenAid Microwave, Black",8167
OFF-KIT-10000964,Office Supplies,Appliances,"KitchenAid Coffee Grinder, White",8205
OFF-HOO-10003820,Office Supplies,Appliances,"Hoover Toaster, White",8208
OFF-AP-10002534,Office Supplies,Appliances,3.6 Cubic Foot Counter Height Office Refrigerator,8215
OFF-AP-10004655,Office Supplies,Appliances,"Holmes Visible Mist Ultrasonic Humidifier with 2.3-Gallon Output per Day, Replacement Filter",8223
OFF-AP-10002867,Office Supplies,Appliances,Fellowes Command Center 5-outlet power strip,8225
OFF-AP-10002283,Office Supplies,Appliances,"Hoover Toaster, Silver",8307
OFF-CUI-10002506,Office Supplies,Appliances,"Cuisinart Blender, White",8313
OFF-AP-10001559,Office Supplies,Appliances,"KitchenAid Blender, Black",8317
OFF-HOO-10002715,Office Supplies,Appliances,"Hoover Coffee Grinder, White",8335
OFF-AP-10001197,Office Supplies,Appliances,"KitchenAid Stove, Red",8345
OFF-BRE-10001378,Office Supplies,Appliances,"Breville Toaster, White",8356
OFF-HOO-10003653,Office Supplies,Appliances,"Hoover Stove, Silver",8365
OFF-AP-10001797,Office Supplies,Appliances,"Cuisinart Blender, Black",8376
OFF-AP-10001885,Office Supplies,Appliances,"Hamilton Beach Coffee Grinder, White",8384
OFF-AP-10000873,Office Supplies,Appliances,"Hamilton Beach Microwave, Red",8385
OFF-AP-10001408,Office Supplies,Appliances,"KitchenAid Refrigerator, White",8402
OFF-HAM-10001387,Office Supplies,Appliances,"Hamilton Beach Coffee Grinder, Black",8481
OFF-HAM-10002455,Office Supplies,Appliances,"Hamilton Beach Toaster, Red",8482
OFF-CUI-10002413,Office Supplies,Appliances,"Cuisinart Coffee Grinder, Black",8487
OFF-CUI-10000203,Office Supplies,Appliances,"Cuisinart Toaster, Black",8491
OFF-CUI-10004428,Office Supplies,Appliances,"Cuisinart Coffee Grinder, White",8500
OFF-CUI-10004536,Office Supplies,Appliances,"Cuisinart Blender, Black",8504
OFF-CUI-10003409,Office Supplies,Appliances,"Cuisinart Refrigerator, Silver",8507
OFF-AP-10004646,Office Supplies,Appliances,"Hoover Refrigerator, Black",8511
OFF-AP-10002222,Office Supplies,Appliances,Staples,8572
OFF-AP-10001529,Office Supplies,Appliances,"Hamilton Beach Toaster, White",8598
OFF-AP-10001956,Office Supplies,Appliances,"Breville Refrigerator, Black",8601
OFF-AP-10001233,Office Supplies,Appliances,"Hamilton Beach Toaster, Red",8607
OFF-AP-10002499,Office Supplies,Appliances,"Cuisinart Microwave, White",8612
OFF-AP-10003568,Office Supplies,Appliances,"Hoover Stove, Black",8620
OFF-AP-10001018,Office Supplies,Appliances,"Cuisinart Refrigerator, White",8627
OFF-KIT-10004732,Office Supplies,Appliances,"KitchenAid Blender, Silver",8642
OFF-AP-10004711,Office Supplies,Appliances,"Breville Refrigerator, Silver",8656
OFF-AP-10000900,Office Supplies,Appliances,"Cuisinart Coffee Grinder, White",8658
OFF-AP-10004958,Office Supplies,Appliances,"KitchenAid Stove, Black",8669
OFF-BRE-10004359,Office Supplies,Appliances,"Breville Coffee Grinder, White",8670
OFF-AP-10002899,Office Supplies,Appliances,"Breville Toaster, Silver",8674
OFF-HAM-10004805,Office Supplies,Appliances,"Hamilton Beach Coffee Grinder, White",8694
OFF-AP-10003363,Office Supplies,Appliances,"Hoover Blender, White",8698
OFF-AP-10001458,Office Supplies,Appliances,"KitchenAid Blender, Black",8700
OFF-KIT-10001609,Office Supplies,Appliances,"KitchenAid Coffee Grinder, Red",8730
OFF-HAM-10003040,Office Supplies,Appliances,"Hamilton Beach Stove, White",8743
OFF-AP-10002057,Office Supplies,Appliances,"Breville Coffee Grinder, Black",8754
OFF-KIT-10003938,Office Supplies,Appliances,"KitchenAid Toaster, Red",8762
OFF-AP-10002134,Office Supplies,Appliances,"KitchenAid Coffee Grinder, White",8772
OFF-CUI-10002022,Office Supplies,Appliances,"Cuisinart Refrigerator, Black",8773
OFF-AP-10000136,Office Supplies,Appliances,"Hamilton Beach Refrigerator, White",8780
OFF-AP-10002998,Office Supplies,Appliances,Holmes 99% HEPA Air Purifier,8782
OFF-KIT-10001791,Office Supplies,Appliances,"KitchenAid Refrigerator, White",8804
OFF-CUI-10003665,Office Supplies,Appliances,"Cuisinart Blender, Red",8810
OFF-CUI-10000140,Office Supplies,Appliances,"Cuisinart Microwave, Silver",8812
OFF-CUI-10001060,Office Supplies,Appliances,"Cuisinart Toaster, Red",8813
OFF-AP-10003259,Office Supplies,Appliances,"Cuisinart Refrigerator, Silver",8833
OFF-AP-10002312,Office Supplies,Appliances,"KitchenAid Refrigerator, Black",8837
OFF-BRE-10003295,Office Supplies,Appliances,"Breville Microwave, Red",8842
OFF-AP-10003795,Office Supplies,Appliances,"Hoover Refrigerator, Red",8848
OFF-HAM-10004917,Office Supplies,Appliances,"Hamilton Beach Stove, Red",8852
OFF-AP-10003497,Office Supplies,Appliances,"KitchenAid Microwave, Red",8873
OFF-AP-10003561,Office Supplies,Appliances,"Breville Microwave, Black",8906
OFF-AP-10002397,Office Supplies,Appliances,"Breville Microwave, White",8912
OFF-KIT-10001245,Office Supplies,Appliances,"KitchenAid Blender, Black",8929
OFF-BRE-10004211,Office Supplies,Appliances,"Breville Blender, White",8932
OFF-CUI-10003670,Office Supplies,Appliances,"Cuisinart Toaster, White",8945
OFF-AP-10002239,Office Supplies,Appliances,"Hoover Toaster, White",8955
OFF-AP-10000981,Office Supplies,Appliances,"Hoover Coffee Grinder, Red",8956
OFF-AP-10001154,Office Supplies,Appliances,Bionaire Personal Warm Mist Humidifier/Vaporizer,8968
OFF-AP-10000938,Office Supplies,Appliances,Avanti 1.7 Cu. Ft. Refrigerator,8975
OFF-AP-10004569,Office Supplies,Appliances,"Hoover Coffee Grinder, Red",8996
OFF-AP-10000675,Office Supplies,Appliances,"Hamilton Beach Stove, White",9007
OFF-AP-10004336,Office Supplies,Appliances,"Conquest 14 Commercial Heavy-Duty Upright Vacuum, Collection System, Accessory Kit",9010
OFF-AP-10000407,Office Supplies,Appliances,"KitchenAid Refrigerator, Silver",9053
OFF-AP-10003308,Office Supplies,Appliances,"KitchenAid Stove, Black",9103
OFF-AP-10000844,Office Supplies,Appliances,"Breville Toaster, Black",9106
OFF-AP-10001635,Office Supplies,Appliances,"KitchenAid Refrigerator, Silver",9117
OFF-AP-10004665,Office Supplies,Appliances,"Hamilton Beach Coffee Grinder, Red",9125
OFF-HAM-10004471,Office Supplies,Appliances,"Hamilton Beach Coffee Grinder, Silver",9131
OFF-AP-10001962,Office Supplies,Appliances,Black & Decker Filter for Double Action Dustbuster Cordless Vac BLDV7210,9153
OFF-AP-10000595,Office Supplies,Appliances,Disposable Triple-Filter Dust Bags,9156
OFF-AP-10001391,Office Supplies,Appliances,Kensington 6 Outlet MasterPiece HOMEOFFICE Power Control Center,9179
OFF-AP-10001366,Office Supplies,Appliances,Staples,9182
OFF-AP-10002495,Office Supplies,Appliances,"Acco Smartsocket Table Surge Protector, 6 Color-Coded Adapter Outlets",9184
OFF-AP-10000275,Office Supplies,Appliances,"Sanyo Counter Height Refrigerator with Crisper, 3.6 Cubic Foot, Stainless Steel/Black",9185
OFF-AP-10002670,Office Supplies,Appliances,Belkin 8-Outlet Premiere SurgeMaster II Surge Protectors,9234
OFF-AP-10003524,Office Supplies,Appliances,"Breville Blender, Black",9240
OFF-AP-10003007,Office Supplies,Appliances,"Breville Toaster, Red",9269
OFF-AP-10000391,Office Supplies,Appliances,"Hamilton Beach Coffee Grinder, Black",9272
OFF-HOO-10002752,Office Supplies,Appliances,"Hoover Refrigerator, Red",9276
OFF-AP-10003758,Office Supplies,Appliances,"KitchenAid Blender, Silver",9305
OFF-AP-10003577,Office Supplies,Appliances,"Cuisinart Blender, Black",9318
OFF-AP-10002904,Office Supplies,Appliances,"Hamilton Beach Refrigerator, Silver",9331
OFF-AP-10001335,Office Supplies,Appliances,"Hoover Toaster, Black",9336
OFF-AP-10004245,Office Supplies,Appliances,"Hoover Stove, Black",9345
OFF-AP-10004571,Office Supplies,Appliances,"Hoover Stove, Silver",9360
OFF-AP-10003945,Office Supplies,Appliances,"Hamilton Beach Stove, Red",9400
OFF-AP-10003354,Office Supplies,Appliances,"KitchenAid Microwave, White",9449
OFF-AP-10004350,Office Supplies,Appliances,"KitchenAid Refrigerator, Red",9450
OFF-AP-10004499,Office Supplies,Appliances,"Cuisinart Stove, Red",9459
OFF-AP-10003079,Office Supplies,Appliances,"Cuisinart Coffee Grinder, Silver",9499
OFF-AP-10003588,Office Supplies,Appliances,"Hoover Refrigerator, Silver",9505
OFF-AP-10002882,Office Supplies,Appliances,"KitchenAid Coffee Grinder, Silver",9511
OFF-AP-10000344,Office Supplies,Appliances,"Hoover Toaster, Silver",9523
OFF-BRE-10000493,Office Supplies,Appliances,"Breville Coffee Grinder, Red",9544
OFF-AP-10003473,Office Supplies,Appliances,"Hoover Coffee Grinder, Black",9558
OFF-AP-10000382,Office Supplies,Appliances,"Breville Coffee Grinder, White",9559
OFF-HOO-10001987,Office Supplies,Appliances,"Hoover Coffee Grinder, Red",9565
OFF-AP-10004425,Office Supplies,Appliances,"Hoover Coffee Grinder, White",9567
OFF-AP-10001402,Office Supplies,Appliances,"KitchenAid Coffee Grinder, White",9568
OFF-AP-10003287,Office Supplies,Appliances,"KitchenAid Stove, Silver",9571
OFF-AP-10004466,Office Supplies,Appliances,"Cuisinart Toaster, Black",9581
OFF-AP-10004882,Office Supplies,Appliances,"Hamilton Beach Microwave, Black",9585
OFF-AP-10004464,Office Supplies,Appliances,"Cuisinart Stove, White",9608
OFF-AP-10004978,Office Supplies,Appliances,"KitchenAid Coffee Grinder, Red",9618
OFF-AP-10002360,Office Supplies,Appliances,"Cuisinart Blender, White",9622
OFF-AP-10001049,Office Supplies,Appliances,"Breville Coffee Grinder, Silver",9628
OFF-AP-10001106,Office Supplies,Appliances,"Hamilton Beach Stove, White",9632
OFF-AP-10000806,Office Supplies,Appliances,"KitchenAid Coffee Grinder, Silver",9650
OFF-AP-10003779,Office Supplies,Appliances,Kensington 7 Outlet MasterPiece Power Center with Fax/Phone Line Protection,9653
OFF-AP-10004186,Office Supplies,Appliances,"Breville Refrigerator, Black",9656
OFF-AP-10002472,Office Supplies,Appliances,3M Office Air Cleaner,9667
OFF-AP-10004785,Office Supplies,Appliances,"Holmes Replacement Filter for HEPA Air Cleaner, Medium Room",9672
OFF-AP-10002364,Office Supplies,Appliances,"KitchenAid Toaster, Black",9677
OFF-AP-10003135,Office Supplies,Appliances,"KitchenAid Toaster, White",9679
OFF-AP-10003834,Office Supplies,Appliances,"KitchenAid Stove, Red",9682
OFF-AP-10001941,Office Supplies,Appliances,"KitchenAid Blender, White",9702
OFF-AP-10001406,Office Supplies,Appliances,"Breville Stove, Black",9715
OFF-AP-10002536,Office Supplies,Appliances,"Hoover Refrigerator, White",9723
OFF-AP-10000615,Office Supplies,Appliances,"KitchenAid Toaster, Silver",9724
OFF-AP-10004785,Office Supplies,Appliances,"Cuisinart Microwave, Silver",9736
OFF-AP-10000258,Office Supplies,Appliances,"Hamilton Beach Blender, Black",9752
OFF-HAM-10000983,Office Supplies,Appliances,"Hamilton Beach Refrigerator, White",9762
OFF-CUI-10001032,Office Supplies,Appliances,"Cuisinart Stove, Red",9764
OFF-AP-10002008,Office Supplies,Appliances,"Hamilton Beach Microwave, Silver",9768
OFF-AP-10001606,Office Supplies,Appliances,"KitchenAid Toaster, Black",9905
OFF-AP-10004919,Office Supplies,Appliances,"Hamilton Beach Blender, White",9906
OFF-AP-10003702,Office Supplies,Appliances,"Cuisinart Refrigerator, White",9920
OFF-AP-10000509,Office Supplies,Appliances,"Hoover Refrigerator, Black",9944
OFF-AP-10004515,Office Supplies,Appliances,"Hamilton Beach Coffee Grinder, Red",9945
OFF-AP-10001138,Office Supplies,Appliances,"Cuisinart Blender, Silver",9953
OFF-AP-10003774,Office Supplies,Appliances,"Hoover Coffee Grinder, Black",9993
OFF-AP-10000977,Office Supplies,Appliances,"Cuisinart Toaster, Red",9996
OFF-AP-10001692,Office Supplies,Appliances,"KitchenAid Stove, Black",10023
OFF-AP-10002203,Office Supplies,Appliances,Eureka Disposable Bags for Sanitaire Vibra Groomer I Upright Vac,10025
OFF-AP-10003860,Office Supplies,Appliances,Fellowes Advanced 8 Outlet Surge Suppressor with Phone/Fax Protection,10030
OFF-AP-10000004,Office Supplies,Appliances,"Cuisinart Stove, Silver",10063
OFF-AP-10000600,Office Supplies,Appliances,"KitchenAid Coffee Grinder, Silver",10149
OFF-AP-10003236,Office Supplies,Appliances,"Hoover Blender, Black",10177
OFF-BRE-10004073,Office Supplies,Appliances,"Breville Refrigerator, Red",10181
OFF-AP-10003625,Office Supplies,Appliances,"Hoover Microwave, White",10185
OFF-AP-10002998,Office Supplies,Appliances,"KitchenAid Microwave, Red",10187
OFF-AP-10001931,Office Supplies,Appliances,"Hoover Blender, Black",10188
OFF-AP-10000545,Office Supplies,Appliances,"Cuisinart Toaster, Black",10209
OFF-AP-10001329,Office Supplies,Appliances,"KitchenAid Stove, White",10212
OFF-AP-10000043,Office Supplies,Appliances,"Cuisinart Toaster, Silver",10224
OFF-AP-10002698,Office Supplies,Appliances,"Cuisinart Microwave, Black",10229
OFF-AP-10003400,Office Supplies,Appliances,"Hamilton Beach Toaster, Black",10230
OFF-AP-10000285,Office Supplies,Appliances,"Breville Microwave, Silver",10242
OFF-HAM-10000822,Office Supplies,Appliances,"Hamilton Beach Toaster, Black",10253
OFF-AP-10002321,Office Supplies,Appliances,"Hoover Microwave, Silver",10265
OFF-AP-10002872,Office Supplies,Appliances,"Cuisinart Coffee Grinder, White",10283
OFF-AP-10002697,Office Supplies,Appliances,"Breville Coffee Grinder, Red",10308
OFF-AP-10002531,Office Supplies,Appliances,"Cuisinart Blender, Red",10312
OFF-AP-10003610,Office Supplies,Appliances,"Hamilton Beach Coffee Grinder, Silver",10315
OFF-AP-10000604,Office Supplies,Appliances,"Hamilton Beach Coffee Grinder, Black",10316
OFF-AP-10004305,Office Supplies,Appliances,"Breville Blender, Silver",10317
OFF-AP-10000569,Office Supplies,Appliances,"KitchenAid Coffee Grinder, Black",10323
OFF-AP-10003431,Office Supplies,Appliances,"Hamilton Beach Toaster, Red",10339
OFF-AP-10000663,Office Supplies,Appliances,"Hoover Stove, Red",10354
OFF-AP-10003965,Office Supplies,Appliances,"Cuisinart Stove, White",10356
OFF-AP-10001876,Office Supplies,Appliances,"Hoover Coffee Grinder, Silver",10362
OFF-AP-10001975,Office Supplies,Appliances,"Cuisinart Microwave, Black",10369
OFF-AP-10002344,Office Supplies,Appliances,"Hoover Microwave, Silver",10384
OFF-AP-10000023,Office Supplies,Appliances,"Breville Toaster, Black",10385
OFF-AP-10000326,Office Supplies,Appliances,Belkin 7 Outlet SurgeMaster Surge Protector with Phone Protection,10391
OFF-AP-10004494,Office Supplies,Appliances,"Hoover Blender, Black",10401
OFF-BRE-10002738,Office Supplies,Appliances,"Breville Microwave, Silver",10407
OFF-AP-10003380,Office Supplies,Appliances,"KitchenAid Coffee Grinder, Black",10410
OFF-AP-10003240,Office Supplies,Appliances,"Breville Stove, Black",10412
OFF-BRE-10003558,Office Supplies,Appliances,"Breville Refrigerator, White",10427
OFF-AP-10001299,Office Supplies,Appliances,"Cuisinart Microwave, Silver",10430
OFF-HAM-10000430,Office Supplies,Appliances,"Hamilton Beach Blender, Black",10436
OFF-AP-10000329,Office Supplies,Appliances,"KitchenAid Refrigerator, White",10438
OFF-AP-10000672,Office Supplies,Appliances,"KitchenAid Stove, White",10440
OFF-AP-10003562,Office Supplies,Appliances,"Hamilton Beach Toaster, Silver",10444
OFF-AP-10001664,Office Supplies,Appliances,"Cuisinart Stove, Black",10463
OFF-AP-10004821,Office Supplies,Appliances,"Hamilton Beach Stove, Black",10477
OFF-AP-10002306,Office Supplies,Appliances,"KitchenAid Refrigerator, Silver",10479
OFF-AP-10003914,Office Supplies,Appliances,"Sanitaire Vibra Groomer IR Commercial Upright Vacuum, Replacement Belts",10498
OFF-AP-10002497,Office Supplies,Appliances,"Hamilton Beach Coffee Grinder, White",10501
OFF-AP-10000213,Office Supplies,Appliances,"Cuisinart Refrigerator, Black",10522
OFF-AP-10004415,Office Supplies,Appliances,"Hoover Microwave, Red",10525
OFF-AP-10003758,Office Supplies,Appliances,"Hamilton Beach Blender, White",10571
OFF-AP-10003622,Office Supplies,Appliances,"Hamilton Beach Microwave, Silver",10574
OFF-AP-10000975,Office Supplies,Appliances,"KitchenAid Stove, Black",10580
OFF-AP-10001285,Office Supplies,Appliances,"Cuisinart Stove, Red",10607
OFF-AP-10001920,Office Supplies,Appliances,"KitchenAid Microwave, Silver",10626
OFF-AP-10003497,Office Supplies,Appliances,"Breville Coffee Grinder, Black",10632
OFF-AP-10003909,Office Supplies,Appliances,"KitchenAid Blender, Black",10634
OFF-AP-10002577,Office Supplies,Appliances,"Hamilton Beach Coffee Grinder, Black",10635
OFF-AP-10004372,Office Supplies,Appliances,"Hoover Coffee Grinder, White",10648
OFF-AP-10004937,Office Supplies,Appliances,"Hoover Microwave, White",10718
OFF-AP-10004248,Office Supplies,Appliances,"Hoover Toaster, White",10719
OFF-AP-10002960,Office Supplies,Appliances,"Hamilton Beach Toaster, Black",10757
OFF-AP-10003491,Office Supplies,Appliances,"Hoover Coffee Grinder, Silver",10766
OFF-FA-10004139,Office Supplies,Fasteners,"Advantus Thumb Tacks, 12 Pack",2
OFF-STO-10001239,Office Supplies,Fasteners,"Stockwell Clamps, Metal",32
OFF-STO-10004841,Office Supplies,Fasteners,"Stockwell Paper Clips, Assorted Sizes",33
OFF-STO-10003605,Office Supplies,Fasteners,"Stockwell Paper Clips, Metal",49
OFF-ADV-10001451,Office Supplies,Fasteners,"Advantus Clamps, Assorted Sizes",69
OFF-ACC-10004278,Office Supplies,Fasteners,"Accos Paper Clips, Bulk Pack",73
OFF-FA-10003818,Office Supplies,Fasteners,"Stockwell Staples, 12 Pack",76
OFF-ADV-10004598,Office Supplies,Fasteners,"Advantus Paper Clips, Metal",82
OFF-STO-10004910,Office Supplies,Fasteners,"Stockwell Clamps, 12 Pack",88
OFF-ADV-10000177,Office Supplies,Fasteners,"Advantus Staples, Metal",94
OFF-OIC-10004255,Office Supplies,Fasteners,"OIC Paper Clips, Assorted Sizes",117
OFF-STO-10001142,Office Supplies,Fasteners,"Stockwell Push Pins, Metal",182
OFF-OIC-10002161,Office Supplies,Fasteners,"OIC Push Pins, Assorted Sizes",193
OFF-STO-10002661,Office Supplies,Fasteners,"Stockwell Staples, 12 Pack",208
OFF-FA-10003850,Office Supplies,Fasteners,"Stockwell Push Pins, 12 Pack",262
OFF-ACC-10001028,Office Supplies,Fasteners,"Accos Push Pins, Metal",280
OFF-ADV-10003369,Office Supplies,Fasteners,"Advantus Thumb Tacks, Assorted Sizes",304
OFF-ADV-10000331,Office Supplies,Fasteners,"Advantus Paper Clips, Assorted Sizes",306
OFF-OIC-10003978,Office Supplies,Fasteners,"OIC Staples, Assorted Sizes",312
OFF-ACC-10003806,Office Supplies,Fasteners,"Accos Clamps, Metal",319
OFF-STO-10002042,Office Supplies,Fasteners,"Stockwell Staples, Metal",320
OFF-ACC-10003745,Office Supplies,Fasteners,"Accos Paper Clips, Assorted Sizes",330
OFF-FA-10000263,Office Supplies,Fasteners,"Stockwell Thumb Tacks, Bulk Pack",355
OFF-FA-10003530,Office Supplies,Fasteners,"OIC Clamps, Bulk Pack",371
OFF-FA-10003782,Office Supplies,Fasteners,"Advantus Paper Clips, Bulk Pack",379
OFF-FA-10000974,Office Supplies,Fasteners,"Stockwell Paper Clips, Bulk Pack",403
OFF-FA-10003817,Office Supplies,Fasteners,"Stockwell Clamps, Metal",429
OFF-FA-10004447,Office Supplies,Fasteners,"Advantus Rubber Bands, Metal",436
OFF-FA-10003020,Office Supplies,Fasteners,"Accos Paper Clips, Bulk Pack",449
OFF-FA-10003716,Office Supplies,Fasteners,"OIC Rubber Bands, Metal",464
OFF-FA-10001082,Office Supplies,Fasteners,"OIC Staples, Assorted Sizes",478
OFF-FA-10004527,Office Supplies,Fasteners,"Advantus Thumb Tacks, Bulk Pack",482
OFF-OIC-10001056,Office Supplies,Fasteners,"OIC Clamps, 12 Pack",496
OFF-ACC-10002167,Office Supplies,Fasteners,"Accos Paper Clips, Metal",503
OFF-FA-10004424,Office Supplies,Fasteners,"Advantus Clamps, 12 Pack",514
OFF-FA-10003929,Office Supplies,Fasteners,"Accos Rubber Bands, 12 Pack",550
OFF-FA-10000799,Office Supplies,Fasteners,"OIC Push Pins, Bulk Pack",583
OFF-FA-10003745,Office Supplies,Fasteners,"Accos Rubber Bands, Metal",608
OFF-FA-10000621,Office Supplies,Fasteners,"OIC Colored Binder Clips, Assorted Sizes",646
OFF-FA-10003415,Office Supplies,Fasteners,"Stockwell Push Pins, Bulk Pack",655
OFF-OIC-10000855,Office Supplies,Fasteners,"OIC Thumb Tacks, Metal",663
OFF-STO-10002708,Office Supplies,Fasteners,"Stockwell Thumb Tacks, Bulk Pack",674
OFF-ADV-10004030,Office Supplies,Fasteners,"Advantus Push Pins, Metal",675
OFF-STO-10000128,Office Supplies,Fasteners,"Stockwell Push Pins, Metal",690
OFF-ADV-10001124,Office Supplies,Fasteners,"Advantus Clamps, 12 Pack",693
OFF-OIC-10002625,Office Supplies,Fasteners,"OIC Thumb Tacks, 12 Pack",707
OFF-STO-10001693,Office Supplies,Fasteners,"Stockwell Paper Clips, Assorted Sizes",709
OFF-STO-10003802,Office Supplies,Fasteners,"Stockwell Rubber Bands, Assorted Sizes",725
OFF-FA-10002481,Office Supplies,Fasteners,"OIC Rubber Bands, 12 Pack",785
OFF-FA-10003596,Office Supplies,Fasteners,"Stockwell Push Pins, Bulk Pack",787
OFF-FA-10000624,Office Supplies,Fasteners,OIC Binder Clips,814
OFF-ACC-10000375,Office Supplies,Fasteners,"Accos Staples, 12 Pack",828
OFF-OIC-10002266,Office Supplies,Fasteners,"OIC Staples, 12 Pack",847
OFF-STO-10003342,Office Supplies,Fasteners,"Stockwell Rubber Bands, Assorted Sizes",913
OFF-STO-10000007,Office Supplies,Fasteners,"Stockwell Staples, Bulk Pack",916
OFF-STO-10003604,Office Supplies,Fasteners,"Stockwell Staples, Metal",927
OFF-FA-10001115,Office Supplies,Fasteners,"Accos Push Pins, Assorted Sizes",954
OFF-FA-10004795,Office Supplies,Fasteners,"Advantus Paper Clips, Assorted Sizes",965
OFF-STO-10004302,Office Supplies,Fasteners,"Stockwell Paper Clips, Bulk Pack",998
OFF-FA-10002531,Office Supplies,Fasteners,"Advantus Paper Clips, Bulk Pack",1015
OFF-ADV-10000213,Office Supplies,Fasteners,"Advantus Rubber Bands, Metal",1062
OFF-FA-10002360,Office Supplies,Fasteners,"Advantus Staples, Bulk Pack",1080
OFF-FA-10004523,Office Supplies,Fasteners,"OIC Thumb Tacks, Bulk Pack",1081
OFF-FA-10000520,Office Supplies,Fasteners,"Stockwell Paper Clips, Bulk Pack",1090
OFF-FA-10004698,Office Supplies,Fasteners,"Stockwell Staples, Metal",1125
OFF-FA-10002156,Office Supplies,Fasteners,"Advantus Push Pins, Metal",1127
OFF-FA-10004605,Office Supplies,Fasteners,"OIC Clamps, Assorted Sizes",1147
OFF-FA-10000740,Office Supplies,Fasteners,"Accos Staples, Bulk Pack",1148
OFF-FA-10000154,Office Supplies,Fasteners,"OIC Paper Clips, Bulk Pack",1170
OFF-STO-10001173,Office Supplies,Fasteners,"Stockwell Thumb Tacks, Assorted Sizes",1180
OFF-ACC-10002853,Office Supplies,Fasteners,"Accos Thumb Tacks, Bulk Pack",1181
OFF-FA-10003879,Office Supplies,Fasteners,"Stockwell Thumb Tacks, Assorted Sizes",1211
OFF-FA-10002600,Office Supplies,Fasteners,"Accos Thumb Tacks, 12 Pack",1235
OFF-ACC-10004748,Office Supplies,Fasteners,"Accos Push Pins, 12 Pack",1236
OFF-ACC-10002425,Office Supplies,Fasteners,"Accos Thumb Tacks, Assorted Sizes",1272
OFF-ACC-10003925,Office Supplies,Fasteners,"Accos Staples, Bulk Pack",1282
OFF-OIC-10001155,Office Supplies,Fasteners,"OIC Paper Clips, Bulk Pack",1287
OFF-STO-10000041,Office Supplies,Fasteners,"Stockwell Staples, 12 Pack",1317
OFF-STO-10002449,Office Supplies,Fasteners,"Stockwell Rubber Bands, 12 Pack",1334
OFF-FA-10003730,Office Supplies,Fasteners,"Stockwell Thumb Tacks, Bulk Pack",1345
OFF-FA-10002066,Office Supplies,Fasteners,"OIC Clamps, Bulk Pack",1346
OFF-FA-10004684,Office Supplies,Fasteners,"Advantus Thumb Tacks, Metal",1357
OFF-ADV-10004241,Office Supplies,Fasteners,"Advantus Thumb Tacks, 12 Pack",1397
OFF-FA-10000700,Office Supplies,Fasteners,"OIC Thumb Tacks, 12 Pack",1436
OFF-FA-10001551,Office Supplies,Fasteners,"Stockwell Thumb Tacks, 12 Pack",1482
OFF-FA-10004899,Office Supplies,Fasteners,"OIC Clamps, 12 Pack",1495
OFF-FA-10000670,Office Supplies,Fasteners,"Advantus Clamps, Assorted Sizes",1496
OFF-FA-10002652,Office Supplies,Fasteners,"Stockwell Staples, Bulk Pack",1499
OFF-FA-10002617,Office Supplies,Fasteners,"Advantus Clamps, Assorted Sizes",1521
OFF-FA-10003833,Office Supplies,Fasteners,"OIC Thumb Tacks, Metal",1523
OFF-FA-10003605,Office Supplies,Fasteners,"Accos Push Pins, Bulk Pack",1531
OFF-FA-10002506,Office Supplies,Fasteners,"OIC Rubber Bands, 12 Pack",1537
OFF-FA-10002047,Office Supplies,Fasteners,"Stockwell Push Pins, Bulk Pack",1540
OFF-FA-10000467,Office Supplies,Fasteners,"Stockwell Push Pins, 12 Pack",1551
OFF-FA-10003961,Office Supplies,Fasteners,"Advantus Rubber Bands, Assorted Sizes",1567
OFF-FA-10001727,Office Supplies,Fasteners,"Advantus Thumb Tacks, Assorted Sizes",1568
OFF-FA-10000194,Office Supplies,Fasteners,"OIC Push Pins, Metal",1584
OFF-FA-10001029,Office Supplies,Fasteners,"OIC Push Pins, Assorted Sizes",1588
OFF-FA-10000439,Office Supplies,Fasteners,"Stockwell Thumb Tacks, Assorted Sizes",1594
OFF-ACC-10004713,Office Supplies,Fasteners,"Accos Staples, Assorted Sizes",1749
OFF-FA-10001337,Office Supplies,Fasteners,"Stockwell Staples, Assorted Sizes",1765
OFF-FA-10004824,Office Supplies,Fasteners,"Stockwell Rubber Bands, Bulk Pack",1766
OFF-FA-10004878,Office Supplies,Fasteners,"Stockwell Clamps, Bulk Pack",1772
OFF-FA-10001783,Office Supplies,Fasteners,"Stockwell Rubber Bands, Metal",1799
OFF-FA-10004854,Office Supplies,Fasteners,"Vinyl Coated Wire Paper Clips in Organizer Box, 800/Box",1858
OFF-FA-10001199,Office Supplies,Fasteners,"Advantus Thumb Tacks, 12 Pack",1864
OFF-FA-10001348,Office Supplies,Fasteners,"Accos Thumb Tacks, Metal",1878
OFF-FA-10003799,Office Supplies,Fasteners,"Accos Clamps, Metal",1901
OFF-FA-10000189,Office Supplies,Fasteners,"OIC Paper Clips, 12 Pack",1904
OFF-FA-10004587,Office Supplies,Fasteners,"Advantus Rubber Bands, 12 Pack",1909
OFF-FA-10002453,Office Supplies,Fasteners,"Stockwell Thumb Tacks, Bulk Pack",2048
OFF-FA-10000490,Office Supplies,Fasteners,"OIC Binder Clips, Mini, 1/4"" Capacity, Black",2072
OFF-FA-10000936,Office Supplies,Fasteners,Acco Hot Clips Clips to Go,2080
OFF-FA-10001957,Office Supplies,Fasteners,"OIC Push Pins, Bulk Pack",2129
OFF-FA-10001039,Office Supplies,Fasteners,"Stockwell Clamps, 12 Pack",2137
OFF-FA-10002791,Office Supplies,Fasteners,"OIC Push Pins, Assorted Sizes",2157
OFF-FA-10000074,Office Supplies,Fasteners,"Stockwell Push Pins, Bulk Pack",2168
OFF-FA-10000197,Office Supplies,Fasteners,"Stockwell Rubber Bands, Assorted Sizes",2176
OFF-FA-10004359,Office Supplies,Fasteners,"OIC Paper Clips, Assorted Sizes",2202
OFF-FA-10000248,Office Supplies,Fasteners,"Stockwell Rubber Bands, Assorted Sizes",2229
OFF-FA-10003021,Office Supplies,Fasteners,Staples,2276
OFF-FA-10001561,Office Supplies,Fasteners,Stockwell Push Pins,2310
OFF-FA-10003059,Office Supplies,Fasteners,Assorted Color Push Pins,2321
OFF-FA-10004298,Office Supplies,Fasteners,"Stockwell Staples, Bulk Pack",2334
OFF-FA-10001030,Office Supplies,Fasteners,"Stockwell Paper Clips, Assorted Sizes",2349
OFF-FA-10004344,Office Supplies,Fasteners,"Advantus Thumb Tacks, Assorted Sizes",2362
OFF-FA-10000411,Office Supplies,Fasteners,"Accos Clamps, Assorted Sizes",2375
OFF-FA-10000644,Office Supplies,Fasteners,"Accos Push Pins, Metal",2384
OFF-STO-10004363,Office Supplies,Fasteners,"Stockwell Paper Clips, Bulk Pack",2399
OFF-ADV-10002549,Office Supplies,Fasteners,"Advantus Rubber Bands, Assorted Sizes",2404
OFF-FA-10003891,Office Supplies,Fasteners,"Stockwell Push Pins, Metal",2469
OFF-ADV-10001437,Office Supplies,Fasteners,"Advantus Paper Clips, Bulk Pack",2505
OFF-STO-10003082,Office Supplies,Fasteners,"Stockwell Staples, Assorted Sizes",2506
OFF-ADV-10004274,Office Supplies,Fasteners,"Advantus Thumb Tacks, Metal",2507
OFF-STO-10003329,Office Supplies,Fasteners,"Stockwell Thumb Tacks, Metal",2512
OFF-FA-10001877,Office Supplies,Fasteners,"Accos Thumb Tacks, Bulk Pack",2592
OFF-FA-10002280,Office Supplies,Fasteners,Advantus Plastic Paper Clips,2595
OFF-STO-10003878,Office Supplies,Fasteners,"Stockwell Clamps, Assorted Sizes",2611
OFF-FA-10001010,Office Supplies,Fasteners,"Stockwell Clamps, Metal",2628
OFF-FA-10003266,Office Supplies,Fasteners,"Stockwell Clamps, Assorted Sizes",2639
OFF-FA-10003058,Office Supplies,Fasteners,"Stockwell Rubber Bands, Assorted Sizes",2661
OFF-FA-10001332,Office Supplies,Fasteners,"Acco Banker's Clasps, 5 3/4""-Long",2675
OFF-STO-10003728,Office Supplies,Fasteners,"Stockwell Paper Clips, Assorted Sizes",2714
OFF-FA-10003318,Office Supplies,Fasteners,"Stockwell Clamps, Bulk Pack",2718
OFF-STO-10000683,Office Supplies,Fasteners,"Stockwell Thumb Tacks, Assorted Sizes",2724
OFF-FA-10000581,Office Supplies,Fasteners,"Stockwell Thumb Tacks, Metal",2744
OFF-FA-10001304,Office Supplies,Fasteners,"Stockwell Push Pins, Assorted Sizes",2747
OFF-FA-10000294,Office Supplies,Fasteners,"Advantus Clamps, Metal",2783
OFF-FA-10002015,Office Supplies,Fasteners,"Stockwell Push Pins, 12 Pack",2784
OFF-FA-10002539,Office Supplies,Fasteners,"Stockwell Rubber Bands, Metal",2785
OFF-FA-10002058,Office Supplies,Fasteners,"Stockwell Thumb Tacks, Assorted Sizes",2787
OFF-FA-10001375,Office Supplies,Fasteners,"Accos Clamps, 12 Pack",2789
OFF-FA-10004027,Office Supplies,Fasteners,"OIC Staples, Bulk Pack",2796
OFF-FA-10001026,Office Supplies,Fasteners,"Stockwell Paper Clips, Assorted Sizes",2826
OFF-FA-10003615,Office Supplies,Fasteners,"Stockwell Staples, Assorted Sizes",2867
OFF-FA-10001563,Office Supplies,Fasteners,"Stockwell Staples, Bulk Pack",2894
OFF-FA-10003893,Office Supplies,Fasteners,"OIC Paper Clips, 12 Pack",2899
OFF-FA-10000027,Office Supplies,Fasteners,"Stockwell Rubber Bands, Bulk Pack",2907
OFF-FA-10003980,Office Supplies,Fasteners,"OIC Paper Clips, Metal",2934
OFF-FA-10000197,Office Supplies,Fasteners,"Stockwell Push Pins, Metal",2943
OFF-FA-10001702,Office Supplies,Fasteners,"Advantus Push Pins, 12 Pack",2946
OFF-FA-10003962,Office Supplies,Fasteners,"Accos Thumb Tacks, Assorted Sizes",2967
OFF-FA-10004705,Office Supplies,Fasteners,"OIC Thumb Tacks, 12 Pack",2968
OFF-FA-10000746,Office Supplies,Fasteners,"Advantus Thumb Tacks, 12 Pack",2973
OFF-FA-10004659,Office Supplies,Fasteners,"Stockwell Thumb Tacks, 12 Pack",3020
OFF-FA-10002388,Office Supplies,Fasteners,"Accos Push Pins, Assorted Sizes",3030
OFF-FA-10003604,Office Supplies,Fasteners,"Stockwell Paper Clips, Assorted Sizes",3031
OFF-FA-10001567,Office Supplies,Fasteners,"Advantus Paper Clips, Bulk Pack",3051
OFF-FA-10004626,Office Supplies,Fasteners,"Advantus Staples, Assorted Sizes",3052
OFF-FA-10002011,Office Supplies,Fasteners,"OIC Push Pins, Bulk Pack",3063
OFF-STO-10001839,Office Supplies,Fasteners,"Stockwell Rubber Bands, Bulk Pack",3077
OFF-FA-10003836,Office Supplies,Fasteners,"Stockwell Rubber Bands, 12 Pack",3096
OFF-FA-10002308,Office Supplies,Fasteners,"Accos Push Pins, Assorted Sizes",3098
OFF-FA-10002635,Office Supplies,Fasteners,"Accos Thumb Tacks, Metal",3140
OFF-FA-10002241,Office Supplies,Fasteners,"Stockwell Clamps, Bulk Pack",3142
OFF-FA-10003892,Office Supplies,Fasteners,"OIC Push Pins, 12 Pack",3171
OFF-FA-10004942,Office Supplies,Fasteners,"OIC Clamps, Metal",3174
OFF-FA-10001871,Office Supplies,Fasteners,"Stockwell Rubber Bands, Bulk Pack",3205
OFF-STO-10000923,Office Supplies,Fasteners,"Stockwell Staples, Bulk Pack",3243
OFF-FA-10002163,Office Supplies,Fasteners,"Stockwell Rubber Bands, Assorted Sizes",3284
OFF-FA-10002120,Office Supplies,Fasteners,"Advantus Paper Clips, Assorted Sizes",3289
OFF-FA-10002619,Office Supplies,Fasteners,"Stockwell Rubber Bands, Metal",3328
OFF-FA-10003463,Office Supplies,Fasteners,"OIC Thumb Tacks, Assorted Sizes",3344
OFF-FA-10000571,Office Supplies,Fasteners,"Accos Rubber Bands, Assorted Sizes",3346
OFF-FA-10003411,Office Supplies,Fasteners,"OIC Staples, Bulk Pack",3360
OFF-FA-10001651,Office Supplies,Fasteners,"Stockwell Thumb Tacks, Bulk Pack",3369
OFF-FA-10004362,Office Supplies,Fasteners,"Stockwell Thumb Tacks, Metal",3419
OFF-FA-10001086,Office Supplies,Fasteners,"Accos Rubber Bands, Assorted Sizes",3421
OFF-FA-10000838,Office Supplies,Fasteners,"Stockwell Push Pins, Assorted Sizes",3429
OFF-FA-10001650,Office Supplies,Fasteners,"OIC Push Pins, Metal",3444
OFF-FA-10004339,Office Supplies,Fasteners,"Stockwell Staples, Metal",3446
OFF-FA-10000099,Office Supplies,Fasteners,"Stockwell Paper Clips, Metal",3491
OFF-FA-10003015,Office Supplies,Fasteners,"Accos Staples, Metal",3494
OFF-FA-10000038,Office Supplies,Fasteners,"Stockwell Clamps, Assorted Sizes",3514
OFF-STO-10003021,Office Supplies,Fasteners,"Stockwell Thumb Tacks, 12 Pack",3527
OFF-STO-10004496,Office Supplies,Fasteners,"Stockwell Push Pins, Bulk Pack",3559
OFF-FA-10000146,Office Supplies,Fasteners,"Stockwell Rubber Bands, Assorted Sizes",3579
OFF-FA-10002715,Office Supplies,Fasteners,"Stockwell Clamps, 12 Pack",3586
OFF-FA-10004709,Office Supplies,Fasteners,"Stockwell Clamps, Assorted Sizes",3618
OFF-FA-10003930,Office Supplies,Fasteners,"Stockwell Push Pins, Assorted Sizes",3623
OFF-FA-10002045,Office Supplies,Fasteners,"Accos Rubber Bands, Metal",3624
OFF-FA-10004257,Office Supplies,Fasteners,"Accos Clamps, Metal",3665
OFF-FA-10001026,Office Supplies,Fasteners,"Stockwell Staples, Metal",3710
OFF-FA-10002526,Office Supplies,Fasteners,"Accos Staples, 12 Pack",3738
OFF-FA-10003161,Office Supplies,Fasteners,"OIC Paper Clips, Assorted Sizes",3808
OFF-FA-10003437,Office Supplies,Fasteners,"Accos Clamps, Bulk Pack",3809
OFF-STO-10004779,Office Supplies,Fasteners,"Stockwell Push Pins, Bulk Pack",3812
OFF-FA-10001113,Office Supplies,Fasteners,"OIC Push Pins, Assorted Sizes",3821
OFF-FA-10001577,Office Supplies,Fasteners,"Stockwell Staples, Bulk Pack",3822
OFF-OIC-10000492,Office Supplies,Fasteners,"OIC Push Pins, 12 Pack",3830
OFF-FA-10002636,Office Supplies,Fasteners,"Accos Staples, 12 Pack",3846
OFF-FA-10004910,Office Supplies,Fasteners,"Advantus Staples, Assorted Sizes",3849
OFF-FA-10000010,Office Supplies,Fasteners,"OIC Staples, Metal",3885
OFF-FA-10001330,Office Supplies,Fasteners,"OIC Rubber Bands, Bulk Pack",3890
OFF-FA-10004503,Office Supplies,Fasteners,"Accos Staples, Assorted Sizes",3906
OFF-FA-10000999,Office Supplies,Fasteners,"OIC Thumb Tacks, 12 Pack",3908
OFF-STO-10000631,Office Supplies,Fasteners,"Stockwell Push Pins, Assorted Sizes",3924
OFF-STO-10001791,Office Supplies,Fasteners,"Stockwell Clamps, Bulk Pack",3926
OFF-OIC-10000121,Office Supplies,Fasteners,"OIC Paper Clips, 12 Pack",3929
OFF-FA-10004112,Office Supplies,Fasteners,"Stockwell Staples, 12 Pack",3965
OFF-FA-10000475,Office Supplies,Fasteners,"OIC Paper Clips, Metal",3980
OFF-FA-10001596,Office Supplies,Fasteners,"Stockwell Clamps, 12 Pack",4016
OFF-FA-10003819,Office Supplies,Fasteners,"Advantus Paper Clips, Assorted Sizes",4022
OFF-FA-10001237,Office Supplies,Fasteners,"Stockwell Push Pins, Bulk Pack",4035
OFF-FA-10004792,Office Supplies,Fasteners,"Advantus Staples, Bulk Pack",4042
OFF-FA-10003977,Office Supplies,Fasteners,"Stockwell Rubber Bands, 12 Pack",4046
OFF-FA-10003499,Office Supplies,Fasteners,"Stockwell Paper Clips, Bulk Pack",4063
OFF-FA-10000509,Office Supplies,Fasteners,"Advantus Clamps, Bulk Pack",4066
OFF-FA-10004171,Office Supplies,Fasteners,"Accos Paper Clips, Assorted Sizes",4114
OFF-FA-10004310,Office Supplies,Fasteners,"Advantus Staples, 12 Pack",4126
OFF-FA-10001670,Office Supplies,Fasteners,"Stockwell Thumb Tacks, Metal",4159
OFF-FA-10004377,Office Supplies,Fasteners,"Stockwell Thumb Tacks, Metal",4161
OFF-FA-10002992,Office Supplies,Fasteners,"Advantus Clamps, Assorted Sizes",4164
OFF-FA-10002728,Office Supplies,Fasteners,"Advantus Paper Clips, Assorted Sizes",4226
OFF-FA-10000260,Office Supplies,Fasteners,"Stockwell Push Pins, Metal",4254
OFF-FA-10004140,Office Supplies,Fasteners,"Accos Push Pins, 12 Pack",4258
OFF-FA-10003744,Office Supplies,Fasteners,"Stockwell Thumb Tacks, Assorted Sizes",4278
OFF-FA-10004516,Office Supplies,Fasteners,"Stockwell Push Pins, Bulk Pack",4290
OFF-FA-10002895,Office Supplies,Fasteners,"Advantus Rubber Bands, Bulk Pack",4314
OFF-FA-10000455,Office Supplies,Fasteners,"Stockwell Thumb Tacks, 12 Pack",4322
OFF-FA-10000038,Office Supplies,Fasteners,"Advantus Clamps, Metal",4324
OFF-FA-10002358,Office Supplies,Fasteners,"Accos Push Pins, 12 Pack",4325
OFF-FA-10001724,Office Supplies,Fasteners,"Advantus Paper Clips, Assorted Sizes",4348
OFF-FA-10002017,Office Supplies,Fasteners,"Stockwell Paper Clips, Assorted Sizes",4380
OFF-FA-10001711,Office Supplies,Fasteners,"Accos Rubber Bands, 12 Pack",4400
OFF-FA-10001892,Office Supplies,Fasteners,"Advantus Clamps, Metal",4430
OFF-FA-10002569,Office Supplies,Fasteners,"Stockwell Staples, Metal",4436
OFF-FA-10003050,Office Supplies,Fasteners,"Stockwell Paper Clips, Metal",4456
OFF-FA-10003218,Office Supplies,Fasteners,"Advantus Push Pins, Assorted Sizes",4469
OFF-FA-10002247,Office Supplies,Fasteners,"Stockwell Rubber Bands, Metal",4491
OFF-FA-10004239,Office Supplies,Fasteners,"Advantus Staples, Metal",4518
OFF-FA-10003462,Office Supplies,Fasteners,"Stockwell Thumb Tacks, Assorted Sizes",4565
OFF-ACC-10003713,Office Supplies,Fasteners,"Accos Clamps, Assorted Sizes",4601
OFF-FA-10000713,Office Supplies,Fasteners,"Stockwell Clamps, 12 Pack",4642
OFF-FA-10001401,Office Supplies,Fasteners,"OIC Staples, 12 Pack",4645
OFF-FA-10004586,Office Supplies,Fasteners,"Stockwell Staples, 12 Pack",4653
OFF-FA-10000522,Office Supplies,Fasteners,"Stockwell Thumb Tacks, 12 Pack",4662
OFF-FA-10001684,Office Supplies,Fasteners,"Accos Staples, Bulk Pack",4665
OFF-FA-10000087,Office Supplies,Fasteners,"Accos Clamps, Assorted Sizes",4684
OFF-FA-10002427,Office Supplies,Fasteners,"Stockwell Push Pins, 12 Pack",4695
OFF-FA-10003638,Office Supplies,Fasteners,"Stockwell Clamps, 12 Pack",4707
OFF-FA-10004649,Office Supplies,Fasteners,"Advantus Clamps, 12 Pack",4712
OFF-FA-10003464,Office Supplies,Fasteners,"Stockwell Rubber Bands, 12 Pack",4719
OFF-ADV-10002299,Office Supplies,Fasteners,"Advantus Rubber Bands, 12 Pack",4737
OFF-STO-10003098,Office Supplies,Fasteners,"Stockwell Thumb Tacks, Metal",4743
OFF-ADV-10000551,Office Supplies,Fasteners,"Advantus Thumb Tacks, Bulk Pack",4748
OFF-FA-10000899,Office Supplies,Fasteners,"Stockwell Clamps, 12 Pack",4817
OFF-STO-10000753,Office Supplies,Fasteners,"Stockwell Thumb Tacks, 12 Pack",4829
OFF-FA-10002071,Office Supplies,Fasteners,"Accos Thumb Tacks, Assorted Sizes",4835
OFF-FA-10003378,Office Supplies,Fasteners,"Accos Push Pins, Metal",4837
OFF-FA-10002890,Office Supplies,Fasteners,"Accos Staples, Bulk Pack",4840
OFF-FA-10000757,Office Supplies,Fasteners,"Stockwell Paper Clips, Assorted Sizes",4841
OFF-FA-10000300,Office Supplies,Fasteners,"Stockwell Push Pins, Assorted Sizes",4851
OFF-FA-10002895,Office Supplies,Fasteners,"Accos Staples, 12 Pack",4866
OFF-FA-10000191,Office Supplies,Fasteners,"Stockwell Rubber Bands, 12 Pack",4871
OFF-FA-10002264,Office Supplies,Fasteners,"Advantus Rubber Bands, Assorted Sizes",4872
OFF-FA-10001045,Office Supplies,Fasteners,"Stockwell Staples, 12 Pack",4882
OFF-FA-10001718,Office Supplies,Fasteners,"Accos Staples, Assorted Sizes",4894
OFF-STO-10001671,Office Supplies,Fasteners,"Stockwell Staples, Assorted Sizes",4916
OFF-ADV-10003030,Office Supplies,Fasteners,"Advantus Staples, 12 Pack",4919
OFF-STO-10001150,Office Supplies,Fasteners,"Stockwell Rubber Bands, 12 Pack",4933
OFF-STO-10002026,Office Supplies,Fasteners,"Stockwell Clamps, Bulk Pack",4943
OFF-OIC-10003518,Office Supplies,Fasteners,"OIC Rubber Bands, Assorted Sizes",4944
OFF-STO-10002857,Office Supplies,Fasteners,"Stockwell Push Pins, 12 Pack",4945
OFF-OIC-10004810,Office Supplies,Fasteners,"OIC Paper Clips, Metal",4946
OFF-FA-10001521,Office Supplies,Fasteners,"Stockwell Thumb Tacks, Assorted Sizes",5019
OFF-FA-10000353,Office Supplies,Fasteners,"Accos Staples, Metal",5026
OFF-FA-10003816,Office Supplies,Fasteners,"Stockwell Staples, Metal",5038
OFF-FA-10000122,Office Supplies,Fasteners,"Advantus Paper Clips, Assorted Sizes",5042
OFF-FA-10004606,Office Supplies,Fasteners,"Stockwell Staples, 12 Pack",5059
OFF-FA-10003123,Office Supplies,Fasteners,"Stockwell Staples, Bulk Pack",5073
OFF-FA-10000801,Office Supplies,Fasteners,"Advantus Paper Clips, Assorted Sizes",5078
OFF-FA-10004410,Office Supplies,Fasteners,"Stockwell Staples, Metal",5083
OFF-FA-10003496,Office Supplies,Fasteners,"Stockwell Push Pins, Assorted Sizes",5088
OFF-FA-10004545,Office Supplies,Fasteners,"Stockwell Push Pins, Metal",5140
OFF-FA-10003703,Office Supplies,Fasteners,"Accos Clamps, Assorted Sizes",5146
OFF-FA-10000353,Office Supplies,Fasteners,"Stockwell Clamps, Assorted Sizes",5166
OFF-FA-10000697,Office Supplies,Fasteners,"Advantus Rubber Bands, 12 Pack",5188
OFF-FA-10004398,Office Supplies,Fasteners,"OIC Push Pins, 12 Pack",5196
OFF-FA-10001621,Office Supplies,Fasteners,"OIC Rubber Bands, Bulk Pack",5198
OFF-FA-10000790,Office Supplies,Fasteners,"Stockwell Rubber Bands, Bulk Pack",5226
OFF-FA-10004186,Office Supplies,Fasteners,"Advantus Thumb Tacks, Bulk Pack",5231
OFF-OIC-10002160,Office Supplies,Fasteners,"OIC Rubber Bands, 12 Pack",5242
OFF-OIC-10000988,Office Supplies,Fasteners,"OIC Rubber Bands, Metal",5243
OFF-FA-10002719,Office Supplies,Fasteners,"OIC Rubber Bands, Bulk Pack",5273
OFF-FA-10003985,Office Supplies,Fasteners,"Accos Staples, Assorted Sizes",5281
OFF-FA-10004754,Office Supplies,Fasteners,"Advantus Rubber Bands, 12 Pack",5286
OFF-FA-10001698,Office Supplies,Fasteners,"Stockwell Clamps, Assorted Sizes",5301
OFF-FA-10004880,Office Supplies,Fasteners,"Accos Rubber Bands, Bulk Pack",5317
OFF-FA-10004781,Office Supplies,Fasteners,"Stockwell Thumb Tacks, Metal",5338
OFF-FA-10003485,Office Supplies,Fasteners,Staples,5380
OFF-FA-10000834,Office Supplies,Fasteners,"Advantus Staples, Assorted Sizes",5389
OFF-FA-10003911,Office Supplies,Fasteners,"Advantus Clamps, Assorted Sizes",5396
OFF-FA-10000585,Office Supplies,Fasteners,OIC Bulk Pack Metal Binder Clips,5398
OFF-ADV-10004228,Office Supplies,Fasteners,"Advantus Push Pins, Assorted Sizes",5402
OFF-FA-10002350,Office Supplies,Fasteners,"OIC Staples, Assorted Sizes",5449
OFF-FA-10003505,Office Supplies,Fasteners,"OIC Thumb Tacks, Metal",5456
OFF-FA-10004924,Office Supplies,Fasteners,"Stockwell Paper Clips, Assorted Sizes",5463
OFF-FA-10004533,Office Supplies,Fasteners,"Stockwell Staples, Metal",5475
OFF-FA-10001800,Office Supplies,Fasteners,"Accos Paper Clips, Metal",5485
OFF-FA-10001530,Office Supplies,Fasteners,"Accos Paper Clips, Assorted Sizes",5498
OFF-FA-10000046,Office Supplies,Fasteners,"Advantus Staples, Bulk Pack",5499
OFF-FA-10002639,Office Supplies,Fasteners,"Advantus Staples, Metal",5502
OFF-FA-10003779,Office Supplies,Fasteners,"Stockwell Paper Clips, Assorted Sizes",5521
OFF-FA-10001246,Office Supplies,Fasteners,"OIC Staples, Metal",5522
OFF-FA-10001883,Office Supplies,Fasteners,"Alliance Super-Size Bands, Assorted Sizes",5524
OFF-FA-10001297,Office Supplies,Fasteners,"OIC Staples, 12 Pack",5535
OFF-FA-10003112,Office Supplies,Fasteners,Staples,5586
OFF-FA-10004997,Office Supplies,Fasteners,"Accos Paper Clips, Bulk Pack",5619
OFF-FA-10004664,Office Supplies,Fasteners,"Advantus Push Pins, Bulk Pack",5636
OFF-FA-10003186,Office Supplies,Fasteners,"Accos Push Pins, Bulk Pack",5643
OFF-FA-10001057,Office Supplies,Fasteners,"Accos Clamps, Assorted Sizes",5644
OFF-FA-10004839,Office Supplies,Fasteners,"Accos Clamps, Metal",5645
OFF-FA-10004739,Office Supplies,Fasteners,"Accos Rubber Bands, Bulk Pack",5646
OFF-FA-10000611,Office Supplies,Fasteners,Binder Clips by OIC,5860
OFF-FA-10000304,Office Supplies,Fasteners,Advantus Push Pins,5869
OFF-FA-10002975,Office Supplies,Fasteners,Staples,5877
OFF-FA-10002780,Office Supplies,Fasteners,Staples,5895
OFF-FA-10001761,Office Supplies,Fasteners,"OIC Thumb Tacks, Metal",5933
OFF-FA-10000447,Office Supplies,Fasteners,"Accos Paper Clips, Assorted Sizes",5947
OFF-FA-10004265,Office Supplies,Fasteners,"Stockwell Paper Clips, Assorted Sizes",5956
OFF-STO-10004495,Office Supplies,Fasteners,"Stockwell Thumb Tacks, Bulk Pack",5989
OFF-STO-10001310,Office Supplies,Fasteners,"Stockwell Rubber Bands, Bulk Pack",5995
OFF-ACC-10002834,Office Supplies,Fasteners,"Accos Thumb Tacks, 12 Pack",5996
OFF-FA-10000401,Office Supplies,Fasteners,"Advantus Paper Clips, Metal",6031
OFF-FA-10003885,Office Supplies,Fasteners,"Stockwell Rubber Bands, Metal",6038
OFF-FA-10001776,Office Supplies,Fasteners,"Stockwell Rubber Bands, Metal",6057
OFF-FA-10002084,Office Supplies,Fasteners,"Accos Thumb Tacks, 12 Pack",6065
OFF-FA-10001925,Office Supplies,Fasteners,"Advantus Staples, 12 Pack",6068
OFF-FA-10001213,Office Supplies,Fasteners,"Advantus Push Pins, 12 Pack",6086
OFF-FA-10000059,Office Supplies,Fasteners,"Stockwell Clamps, Bulk Pack",6090
OFF-FA-10002965,Office Supplies,Fasteners,"Accos Clamps, Bulk Pack",6105
OFF-FA-10004449,Office Supplies,Fasteners,"OIC Clamps, Assorted Sizes",6146
OFF-FA-10004175,Office Supplies,Fasteners,"Stockwell Push Pins, Assorted Sizes",6209
OFF-FA-10002763,Office Supplies,Fasteners,Advantus Map Pennant Flags and Round Head Tacks,6218
OFF-FA-10000563,Office Supplies,Fasteners,"Accos Push Pins, Assorted Sizes",6234
OFF-FA-10001838,Office Supplies,Fasteners,"Stockwell Paper Clips, Metal",6247
OFF-FA-10001427,Office Supplies,Fasteners,"Stockwell Paper Clips, Bulk Pack",6296
OFF-FA-10004931,Office Supplies,Fasteners,"OIC Clamps, Bulk Pack",6306
OFF-FA-10002988,Office Supplies,Fasteners,Ideal Clamps,6436
OFF-FA-10002983,Office Supplies,Fasteners,Advantus SlideClip Paper Clips,6442
OFF-FA-10002964,Office Supplies,Fasteners,"Accos Clamps, 12 Pack",6507
OFF-FA-10002100,Office Supplies,Fasteners,"OIC Paper Clips, 12 Pack",6521
OFF-FA-10000053,Office Supplies,Fasteners,Revere Boxed Rubber Bands by Revere,6544
OFF-FA-10003931,Office Supplies,Fasteners,"Stockwell Push Pins, 12 Pack",6557
OFF-FA-10003990,Office Supplies,Fasteners,"Stockwell Clamps, Metal",6564
OFF-FA-10001613,Office Supplies,Fasteners,"OIC Thumb Tacks, Bulk Pack",6569
OFF-FA-10004206,Office Supplies,Fasteners,"Advantus Staples, 12 Pack",6605
OFF-FA-10000227,Office Supplies,Fasteners,"OIC Clamps, Metal",6608
OFF-FA-10003139,Office Supplies,Fasteners,"Advantus Push Pins, Assorted Sizes",6609
OFF-FA-10004920,Office Supplies,Fasteners,"Accos Rubber Bands, Metal",6612
OFF-FA-10000406,Office Supplies,Fasteners,"Advantus Thumb Tacks, Metal",6615
OFF-FA-10001435,Office Supplies,Fasteners,"Advantus Rubber Bands, Metal",6616
OFF-FA-10003595,Office Supplies,Fasteners,"OIC Thumb Tacks, Assorted Sizes",6637
OFF-FA-10002085,Office Supplies,Fasteners,"Stockwell Clamps, Assorted Sizes",6675
OFF-FA-10002676,Office Supplies,Fasteners,Colored Push Pins,6758
OFF-FA-10000254,Office Supplies,Fasteners,Sterling Rubber Bands by Alliance,6759
OFF-FA-10004838,Office Supplies,Fasteners,"Super Bands, 12/Pack",6790
OFF-FA-10003631,Office Supplies,Fasteners,"Advantus Paper Clips, Metal",6793
OFF-ADV-10000308,Office Supplies,Fasteners,"Advantus Push Pins, 12 Pack",6796
OFF-ACC-10003265,Office Supplies,Fasteners,"Accos Rubber Bands, Bulk Pack",6800
OFF-ACC-10004910,Office Supplies,Fasteners,"Accos Rubber Bands, Metal",6842
OFF-FA-10003734,Office Supplies,Fasteners,"OIC Rubber Bands, Metal",6864
OFF-FA-10003332,Office Supplies,Fasteners,"Accos Push Pins, 12 Pack",6938
OFF-FA-10003495,Office Supplies,Fasteners,Staples,6969
OFF-OIC-10004999,Office Supplies,Fasteners,"OIC Push Pins, Metal",7062
OFF-ADV-10002593,Office Supplies,Fasteners,"Advantus Clamps, Bulk Pack",7084
OFF-FA-10004494,Office Supplies,Fasteners,"Stockwell Push Pins, Metal",7138
OFF-FA-10002577,Office Supplies,Fasteners,"Stockwell Push Pins, 12 Pack",7139
OFF-FA-10001097,Office Supplies,Fasteners,"Accos Paper Clips, Assorted Sizes",7159
OFF-FA-10002101,Office Supplies,Fasteners,"OIC Thumb Tacks, 12 Pack",7210
OFF-FA-10004243,Office Supplies,Fasteners,"OIC Staples, Assorted Sizes",7213
OFF-FA-10002900,Office Supplies,Fasteners,"Stockwell Thumb Tacks, 12 Pack",7217
OFF-STO-10004503,Office Supplies,Fasteners,"Stockwell Paper Clips, Metal",7246
OFF-FA-10004734,Office Supplies,Fasteners,"Advantus Rubber Bands, Bulk Pack",7251
OFF-FA-10001680,Office Supplies,Fasteners,"OIC Push Pins, Metal",7252
OFF-FA-10000089,Office Supplies,Fasteners,Acco Glide Clips,7272
OFF-FA-10004395,Office Supplies,Fasteners,Plymouth Boxed Rubber Bands by Plymouth,7293
OFF-FA-10002491,Office Supplies,Fasteners,"Stockwell Rubber Bands, Bulk Pack",7307
OFF-FA-10002248,Office Supplies,Fasteners,"Stockwell Staples, Assorted Sizes",7311
OFF-FA-10000067,Office Supplies,Fasteners,"Stockwell Staples, 12 Pack",7318
OFF-FA-10001175,Office Supplies,Fasteners,"OIC Staples, Bulk Pack",7348
OFF-ADV-10003125,Office Supplies,Fasteners,"Advantus Paper Clips, Assorted Sizes",7356
OFF-FA-10002226,Office Supplies,Fasteners,"Stockwell Thumb Tacks, Metal",7368
OFF-FA-10001228,Office Supplies,Fasteners,"Accos Clamps, Bulk Pack",7373
OFF-FA-10004665,Office Supplies,Fasteners,"Stockwell Paper Clips, Metal",7406
OFF-FA-10001843,Office Supplies,Fasteners,Staples,7419
OFF-FA-10002353,Office Supplies,Fasteners,"Accos Paper Clips, Metal",7445
OFF-FA-10001309,Office Supplies,Fasteners,"Stockwell Thumb Tacks, 12 Pack",7489
OFF-FA-10000540,Office Supplies,Fasteners,"Stockwell Staples, Assorted Sizes",7506
OFF-FA-10000487,Office Supplies,Fasteners,"Stockwell Paper Clips, Bulk Pack",7545
OFF-FA-10000549,Office Supplies,Fasteners,"Advantus Staples, Metal",7573
OFF-FA-10000856,Office Supplies,Fasteners,"Stockwell Thumb Tacks, Bulk Pack",7583
OFF-FA-10000134,Office Supplies,Fasteners,"Advantus Push Pins, Aluminum Head",7590
OFF-FA-10004067,Office Supplies,Fasteners,"Stockwell Rubber Bands, 12 Pack",7611
OFF-FA-10002177,Office Supplies,Fasteners,"OIC Clamps, Metal",7645
OFF-FA-10001574,Office Supplies,Fasteners,"Accos Clamps, Bulk Pack",7656
OFF-FA-10000992,Office Supplies,Fasteners,"Acco Clips to Go Binder Clips, 24 Clips in Two Sizes",7667
OFF-FA-10000720,Office Supplies,Fasteners,"Advantus Rubber Bands, Bulk Pack",7672
OFF-FA-10004233,Office Supplies,Fasteners,"Stockwell Paper Clips, Metal",7681
OFF-FA-10004993,Office Supplies,Fasteners,"OIC Paper Clips, Metal",7684
OFF-FA-10001111,Office Supplies,Fasteners,"Advantus Rubber Bands, 12 Pack",7695
OFF-FA-10002717,Office Supplies,Fasteners,"OIC Rubber Bands, Metal",7725
OFF-FA-10002444,Office Supplies,Fasteners,"Stockwell Clamps, 12 Pack",7730
OFF-FA-10003727,Office Supplies,Fasteners,"OIC Rubber Bands, Assorted Sizes",7731
OFF-FA-10001419,Office Supplies,Fasteners,"Stockwell Rubber Bands, 12 Pack",7745
OFF-FA-10001126,Office Supplies,Fasteners,"Accos Paper Clips, Metal",7783
OFF-FA-10003007,Office Supplies,Fasteners,"OIC Rubber Bands, Assorted Sizes",7792
OFF-FA-10000131,Office Supplies,Fasteners,"Accos Clamps, 12 Pack",7872
OFF-FA-10003022,Office Supplies,Fasteners,"Stockwell Clamps, Assorted Sizes",7875
OFF-FA-10004637,Office Supplies,Fasteners,"Accos Thumb Tacks, Metal",7889
OFF-FA-10001184,Office Supplies,Fasteners,"Stockwell Staples, Assorted Sizes",7904
OFF-FA-10002286,Office Supplies,Fasteners,"OIC Push Pins, Bulk Pack",7920
OFF-FA-10001104,Office Supplies,Fasteners,"Stockwell Paper Clips, Assorted Sizes",7923
OFF-FA-10001815,Office Supplies,Fasteners,"Advantus Push Pins, Bulk Pack",7960
OFF-FA-10000474,Office Supplies,Fasteners,"OIC Staples, 12 Pack",7988
OFF-FA-10000459,Office Supplies,Fasteners,"OIC Paper Clips, 12 Pack",8008
OFF-FA-10001052,Office Supplies,Fasteners,"Stockwell Paper Clips, Assorted Sizes",8047
OFF-FA-10003257,Office Supplies,Fasteners,"Accos Thumb Tacks, 12 Pack",8055
OFF-FA-10000631,Office Supplies,Fasteners,"Accos Rubber Bands, Assorted Sizes",8119
OFF-FA-10001621,Office Supplies,Fasteners,"Accos Rubber Bands, 12 Pack",8129
OFF-FA-10002815,Office Supplies,Fasteners,Staples,8132
OFF-FA-10000256,Office Supplies,Fasteners,"Advantus Clamps, Bulk Pack",8147
OFF-FA-10000735,Office Supplies,Fasteners,Staples,8198
OFF-OIC-10003028,Office Supplies,Fasteners,"OIC Staples, Bulk Pack",8204
OFF-FA-10000840,Office Supplies,Fasteners,OIC Thumb-Tacks,8254
OFF-FA-10004248,Office Supplies,Fasteners,Advantus T-Pin Paper Clips,8259
OFF-ACC-10001281,Office Supplies,Fasteners,"Accos Clamps, Bulk Pack",8303
OFF-FA-10002459,Office Supplies,Fasteners,"Advantus Clamps, Bulk Pack",8318
OFF-OIC-10001921,Office Supplies,Fasteners,"OIC Clamps, Assorted Sizes",8353
OFF-ACC-10004364,Office Supplies,Fasteners,"Accos Push Pins, Bulk Pack",8363
OFF-OIC-10003879,Office Supplies,Fasteners,"OIC Clamps, Bulk Pack",8373
OFF-FA-10001832,Office Supplies,Fasteners,"Accos Rubber Bands, Metal",8404
OFF-FA-10003399,Office Supplies,Fasteners,"Accos Paper Clips, Metal",8411
OFF-FA-10000907,Office Supplies,Fasteners,"OIC Rubber Bands, Bulk Pack",8437
OFF-FA-10001339,Office Supplies,Fasteners,"Accos Thumb Tacks, Bulk Pack",8462
OFF-STO-10000347,Office Supplies,Fasteners,"Stockwell Clamps, Assorted Sizes",8486
OFF-OIC-10004536,Office Supplies,Fasteners,"OIC Thumb Tacks, Assorted Sizes",8492
OFF-ACC-10004430,Office Supplies,Fasteners,"Accos Rubber Bands, 12 Pack",8499
OFF-FA-10001476,Office Supplies,Fasteners,"OIC Paper Clips, Assorted Sizes",8512
OFF-FA-10002991,Office Supplies,Fasteners,"Stockwell Thumb Tacks, Bulk Pack",8514
OFF-FA-10003659,Office Supplies,Fasteners,"Accos Paper Clips, Assorted Sizes",8517
OFF-STO-10004971,Office Supplies,Fasteners,"Stockwell Paper Clips, Assorted Sizes",8527
OFF-ADV-10003196,Office Supplies,Fasteners,"Advantus Staples, Assorted Sizes",8536
OFF-FA-10004813,Office Supplies,Fasteners,"Stockwell Rubber Bands, Bulk Pack",8609
OFF-FA-10001072,Office Supplies,Fasteners,"Advantus Clamps, 12 Pack",8622
OFF-STO-10004940,Office Supplies,Fasteners,"Stockwell Push Pins, Assorted Sizes",8637
OFF-OIC-10003366,Office Supplies,Fasteners,"OIC Staples, Metal",8641
OFF-FA-10002752,Office Supplies,Fasteners,"Advantus Push Pins, Bulk Pack",8649
OFF-ACC-10000687,Office Supplies,Fasteners,"Accos Clamps, 12 Pack",8653
OFF-ADV-10003050,Office Supplies,Fasteners,"Advantus Rubber Bands, Bulk Pack",8678
OFF-FA-10001272,Office Supplies,Fasteners,"OIC Thumb Tacks, Assorted Sizes",8734
OFF-OIC-10000189,Office Supplies,Fasteners,"OIC Clamps, Metal",8740
OFF-OIC-10004622,Office Supplies,Fasteners,"OIC Thumb Tacks, Bulk Pack",8763
OFF-ACC-10003984,Office Supplies,Fasteners,"Accos Paper Clips, Assorted Sizes",8793
OFF-FA-10004799,Office Supplies,Fasteners,"Advantus Thumb Tacks, Bulk Pack",8807
OFF-FA-10003626,Office Supplies,Fasteners,"Advantus Rubber Bands, Assorted Sizes",8846
OFF-FA-10000349,Office Supplies,Fasteners,"OIC Push Pins, 12 Pack",8855
OFF-ACC-10004782,Office Supplies,Fasteners,"Accos Staples, Metal",8861
OFF-STO-10000924,Office Supplies,Fasteners,"Stockwell Rubber Bands, Metal",8862
OFF-ACC-10000497,Office Supplies,Fasteners,"Accos Rubber Bands, Assorted Sizes",8871
OFF-FA-10001187,Office Supplies,Fasteners,"Stockwell Paper Clips, Bulk Pack",8876
OFF-FA-10002835,Office Supplies,Fasteners,"OIC Staples, Assorted Sizes",8905
OFF-FA-10004401,Office Supplies,Fasteners,"OIC Staples, Metal",8916
OFF-FA-10003467,Office Supplies,Fasteners,"Alliance Big Bands Rubber Bands, 12/Pack",8921
OFF-OIC-10004253,Office Supplies,Fasteners,"OIC Rubber Bands, Bulk Pack",8933
OFF-ADV-10004875,Office Supplies,Fasteners,"Advantus Staples, Bulk Pack",8950
OFF-OIC-10001477,Office Supplies,Fasteners,"OIC Push Pins, Bulk Pack",8951
OFF-STO-10001916,Office Supplies,Fasteners,"Stockwell Clamps, Metal",8952
OFF-ADV-10000425,Office Supplies,Fasteners,"Advantus Clamps, Metal",8953
OFF-FA-10004968,Office Supplies,Fasteners,Rubber Band Ball,8969
OFF-FA-10001700,Office Supplies,Fasteners,"Accos Rubber Bands, Bulk Pack",8998
OFF-FA-10001051,Office Supplies,Fasteners,"OIC Rubber Bands, Metal",9023
OFF-FA-10003531,Office Supplies,Fasteners,"Accos Thumb Tacks, Bulk Pack",9033
OFF-FA-10003004,Office Supplies,Fasteners,"Advantus Push Pins, Metal",9085
OFF-FA-10004657,Office Supplies,Fasteners,"Stockwell Thumb Tacks, Metal",9144
OFF-FA-10003472,Office Supplies,Fasteners,Bagged Rubber Bands,9154
OFF-FA-10001135,Office Supplies,Fasteners,"Brites Rubber Bands, 1 1/2 oz. Box",9181
OFF-FA-10002268,Office Supplies,Fasteners,"OIC Clamps, 12 Pack",9231
OFF-FA-10001229,Office Supplies,Fasteners,Staples,9237
OFF-FA-10000179,Office Supplies,Fasteners,"Advantus Paper Clips, Metal",9300
OFF-FA-10001520,Office Supplies,Fasteners,"Stockwell Thumb Tacks, 12 Pack",9302
OFF-FA-10000091,Office Supplies,Fasteners,"Stockwell Push Pins, Metal",9354
OFF-FA-10004946,Office Supplies,Fasteners,"Advantus Staples, Metal",9358
OFF-FA-10003144,Office Supplies,Fasteners,"Stockwell Clamps, Metal",9363
OFF-FA-10003954,Office Supplies,Fasteners,"Stockwell Rubber Bands, Assorted Sizes",9392
OFF-FA-10000577,Office Supplies,Fasteners,"Stockwell Push Pins, 12 Pack",9403
OFF-FA-10002175,Office Supplies,Fasteners,"OIC Push Pins, Assorted Sizes",9406
OFF-FA-10002597,Office Supplies,Fasteners,"OIC Clamps, 12 Pack",9419
OFF-FA-10003789,Office Supplies,Fasteners,"Accos Push Pins, Metal",9426
OFF-FA-10002025,Office Supplies,Fasteners,"Stockwell Clamps, Bulk Pack",9438
OFF-FA-10002637,Office Supplies,Fasteners,"OIC Clamps, Bulk Pack",9442
OFF-FA-10000471,Office Supplies,Fasteners,"Accos Paper Clips, Assorted Sizes",9446
OFF-FA-10003587,Office Supplies,Fasteners,"Advantus Push Pins, Assorted Sizes",9452
OFF-FA-10003668,Office Supplies,Fasteners,"Accos Rubber Bands, 12 Pack",9456
OFF-FA-10003054,Office Supplies,Fasteners,"Stockwell Rubber Bands, Metal",9476
OFF-FA-10001631,Office Supplies,Fasteners,"Advantus Staples, Bulk Pack",9486
OFF-FA-10002247,Office Supplies,Fasteners,"OIC Paper Clips, Bulk Pack",9497
OFF-FA-10004258,Office Supplies,Fasteners,"OIC Thumb Tacks, Bulk Pack",9504
OFF-STO-10003395,Office Supplies,Fasteners,"Stockwell Rubber Bands, Metal",9541
OFF-FA-10000136,Office Supplies,Fasteners,"Accos Paper Clips, Assorted Sizes",9582
OFF-FA-10000470,Office Supplies,Fasteners,"Stockwell Paper Clips, Assorted Sizes",9630
OFF-ACC-10002327,Office Supplies,Fasteners,"Accos Thumb Tacks, Metal",9699
OFF-FA-10003838,Office Supplies,Fasteners,"Stockwell Rubber Bands, Assorted Sizes",9758
OFF-STO-10002803,Office Supplies,Fasteners,"Stockwell Clamps, 12 Pack",9760
OFF-FA-10001054,Office Supplies,Fasteners,"Advantus Thumb Tacks, Metal",9792
OFF-FA-10001764,Office Supplies,Fasteners,"OIC Staples, Bulk Pack",9822
OFF-FA-10004076,Office Supplies,Fasteners,Translucent Push Pins by OIC,9833
OFF-FA-10001754,Office Supplies,Fasteners,Stockwell Gold Paper Clips,9835
OFF-FA-10000429,Office Supplies,Fasteners,"Stockwell Push Pins, Bulk Pack",9935
OFF-FA-10002803,Office Supplies,Fasteners,"Accos Staples, Metal",9942
OFF-FA-10001953,Office Supplies,Fasteners,"Advantus Clamps, Bulk Pack",9974
OFF-FA-10002552,Office Supplies,Fasteners,"Advantus Push Pins, Assorted Sizes",9988
OFF-FA-10001710,Office Supplies,Fasteners,"Advantus Rubber Bands, Metal",10006
OFF-FA-10001526,Office Supplies,Fasteners,"Stockwell Rubber Bands, 12 Pack",10039
OFF-FA-10002759,Office Supplies,Fasteners,"Stockwell Clamps, Bulk Pack",10045
OFF-FA-10003749,Office Supplies,Fasteners,"Advantus Rubber Bands, 12 Pack",10069
OFF-FA-10000134,Office Supplies,Fasteners,"Stockwell Push Pins, Assorted Sizes",10073
OFF-FA-10004108,Office Supplies,Fasteners,"Accos Rubber Bands, 12 Pack",10110
OFF-FA-10000196,Office Supplies,Fasteners,"OIC Paper Clips, Bulk Pack",10116
OFF-FA-10003717,Office Supplies,Fasteners,"Stockwell Clamps, Metal",10118
OFF-FA-10003450,Office Supplies,Fasteners,"Advantus Paper Clips, Metal",10126
OFF-FA-10004687,Office Supplies,Fasteners,"Advantus Thumb Tacks, Bulk Pack",10127
OFF-FA-10003897,Office Supplies,Fasteners,"Stockwell Push Pins, Metal",10128
OFF-FA-10004563,Office Supplies,Fasteners,"Stockwell Clamps, Assorted Sizes",10129
OFF-ACC-10003909,Office Supplies,Fasteners,"Accos Push Pins, Assorted Sizes",10139
OFF-FA-10001128,Office Supplies,Fasteners,"Stockwell Clamps, Bulk Pack",10201
OFF-FA-10004775,Office Supplies,Fasteners,"Accos Staples, 12 Pack",10221
OFF-FA-10004474,Office Supplies,Fasteners,"Advantus Rubber Bands, Metal",10258
OFF-FA-10002061,Office Supplies,Fasteners,"Accos Paper Clips, Bulk Pack",10270
OFF-FA-10003034,Office Supplies,Fasteners,"OIC Rubber Bands, 12 Pack",10295
OFF-FA-10003797,Office Supplies,Fasteners,"Advantus Push Pins, 12 Pack",10299
OFF-FA-10004374,Office Supplies,Fasteners,"Accos Paper Clips, Bulk Pack",10303
OFF-FA-10003931,Office Supplies,Fasteners,"Stockwell Clamps, Bulk Pack",10319
OFF-FA-10000207,Office Supplies,Fasteners,"OIC Clamps, Assorted Sizes",10336
OFF-FA-10003994,Office Supplies,Fasteners,"Stockwell Paper Clips, Metal",10341
OFF-FA-10003991,Office Supplies,Fasteners,"Stockwell Staples, Bulk Pack",10357
OFF-FA-10003529,Office Supplies,Fasteners,"Stockwell Thumb Tacks, Metal",10359
OFF-FA-10002831,Office Supplies,Fasteners,"OIC Staples, Assorted Sizes",10371
OFF-FA-10003542,Office Supplies,Fasteners,"Stockwell Staples, Bulk Pack",10382
OFF-FA-10002632,Office Supplies,Fasteners,"Accos Staples, Metal",10383
OFF-FA-10002701,Office Supplies,Fasteners,Alliance Rubber Bands,10393
OFF-FA-10000089,Office Supplies,Fasteners,"OIC Rubber Bands, Assorted Sizes",10424
OFF-FA-10000659,Office Supplies,Fasteners,"Stockwell Clamps, 12 Pack",10425
OFF-FA-10003815,Office Supplies,Fasteners,"Stockwell Clamps, Metal",10443
OFF-FA-10002393,Office Supplies,Fasteners,"Accos Push Pins, Bulk Pack",10451
OFF-FA-10002683,Office Supplies,Fasteners,"Stockwell Staples, Assorted Sizes",10455
OFF-FA-10001963,Office Supplies,Fasteners,"Advantus Thumb Tacks, Assorted Sizes",10482
OFF-FA-10003213,Office Supplies,Fasteners,"Stockwell Paper Clips, Assorted Sizes",10508
OFF-FA-10003546,Office Supplies,Fasteners,"Stockwell Thumb Tacks, Metal",10516
OFF-FA-10002782,Office Supplies,Fasteners,"Accos Thumb Tacks, Assorted Sizes",10533
OFF-FA-10001359,Office Supplies,Fasteners,"Stockwell Rubber Bands, Assorted Sizes",10606
OFF-FA-10002708,Office Supplies,Fasteners,"Stockwell Staples, 12 Pack",10619
OFF-FA-10004813,Office Supplies,Fasteners,"Advantus Clamps, Metal",10630
OFF-FA-10002790,Office Supplies,Fasteners,"Stockwell Push Pins, 12 Pack",10655
OFF-FA-10000805,Office Supplies,Fasteners,"Accos Staples, 12 Pack",10673
OFF-FA-10004156,Office Supplies,Fasteners,"Stockwell Push Pins, 12 Pack",10686
OFF-FA-10004269,Office Supplies,Fasteners,"Accos Staples, Assorted Sizes",10695
OFF-STO-10000876,Office Supplies,Fasteners,"Stockwell Push Pins, 12 Pack",10737
OFF-FA-10001152,Office Supplies,Fasteners,"Stockwell Clamps, Metal",10744
OFF-FA-10003429,Office Supplies,Fasteners,"Accos Paper Clips, Metal",10745
OFF-FA-10003685,Office Supplies,Fasteners,"Stockwell Rubber Bands, Bulk Pack",10746
OFF-FA-10002815,Office Supplies,Fasteners,"Stockwell Thumb Tacks, 12 Pack",10747
OFF-ACM-10002816,Office Supplies,Supplies,"Acme Letter Opener, Steel",34
OFF-ELI-10001705,Office Supplies,Supplies,"Elite Trimmer, Steel",35
OFF-KLE-10001794,Office Supplies,Supplies,"Kleencut Box Cutter, High Speed",38
OFF-FIS-10001797,Office Supplies,Supplies,"Fiskars Trimmer, Steel",41
OFF-STI-10001162,Office Supplies,Supplies,"Stiletto Letter Opener, Steel",42
OFF-STI-10004202,Office Supplies,Supplies,"Stiletto Scissors, Steel",47
OFF-SU-10000429,Office Supplies,Supplies,"Elite Ruler, Easy Grip",61
OFF-SU-10004661,Office Supplies,Supplies,Acme Titanium Bonded Scissors,74
OFF-SU-10001983,Office Supplies,Supplies,"Stiletto Box Cutter, Steel",77
OFF-ELI-10001176,Office Supplies,Supplies,"Elite Box Cutter, Easy Grip",80
OFF-STI-10002716,Office Supplies,Supplies,"Stiletto Box Cutter, Serrated",83
OFF-KLE-10002118,Office Supplies,Supplies,"Kleencut Ruler, Serrated",87
OFF-KLE-10002869,Office Supplies,Supplies,"Kleencut Letter Opener, High Speed",92
OFF-KLE-10000552,Office Supplies,Supplies,"Kleencut Shears, Steel",108
OFF-STI-10002040,Office Supplies,Supplies,"Stiletto Ruler, Easy Grip",109
OFF-FIS-10001399,Office Supplies,Supplies,"Fiskars Ruler, Serrated",118
OFF-STI-10001171,Office Supplies,Supplies,"Stiletto Letter Opener, Easy Grip",119
OFF-ELI-10001685,Office Supplies,Supplies,"Elite Ruler, Steel",120
OFF-KLE-10002550,Office Supplies,Supplies,"Kleencut Scissors, Serrated",160
OFF-FIS-10000063,Office Supplies,Supplies,"Fiskars Shears, High Speed",161
OFF-SU-10001682,Office Supplies,Supplies,"Kleencut Letter Opener, High Speed",165
OFF-KLE-10004673,Office Supplies,Supplies,"Kleencut Box Cutter, Serrated",183
OFF-STI-10000286,Office Supplies,Supplies,"Stiletto Ruler, Steel",184
OFF-FIS-10003234,Office Supplies,Supplies,"Fiskars Trimmer, Serrated",185
OFF-STI-10003234,Office Supplies,Supplies,"Stiletto Trimmer, Steel",209
OFF-SU-10004230,Office Supplies,Supplies,"Kleencut Scissors, Serrated",245
OFF-ELI-10001812,Office Supplies,Supplies,"Elite Shears, Easy Grip",307
OFF-KLE-10002340,Office Supplies,Supplies,"Kleencut Shears, Easy Grip",328
OFF-SU-10001770,Office Supplies,Supplies,"Acme Scissors, Easy Grip",340
OFF-SU-10003221,Office Supplies,Supplies,"Acme Trimmer, Easy Grip",344
OFF-SU-10002709,Office Supplies,Supplies,"Fiskars Letter Opener, Easy Grip",374
OFF-SU-10004766,Office Supplies,Supplies,"Kleencut Shears, Easy Grip",386
OFF-SU-10000375,Office Supplies,Supplies,"Kleencut Box Cutter, Steel",395
OFF-SU-10004705,Office Supplies,Supplies,"Fiskars Ruler, Serrated",424
OFF-SU-10003897,Office Supplies,Supplies,"Stiletto Ruler, High Speed",444
OFF-SU-10003665,Office Supplies,Supplies,"Kleencut Trimmer, Serrated",463
OFF-SU-10000171,Office Supplies,Supplies,"Elite Trimmer, Easy Grip",494
OFF-SU-10004361,Office Supplies,Supplies,"Kleencut Trimmer, High Speed",549
OFF-SU-10003629,Office Supplies,Supplies,"Fiskars Ruler, Steel",577
OFF-SU-10001308,Office Supplies,Supplies,"Fiskars Trimmer, Serrated",604
OFF-SU-10000914,Office Supplies,Supplies,"Kleencut Scissors, Serrated",609
OFF-ACM-10004669,Office Supplies,Supplies,"Acme Shears, Easy Grip",694
OFF-FIS-10001591,Office Supplies,Supplies,"Fiskars Trimmer, High Speed",708
OFF-ACM-10004150,Office Supplies,Supplies,"Acme Ruler, Serrated",726
OFF-SU-10000723,Office Supplies,Supplies,"Kleencut Shears, Steel",755
OFF-SU-10002327,Office Supplies,Supplies,"Fiskars Ruler, Easy Grip",778
OFF-SU-10002881,Office Supplies,Supplies,Martin Yale Chadless Opener Electric Letter Opener,808
OFF-ACM-10000777,Office Supplies,Supplies,"Acme Scissors, Serrated",826
OFF-ACM-10002131,Office Supplies,Supplies,"Acme Ruler, Easy Grip",859
OFF-STI-10000144,Office Supplies,Supplies,"Stiletto Box Cutter, Steel",861
OFF-STI-10000305,Office Supplies,Supplies,"Stiletto Shears, High Speed",915
OFF-KLE-10004581,Office Supplies,Supplies,"Kleencut Trimmer, Easy Grip",931
OFF-SU-10003537,Office Supplies,Supplies,"Kleencut Scissors, Steel",963
OFF-SU-10003834,Office Supplies,Supplies,"Stiletto Shears, High Speed",966
OFF-SU-10000932,Office Supplies,Supplies,"Elite Shears, Steel",975
OFF-SU-10001935,Office Supplies,Supplies,Staples,990
OFF-SU-10002346,Office Supplies,Supplies,"Elite Ruler, High Speed",1011
OFF-SU-10004446,Office Supplies,Supplies,"Acme Ruler, Steel",1021
OFF-SU-10002909,Office Supplies,Supplies,"Fiskars Ruler, Easy Grip",1082
OFF-SU-10001633,Office Supplies,Supplies,"Stiletto Letter Opener, Easy Grip",1095
OFF-STI-10001955,Office Supplies,Supplies,"Stiletto Box Cutter, Easy Grip",1104
OFF-FIS-10000670,Office Supplies,Supplies,"Fiskars Scissors, Steel",1110
OFF-STI-10002245,Office Supplies,Supplies,"Stiletto Shears, Serrated",1112
OFF-ACM-10000570,Office Supplies,Supplies,"Acme Letter Opener, High Speed",1113
OFF-SU-10001762,Office Supplies,Supplies,"Stiletto Shears, Easy Grip",1115
OFF-SU-10003697,Office Supplies,Supplies,"Elite Scissors, High Speed",1152
OFF-SU-10000810,Office Supplies,Supplies,"Kleencut Letter Opener, Steel",1172
OFF-SU-10002537,Office Supplies,Supplies,Acme Box Cutter Scissors,1186
OFF-SU-10002557,Office Supplies,Supplies,Fiskars Spring-Action Scissors,1193
OFF-SU-10000378,Office Supplies,Supplies,"Kleencut Scissors, High Speed",1214
OFF-SU-10003082,Office Supplies,Supplies,"Acme Box Cutter, Easy Grip",1215
OFF-SU-10004279,Office Supplies,Supplies,"Kleencut Shears, Serrated",1223
OFF-SU-10004446,Office Supplies,Supplies,"Acme Scissors, Steel",1248
OFF-FIS-10002784,Office Supplies,Supplies,"Fiskars Box Cutter, High Speed",1313
OFF-SU-10002961,Office Supplies,Supplies,"Kleencut Ruler, Serrated",1358
OFF-FIS-10004787,Office Supplies,Supplies,"Fiskars Box Cutter, Steel",1381
OFF-KLE-10001644,Office Supplies,Supplies,"Kleencut Trimmer, Steel",1392
OFF-FIS-10000063,Office Supplies,Supplies,"Fiskars Box Cutter, Easy Grip",1393
OFF-ACM-10000671,Office Supplies,Supplies,"Acme Ruler, Steel",1402
OFF-ACM-10004895,Office Supplies,Supplies,"Acme Scissors, Easy Grip",1409
OFF-FIS-10004915,Office Supplies,Supplies,"Fiskars Trimmer, Easy Grip",1411
OFF-SU-10003739,Office Supplies,Supplies,"Elite Box Cutter, Steel",1431
OFF-SU-10000411,Office Supplies,Supplies,"Stiletto Box Cutter, Easy Grip",1461
OFF-SU-10001066,Office Supplies,Supplies,"Acme Letter Opener, Steel",1462
OFF-SU-10004727,Office Supplies,Supplies,"Stiletto Letter Opener, Easy Grip",1464
OFF-SU-10001133,Office Supplies,Supplies,"Acme Box Cutter, Steel",1475
OFF-SU-10001889,Office Supplies,Supplies,"Kleencut Letter Opener, Easy Grip",1481
OFF-SU-10002451,Office Supplies,Supplies,"Elite Letter Opener, High Speed",1502
OFF-SU-10001886,Office Supplies,Supplies,"Acme Box Cutter, Serrated",1538
OFF-SU-10002323,Office Supplies,Supplies,"Elite Shears, Steel",1552
OFF-SU-10000556,Office Supplies,Supplies,"Kleencut Shears, Steel",1575
OFF-SU-10003371,Office Supplies,Supplies,"Elite Shears, Serrated",1577
OFF-SU-10002169,Office Supplies,Supplies,"Fiskars Letter Opener, High Speed",1599
OFF-SU-10003892,Office Supplies,Supplies,"Acme Box Cutter, High Speed",1600
OFF-SU-10004663,Office Supplies,Supplies,"Kleencut Letter Opener, Easy Grip",1662
OFF-SU-10000573,Office Supplies,Supplies,"Acme Ruler, High Speed",1692
OFF-SU-10001892,Office Supplies,Supplies,"Elite Box Cutter, High Speed",1694
OFF-SU-10003801,Office Supplies,Supplies,"Elite Box Cutter, Easy Grip",1705
OFF-SU-10002032,Office Supplies,Supplies,"Stiletto Scissors, Easy Grip",1712
OFF-ELI-10003179,Office Supplies,Supplies,"Elite Scissors, High Speed",1746
OFF-ELI-10000044,Office Supplies,Supplies,"Elite Ruler, Serrated",1752
OFF-KLE-10000296,Office Supplies,Supplies,"Kleencut Letter Opener, Steel",1791
OFF-KLE-10000527,Office Supplies,Supplies,"Kleencut Scissors, High Speed",1795
OFF-SU-10003173,Office Supplies,Supplies,"Acme Ruler, Serrated",1800
OFF-SU-10004902,Office Supplies,Supplies,"Fiskars Ruler, Easy Grip",1801
OFF-SU-10004299,Office Supplies,Supplies,"Stiletto Trimmer, High Speed",1876
OFF-SU-10001923,Office Supplies,Supplies,"Kleencut Letter Opener, Easy Grip",1895
OFF-STI-10000114,Office Supplies,Supplies,"Stiletto Letter Opener, High Speed",1976
OFF-SU-10002357,Office Supplies,Supplies,"Kleencut Trimmer, High Speed",2060
OFF-SU-10002094,Office Supplies,Supplies,"Acme Letter Opener, Steel",2089
OFF-SU-10002363,Office Supplies,Supplies,"Fiskars Letter Opener, Easy Grip",2119
OFF-SU-10001488,Office Supplies,Supplies,"Stiletto Scissors, Steel",2120
OFF-SU-10004589,Office Supplies,Supplies,"Elite Shears, Serrated",2189
OFF-SU-10003115,Office Supplies,Supplies,"Acme Scissors, Serrated",2196
OFF-SU-10001657,Office Supplies,Supplies,"Acme Box Cutter, High Speed",2215
OFF-SU-10000102,Office Supplies,Supplies,"Stiletto Box Cutter, Easy Grip",2216
OFF-SU-10001574,Office Supplies,Supplies,Acme Value Line Scissors,2275
OFF-SU-10004231,Office Supplies,Supplies,Acme Tagit Stainless Steel Antibacterial Scissors,2293
OFF-SU-10001225,Office Supplies,Supplies,Staples,2312
OFF-SU-10000178,Office Supplies,Supplies,"Acme Ruler, Easy Grip",2335
OFF-SU-10004691,Office Supplies,Supplies,"Fiskars Scissors, Serrated",2351
OFF-SU-10001664,Office Supplies,Supplies,Acme Office Executive Series Stainless Steel Trimmers,2364
OFF-SU-10001794,Office Supplies,Supplies,"Elite Ruler, Steel",2370
OFF-SU-10003126,Office Supplies,Supplies,"Acme Shears, Serrated",2382
OFF-SU-10003717,Office Supplies,Supplies,"Stiletto Ruler, Serrated",2419
OFF-SU-10000970,Office Supplies,Supplies,"Elite Box Cutter, Easy Grip",2438
OFF-SU-10001813,Office Supplies,Supplies,"Kleencut Ruler, Easy Grip",2448
OFF-STI-10001743,Office Supplies,Supplies,"Stiletto Scissors, Easy Grip",2472
OFF-STI-10001651,Office Supplies,Supplies,"Stiletto Shears, Steel",2478
OFF-FIS-10004067,Office Supplies,Supplies,"Fiskars Ruler, Steel",2492
OFF-STI-10000388,Office Supplies,Supplies,"Stiletto Scissors, Serrated",2500
OFF-ACM-10001112,Office Supplies,Supplies,"Acme Shears, Steel",2513
OFF-STI-10003148,Office Supplies,Supplies,"Stiletto Trimmer, Serrated",2607
OFF-SU-10003688,Office Supplies,Supplies,"Acme Shears, High Speed",2640
OFF-SU-10002423,Office Supplies,Supplies,"Acme Shears, Steel",2662
OFF-STI-10002262,Office Supplies,Supplies,"Stiletto Box Cutter, High Speed",2668
OFF-KLE-10000050,Office Supplies,Supplies,"Kleencut Trimmer, High Speed",2669
OFF-SU-10001165,Office Supplies,Supplies,Acme Elite Stainless Steel Scissors,2682
OFF-SU-10001442,Office Supplies,Supplies,"Acme Scissors, Steel",2768
OFF-SU-10003371,Office Supplies,Supplies,"Kleencut Trimmer, High Speed",2771
OFF-SU-10003629,Office Supplies,Supplies,"Fiskars Letter Opener, High Speed",2793
OFF-SU-10004848,Office Supplies,Supplies,"Kleencut Shears, High Speed",2795
OFF-SU-10000866,Office Supplies,Supplies,"Elite Trimmer, Serrated",2816
OFF-SU-10000062,Office Supplies,Supplies,"Stiletto Scissors, High Speed",2827
OFF-SU-10001709,Office Supplies,Supplies,"Kleencut Scissors, High Speed",2871
OFF-SU-10002911,Office Supplies,Supplies,"Acme Scissors, Serrated",2875
OFF-SU-10001731,Office Supplies,Supplies,"Acme Letter Opener, Serrated",2877
OFF-SU-10004696,Office Supplies,Supplies,"Acme Shears, Easy Grip",2885
OFF-SU-10002715,Office Supplies,Supplies,"Elite Trimmer, High Speed",2886
OFF-SU-10004846,Office Supplies,Supplies,"Acme Box Cutter, Serrated",2887
OFF-SU-10001877,Office Supplies,Supplies,"Elite Ruler, High Speed",2889
OFF-SU-10000175,Office Supplies,Supplies,"Elite Scissors, Easy Grip",2890
OFF-SU-10003515,Office Supplies,Supplies,"Acme Shears, Serrated",2895
OFF-SU-10001869,Office Supplies,Supplies,"Stiletto Scissors, Steel",2897
OFF-SU-10000738,Office Supplies,Supplies,"Acme Shears, Steel",2900
OFF-SU-10003343,Office Supplies,Supplies,"Fiskars Scissors, Serrated",2903
OFF-SU-10002306,Office Supplies,Supplies,"Elite Scissors, Steel",2972
OFF-SU-10002543,Office Supplies,Supplies,"Stiletto Scissors, Easy Grip",2974
OFF-SU-10002742,Office Supplies,Supplies,"Stiletto Trimmer, Serrated",2975
OFF-SU-10004938,Office Supplies,Supplies,"Fiskars Trimmer, Steel",2985
OFF-SU-10003105,Office Supplies,Supplies,"Fiskars Shears, Steel",2990
OFF-SU-10001731,Office Supplies,Supplies,"Elite Letter Opener, High Speed",2991
OFF-KLE-10004112,Office Supplies,Supplies,"Kleencut Trimmer, Serrated",3040
OFF-SU-10002732,Office Supplies,Supplies,"Acme Box Cutter, High Speed",3054
OFF-SU-10003252,Office Supplies,Supplies,"Fiskars Trimmer, Steel",3148
OFF-SU-10002189,Office Supplies,Supplies,"Fiskars Shears, Easy Grip",3181
OFF-SU-10004091,Office Supplies,Supplies,"Elite Ruler, Serrated",3184
OFF-SU-10000898,Office Supplies,Supplies,"Acme Hot Forged Carbon Steel Scissors with Nickel-Plated Handles, 3 7/8"" Cut, 8""L",3210
OFF-SU-10000076,Office Supplies,Supplies,"Acme Trimmer, Easy Grip",3225
OFF-KLE-10004771,Office Supplies,Supplies,"Kleencut Shears, Serrated",3235
OFF-FIS-10003463,Office Supplies,Supplies,"Fiskars Letter Opener, Easy Grip",3238
OFF-STI-10002519,Office Supplies,Supplies,"Stiletto Trimmer, High Speed",3239
OFF-SU-10002710,Office Supplies,Supplies,"Fiskars Trimmer, High Speed",3264
OFF-SU-10002611,Office Supplies,Supplies,"Fiskars Ruler, Serrated",3267
OFF-SU-10004899,Office Supplies,Supplies,"Acme Scissors, Easy Grip",3288
OFF-SU-10001722,Office Supplies,Supplies,"Stiletto Box Cutter, Easy Grip",3294
OFF-SU-10004904,Office Supplies,Supplies,"Fiskars Scissors, Serrated",3296
OFF-SU-10002544,Office Supplies,Supplies,"Kleencut Box Cutter, Serrated",3327
OFF-SU-10003267,Office Supplies,Supplies,"Stiletto Scissors, Easy Grip",3354
OFF-SU-10004575,Office Supplies,Supplies,"Fiskars Letter Opener, Steel",3373
OFF-ELI-10000711,Office Supplies,Supplies,"Elite Scissors, Serrated",3394
OFF-ACM-10003978,Office Supplies,Supplies,"Acme Trimmer, High Speed",3396
OFF-SU-10001535,Office Supplies,Supplies,"Elite Box Cutter, High Speed",3420
OFF-SU-10004304,Office Supplies,Supplies,"Elite Letter Opener, Easy Grip",3443
OFF-SU-10003559,Office Supplies,Supplies,"Kleencut Ruler, Steel",3445
OFF-SU-10004782,Office Supplies,Supplies,"Elite 5"" Scissors",3470
OFF-SU-10004008,Office Supplies,Supplies,"Kleencut Letter Opener, Steel",3502
OFF-SU-10000283,Office Supplies,Supplies,"Stiletto Letter Opener, Easy Grip",3503
OFF-SU-10003803,Office Supplies,Supplies,"Acme Trimmer, Steel",3505
OFF-SU-10001573,Office Supplies,Supplies,"Kleencut Shears, Serrated",3506
OFF-SU-10001697,Office Supplies,Supplies,"Fiskars Scissors, Easy Grip",3510
OFF-KLE-10001317,Office Supplies,Supplies,"Kleencut Ruler, Easy Grip",3520
OFF-STI-10001136,Office Supplies,Supplies,"Stiletto Letter Opener, Easy Grip",3532
OFF-SU-10001879,Office Supplies,Supplies,"Acme Trimmer, High Speed",3575
OFF-SU-10001690,Office Supplies,Supplies,"Kleencut Box Cutter, Steel",3587
OFF-SU-10003804,Office Supplies,Supplies,"Kleencut Shears, Easy Grip",3592
OFF-SU-10003924,Office Supplies,Supplies,"Elite Trimmer, Steel",3613
OFF-SU-10004650,Office Supplies,Supplies,"Acme Scissors, High Speed",3663
OFF-SU-10004911,Office Supplies,Supplies,"Acme Shears, High Speed",3721
OFF-SU-10004110,Office Supplies,Supplies,"Stiletto Scissors, Serrated",3740
OFF-SU-10003719,Office Supplies,Supplies,"Stiletto Scissors, Steel",3741
OFF-ACM-10003510,Office Supplies,Supplies,"Acme Scissors, High Speed",3750
OFF-SU-10002412,Office Supplies,Supplies,"Stiletto Letter Opener, Steel",3756
OFF-SU-10002325,Office Supplies,Supplies,"Stiletto Trimmer, High Speed",3768
OFF-SU-10000649,Office Supplies,Supplies,"Fiskars Box Cutter, High Speed",3798
OFF-SU-10001686,Office Supplies,Supplies,"Kleencut Trimmer, Easy Grip",3850
OFF-SU-10003758,Office Supplies,Supplies,"Fiskars Scissors, High Speed",3853
OFF-SU-10001382,Office Supplies,Supplies,"Acme Trimmer, Serrated",3868
OFF-SU-10002785,Office Supplies,Supplies,"Fiskars Trimmer, Serrated",3888
OFF-SU-10004818,Office Supplies,Supplies,"Stiletto Trimmer, Steel",3914
OFF-ELI-10003277,Office Supplies,Supplies,"Elite Letter Opener, High Speed",3925
OFF-SU-10000343,Office Supplies,Supplies,"Stiletto Trimmer, Serrated",3933
OFF-SU-10004780,Office Supplies,Supplies,"Fiskars Box Cutter, Steel",3984
OFF-SU-10001074,Office Supplies,Supplies,"Fiskars Letter Opener, Easy Grip",3991
OFF-SU-10002816,Office Supplies,Supplies,"Kleencut Shears, Serrated",4036
OFF-SU-10003701,Office Supplies,Supplies,"Stiletto Ruler, Easy Grip",4043
OFF-SU-10001382,Office Supplies,Supplies,"Elite Trimmer, Steel",4044
OFF-SU-10003991,Office Supplies,Supplies,"Fiskars Shears, Steel",4049
OFF-SU-10000192,Office Supplies,Supplies,"Elite Trimmer, High Speed",4061
OFF-SU-10003162,Office Supplies,Supplies,"Acme Letter Opener, Steel",4067
OFF-SU-10002550,Office Supplies,Supplies,"Kleencut Scissors, Steel",4068
OFF-SU-10001021,Office Supplies,Supplies,"Fiskars Box Cutter, Serrated",4172
OFF-SU-10004452,Office Supplies,Supplies,"Elite Ruler, Steel",4189
OFF-ACM-10003715,Office Supplies,Supplies,"Acme Shears, Serrated",4231
OFF-SU-10001578,Office Supplies,Supplies,"Stiletto Shears, High Speed",4250
OFF-SU-10001618,Office Supplies,Supplies,"Kleencut Letter Opener, Easy Grip",4294
OFF-ACM-10001704,Office Supplies,Supplies,"Acme Letter Opener, Serrated",4301
OFF-SU-10003019,Office Supplies,Supplies,"Acme Letter Opener, Serrated",4312
OFF-SU-10003665,Office Supplies,Supplies,"Stiletto Letter Opener, Steel",4318
OFF-SU-10001831,Office Supplies,Supplies,"Stiletto Scissors, High Speed",4321
OFF-ELI-10002160,Office Supplies,Supplies,"Elite Scissors, Easy Grip",4341
OFF-SU-10002337,Office Supplies,Supplies,"Elite Trimmer, High Speed",4354
OFF-SU-10000906,Office Supplies,Supplies,"Fiskars Shears, High Speed",4395
OFF-KLE-10000228,Office Supplies,Supplies,"Kleencut Shears, High Speed",4398
OFF-SU-10000650,Office Supplies,Supplies,"Acme Shears, Steel",4425
OFF-SU-10003789,Office Supplies,Supplies,"Fiskars Box Cutter, Steel",4437
OFF-SU-10000885,Office Supplies,Supplies,"Elite Box Cutter, Steel",4478
OFF-SU-10004306,Office Supplies,Supplies,"Kleencut Trimmer, Steel",4487
OFF-SU-10003522,Office Supplies,Supplies,"Elite Box Cutter, Serrated",4490
OFF-SU-10001980,Office Supplies,Supplies,"Acme Letter Opener, High Speed",4516
OFF-SU-10001137,Office Supplies,Supplies,"Kleencut Scissors, High Speed",4546
OFF-SU-10004932,Office Supplies,Supplies,"Stiletto Ruler, Easy Grip",4561
OFF-SU-10000877,Office Supplies,Supplies,"Acme Scissors, Easy Grip",4564
OFF-ACM-10002301,Office Supplies,Supplies,"Acme Trimmer, Serrated",4572
OFF-SU-10000213,Office Supplies,Supplies,"Kleencut Shears, Easy Grip",4579
OFF-SU-10002649,Office Supplies,Supplies,"Elite Shears, Serrated",4587
OFF-STI-10003510,Office Supplies,Supplies,"Stiletto Trimmer, Easy Grip",4592
OFF-KLE-10002292,Office Supplies,Supplies,"Kleencut Scissors, Steel",4596
OFF-SU-10003739,Office Supplies,Supplies,"Elite Scissors, Easy Grip",4633
OFF-SU-10002227,Office Supplies,Supplies,"Elite Letter Opener, High Speed",4639
OFF-SU-10004316,Office Supplies,Supplies,"Elite Shears, High Speed",4648
OFF-SU-10001851,Office Supplies,Supplies,"Stiletto Ruler, Steel",4663
OFF-SU-10000066,Office Supplies,Supplies,"Acme Box Cutter, Serrated",4664
OFF-SU-10003749,Office Supplies,Supplies,"Fiskars Box Cutter, Easy Grip",4683
OFF-SU-10002993,Office Supplies,Supplies,"Fiskars Trimmer, High Speed",4685
OFF-SU-10000085,Office Supplies,Supplies,"Kleencut Trimmer, Steel",4717
OFF-SU-10000157,Office Supplies,Supplies,Compact Automatic Electric Letter Opener,4730
OFF-ELI-10004427,Office Supplies,Supplies,"Elite Box Cutter, Serrated",4742
OFF-ACM-10004587,Office Supplies,Supplies,"Acme Scissors, Steel",4747
OFF-SU-10002750,Office Supplies,Supplies,"Kleencut Box Cutter, Steel",4771
OFF-FIS-10000628,Office Supplies,Supplies,"Fiskars Ruler, Easy Grip",4781
OFF-SU-10001808,Office Supplies,Supplies,"Elite Shears, High Speed",4791
OFF-SU-10000707,Office Supplies,Supplies,"Stiletto Shears, Serrated",4838
OFF-SU-10004177,Office Supplies,Supplies,"Fiskars Box Cutter, Easy Grip",4884
OFF-SU-10000789,Office Supplies,Supplies,"Kleencut Box Cutter, Serrated",4903
OFF-SU-10001689,Office Supplies,Supplies,"Acme Box Cutter, Easy Grip",4908
OFF-SU-10001512,Office Supplies,Supplies,"Stiletto Shears, Easy Grip",4912
OFF-SU-10004249,Office Supplies,Supplies,"Stiletto Shears, High Speed",4913
OFF-FIS-10004882,Office Supplies,Supplies,"Fiskars Shears, Easy Grip",4920
OFF-ELI-10000443,Office Supplies,Supplies,"Elite Shears, Steel",4947
OFF-ELI-10002935,Office Supplies,Supplies,"Elite Shears, High Speed",4948
OFF-SU-10000207,Office Supplies,Supplies,"Kleencut Box Cutter, High Speed",5024
OFF-SU-10004461,Office Supplies,Supplies,"Stiletto Box Cutter, High Speed",5025
OFF-SU-10002388,Office Supplies,Supplies,"Elite Shears, Easy Grip",5030
OFF-SU-10003780,Office Supplies,Supplies,"Elite Ruler, High Speed",5045
OFF-SU-10002161,Office Supplies,Supplies,"Elite Ruler, Steel",5051
OFF-SU-10001894,Office Supplies,Supplies,"Elite Scissors, Steel",5074
OFF-SU-10001173,Office Supplies,Supplies,"Stiletto Trimmer, Easy Grip",5081
OFF-SU-10004662,Office Supplies,Supplies,"Fiskars Trimmer, Easy Grip",5092
OFF-SU-10000706,Office Supplies,Supplies,"Fiskars Ruler, Steel",5122
OFF-SU-10002962,Office Supplies,Supplies,"Acme Scissors, Serrated",5124
OFF-SU-10003879,Office Supplies,Supplies,"Kleencut Shears, High Speed",5125
OFF-SU-10004630,Office Supplies,Supplies,"Acme Shears, Steel",5147
OFF-SU-10001066,Office Supplies,Supplies,"Kleencut Box Cutter, Easy Grip",5152
OFF-SU-10004077,Office Supplies,Supplies,"Acme Letter Opener, Easy Grip",5172
OFF-SU-10001080,Office Supplies,Supplies,"Acme Letter Opener, High Speed",5211
OFF-FIS-10002949,Office Supplies,Supplies,"Fiskars Ruler, High Speed",5240
OFF-SU-10003582,Office Supplies,Supplies,"Elite Scissors, High Speed",5269
OFF-SU-10001968,Office Supplies,Supplies,"Acme Scissors, Steel",5291
OFF-SU-10002498,Office Supplies,Supplies,"Stiletto Letter Opener, High Speed",5342
OFF-SU-10000198,Office Supplies,Supplies,"Fiskars Scissors, Steel",5346
OFF-SU-10001368,Office Supplies,Supplies,"Fiskars Ruler, Serrated",5386
OFF-SU-10003683,Office Supplies,Supplies,"Kleencut Ruler, Easy Grip",5387
OFF-ACM-10001587,Office Supplies,Supplies,"Acme Box Cutter, Easy Grip",5403
OFF-FIS-10004155,Office Supplies,Supplies,"Fiskars Letter Opener, Steel",5408
OFF-SU-10000294,Office Supplies,Supplies,"Elite Trimmer, Serrated",5435
OFF-SU-10003907,Office Supplies,Supplies,"Stiletto Letter Opener, Easy Grip",5444
OFF-SU-10000932,Office Supplies,Supplies,"Fiskars Ruler, High Speed",5532
OFF-SU-10003505,Office Supplies,Supplies,Premier Electric Letter Opener,5577
OFF-SU-10004524,Office Supplies,Supplies,"Kleencut Box Cutter, High Speed",5620
OFF-SU-10003509,Office Supplies,Supplies,"Stiletto Ruler, Easy Grip",5630
OFF-SU-10002448,Office Supplies,Supplies,"Stiletto Trimmer, High Speed",5631
OFF-SU-10002547,Office Supplies,Supplies,"Acme Ruler, Steel",5647
OFF-SU-10002362,Office Supplies,Supplies,"Acme Ruler, Serrated",5650
OFF-SU-10000381,Office Supplies,Supplies,Acme Forged Steel Scissors with Black Enamel Handles,5845
OFF-SU-10004095,Office Supplies,Supplies,"Fiskars Shears, Serrated",5907
OFF-SU-10004246,Office Supplies,Supplies,"Fiskars Letter Opener, Easy Grip",5908
OFF-SU-10002215,Office Supplies,Supplies,"Elite Ruler, High Speed",5909
OFF-ELI-10003004,Office Supplies,Supplies,"Elite Ruler, Easy Grip",5944
OFF-SU-10003157,Office Supplies,Supplies,"Elite Letter Opener, Steel",5948
OFF-SU-10003966,Office Supplies,Supplies,"Kleencut Trimmer, Serrated",5955
OFF-SU-10002152,Office Supplies,Supplies,"Fiskars Shears, Serrated",6004
OFF-SU-10000954,Office Supplies,Supplies,"Acme Scissors, High Speed",6006
OFF-SU-10003651,Office Supplies,Supplies,"Elite Ruler, Serrated",6069
OFF-SU-10004198,Office Supplies,Supplies,"Kleencut Scissors, Easy Grip",6070
OFF-SU-10003355,Office Supplies,Supplies,"Acme Trimmer, Steel",6091
OFF-SU-10004514,Office Supplies,Supplies,"Elite Letter Opener, Easy Grip",6092
OFF-SU-10003671,Office Supplies,Supplies,"Fiskars Scissors, High Speed",6098
OFF-SU-10001891,Office Supplies,Supplies,"Stiletto Box Cutter, Easy Grip",6099
OFF-SU-10002002,Office Supplies,Supplies,"Fiskars Scissors, Steel",6100
OFF-SU-10004659,Office Supplies,Supplies,"Elite Letter Opener, Easy Grip",6134
OFF-SU-10000388,Office Supplies,Supplies,"Acme Ruler, Serrated",6145
OFF-SU-10004643,Office Supplies,Supplies,"Elite Trimmer, Easy Grip",6150
OFF-SU-10001909,Office Supplies,Supplies,"Fiskars Scissors, Steel",6167
OFF-SU-10004655,Office Supplies,Supplies,"Stiletto Trimmer, Steel",6172
OFF-SU-10003234,Office Supplies,Supplies,"Acme Box Cutter, Easy Grip",6179
OFF-SU-10000776,Office Supplies,Supplies,"Elite Letter Opener, Steel",6180
OFF-SU-10001992,Office Supplies,Supplies,"Stiletto Ruler, Serrated",6256
OFF-SU-10001868,Office Supplies,Supplies,"Elite Box Cutter, Steel",6264
OFF-SU-10003357,Office Supplies,Supplies,"Fiskars Shears, Steel",6284
OFF-SU-10004814,Office Supplies,Supplies,"Fiskars Shears, High Speed",6294
OFF-SU-10002521,Office Supplies,Supplies,"Kleencut Box Cutter, Steel",6305
OFF-SU-10003002,Office Supplies,Supplies,Letter Slitter,6368
OFF-SU-10004261,Office Supplies,Supplies,"Fiskars 8"" Scissors, 2/Pack",6378
OFF-SU-10004768,Office Supplies,Supplies,Acme Kleencut Forged Steel Scissors,6429
OFF-SU-10000646,Office Supplies,Supplies,Premier Automatic Letter Opener,6452
OFF-SU-10002522,Office Supplies,Supplies,Acme Kleen Earth Office Shears,6470
OFF-ACM-10000476,Office Supplies,Supplies,"Acme Letter Opener, Easy Grip",6490
OFF-SU-10002983,Office Supplies,Supplies,"Acme Trimmer, High Speed",6493
OFF-SU-10001421,Office Supplies,Supplies,"Acme Shears, Easy Grip",6494
OFF-SU-10001233,Office Supplies,Supplies,"Stiletto Trimmer, Serrated",6495
OFF-SU-10002379,Office Supplies,Supplies,"Fiskars Letter Opener, High Speed",6506
OFF-SU-10001125,Office Supplies,Supplies,"Stiletto Letter Opener, High Speed",6509
OFF-SU-10001132,Office Supplies,Supplies,"Fiskars Trimmer, Serrated",6518
OFF-SU-10001791,Office Supplies,Supplies,"Elite Box Cutter, Serrated",6539
OFF-SU-10004435,Office Supplies,Supplies,"Stiletto Shears, Serrated",6566
OFF-SU-10001552,Office Supplies,Supplies,"Kleencut Trimmer, Easy Grip",6581
OFF-SU-10001500,Office Supplies,Supplies,"Kleencut Box Cutter, Serrated",6622
OFF-SU-10000164,Office Supplies,Supplies,"Kleencut Box Cutter, High Speed",6625
OFF-SU-10002402,Office Supplies,Supplies,"Stiletto Box Cutter, Steel",6640
OFF-SU-10002466,Office Supplies,Supplies,"Elite Shears, Easy Grip",6674
OFF-SU-10000484,Office Supplies,Supplies,"Kleencut Ruler, High Speed",6700
OFF-SU-10001346,Office Supplies,Supplies,"Stiletto Shears, Steel",6701
OFF-FIS-10002703,Office Supplies,Supplies,"Fiskars Letter Opener, Easy Grip",6710
OFF-ELI-10001057,Office Supplies,Supplies,"Elite Trimmer, Serrated",6711
OFF-SU-10003567,Office Supplies,Supplies,Stiletto Hand Letter Openers,6762
OFF-SU-10004498,Office Supplies,Supplies,Martin-Yale Premier Letter Opener,6768
OFF-SU-10000946,Office Supplies,Supplies,Staples,6783
OFF-STI-10000697,Office Supplies,Supplies,"Stiletto Ruler, High Speed",6784
OFF-SU-10001848,Office Supplies,Supplies,"Kleencut Ruler, Easy Grip",6872
OFF-SU-10000835,Office Supplies,Supplies,"Acme Box Cutter, Steel",6874
OFF-SU-10003527,Office Supplies,Supplies,"Elite Ruler, Easy Grip",6925
OFF-SU-10000216,Office Supplies,Supplies,"Stiletto Ruler, Steel",6932
OFF-SU-10000496,Office Supplies,Supplies,"Fiskars Scissors, Steel",6946
OFF-SU-10002653,Office Supplies,Supplies,"Kleencut Letter Opener, High Speed",6966
OFF-SU-10004236,Office Supplies,Supplies,"Stiletto Letter Opener, Steel",7031
OFF-SU-10001351,Office Supplies,Supplies,"Stiletto Letter Opener, Steel",7050
OFF-SU-10003343,Office Supplies,Supplies,"Kleencut Shears, Steel",7051
OFF-ELI-10002337,Office Supplies,Supplies,"Elite Box Cutter, High Speed",7064
OFF-FIS-10004183,Office Supplies,Supplies,"Fiskars Scissors, Serrated",7080
OFF-SU-10004711,Office Supplies,Supplies,"Acme Trimmer, Serrated",7122
OFF-SU-10003951,Office Supplies,Supplies,"Elite Shears, Easy Grip",7128
OFF-SU-10000782,Office Supplies,Supplies,"Fiskars Shears, Serrated",7136
OFF-SU-10000079,Office Supplies,Supplies,"Fiskars Trimmer, Serrated",7144
OFF-SU-10000514,Office Supplies,Supplies,"Kleencut Shears, High Speed",7163
OFF-SU-10003456,Office Supplies,Supplies,"Elite Letter Opener, Easy Grip",7192
OFF-SU-10003556,Office Supplies,Supplies,"Fiskars Trimmer, Easy Grip",7194
OFF-SU-10002342,Office Supplies,Supplies,"Kleencut Scissors, Steel",7195
OFF-ELI-10004597,Office Supplies,Supplies,"Elite Box Cutter, Steel",7237
OFF-SU-10000272,Office Supplies,Supplies,"Stiletto Letter Opener, Easy Grip",7257
OFF-SU-10004244,Office Supplies,Supplies,"Elite Letter Opener, Easy Grip",7338
OFF-SU-10004662,Office Supplies,Supplies,"Elite Scissors, Serrated",7343
OFF-SU-10001750,Office Supplies,Supplies,"Stiletto Trimmer, High Speed",7346
OFF-SU-10002301,Office Supplies,Supplies,Serrated Blade or Curved Handle Hand Letter Openers,7385
OFF-SU-10000320,Office Supplies,Supplies,"Fiskars Shears, High Speed",7448
OFF-SU-10000105,Office Supplies,Supplies,"Fiskars Shears, Easy Grip",7449
OFF-SU-10004115,Office Supplies,Supplies,Acme Stainless Steel Office Snips,7460
OFF-SU-10004980,Office Supplies,Supplies,"Acme Trimmer, Steel",7478
OFF-SU-10003277,Office Supplies,Supplies,"Elite Ruler, Serrated",7482
OFF-SU-10004873,Office Supplies,Supplies,"Fiskars Box Cutter, Easy Grip",7484
OFF-SU-10004771,Office Supplies,Supplies,"Elite Ruler, Easy Grip",7505
OFF-SU-10003629,Office Supplies,Supplies,"Fiskars Letter Opener, Easy Grip",7515
OFF-SU-10004496,Office Supplies,Supplies,"Kleencut Scissors, Easy Grip",7561
OFF-SU-10001407,Office Supplies,Supplies,"Fiskars Trimmer, Easy Grip",7567
OFF-SU-10003863,Office Supplies,Supplies,"Kleencut Letter Opener, High Speed",7574
OFF-SU-10000618,Office Supplies,Supplies,"Acme Trimmer, High Speed",7575
OFF-ACM-10003278,Office Supplies,Supplies,"Acme Trimmer, Easy Grip",7615
OFF-SU-10003160,Office Supplies,Supplies,"Acme Ruler, High Speed",7697
OFF-SU-10000822,Office Supplies,Supplies,"Fiskars Letter Opener, Steel",7706
OFF-SU-10002135,Office Supplies,Supplies,"Fiskars Shears, Easy Grip",7732
OFF-SU-10000452,Office Supplies,Supplies,"Fiskars Letter Opener, Steel",7734
OFF-SU-10000427,Office Supplies,Supplies,"Fiskars Trimmer, Steel",7737
OFF-SU-10003259,Office Supplies,Supplies,"Elite Trimmer, Easy Grip",7772
OFF-SU-10003332,Office Supplies,Supplies,"Elite Letter Opener, Steel",7774
OFF-SU-10000255,Office Supplies,Supplies,"Elite Box Cutter, High Speed",7812
OFF-SU-10000925,Office Supplies,Supplies,"Fiskars Box Cutter, High Speed",7820
OFF-SU-10004119,Office Supplies,Supplies,"Acme Trimmer, Steel",7821
OFF-SU-10001891,Office Supplies,Supplies,"Acme Ruler, Easy Grip",7827
OFF-SU-10002573,Office Supplies,Supplies,"Acme 10"" Easy Grip Assistive Scissors",7853
OFF-SU-10003632,Office Supplies,Supplies,"Stiletto Ruler, High Speed",7879
OFF-SU-10004497,Office Supplies,Supplies,"Elite Scissors, Serrated",7899
OFF-SU-10001343,Office Supplies,Supplies,"Elite Scissors, High Speed",7901
OFF-SU-10004658,Office Supplies,Supplies,"Stiletto Letter Opener, Easy Grip",7928
OFF-KLE-10004543,Office Supplies,Supplies,"Kleencut Ruler, High Speed",7936
OFF-SU-10002670,Office Supplies,Supplies,"Stiletto Box Cutter, High Speed",7961
OFF-SU-10003624,Office Supplies,Supplies,"Stiletto Scissors, High Speed",7976
OFF-SU-10003072,Office Supplies,Supplies,"Elite Trimmer, Serrated",7989
OFF-SU-10003211,Office Supplies,Supplies,"Acme Ruler, Steel",7991
OFF-SU-10002445,Office Supplies,Supplies,"Fiskars Trimmer, High Speed",8058
OFF-SU-10004888,Office Supplies,Supplies,"Stiletto Shears, Steel",8067
OFF-SU-10003130,Office Supplies,Supplies,"Acme Trimmer, Serrated",8086
OFF-SU-10004283,Office Supplies,Supplies,"Elite Shears, Steel",8088
OFF-SU-10001337,Office Supplies,Supplies,"Fiskars Box Cutter, Easy Grip",8110
OFF-SU-10001515,Office Supplies,Supplies,"Kleencut Box Cutter, Easy Grip",8113
OFF-SU-10004664,Office Supplies,Supplies,Acme Softgrip Scissors,8134
OFF-SU-10001592,Office Supplies,Supplies,"Kleencut Letter Opener, Easy Grip",8140
OFF-SU-10002027,Office Supplies,Supplies,"Stiletto Letter Opener, High Speed",8157
OFF-SU-10003483,Office Supplies,Supplies,"Fiskars Letter Opener, Easy Grip",8162
OFF-SU-10000148,Office Supplies,Supplies,"Stiletto Ruler, Serrated",8172
OFF-KLE-10001699,Office Supplies,Supplies,"Kleencut Letter Opener, Easy Grip",8207
OFF-SU-10000432,Office Supplies,Supplies,Acco Side-Punched Conventional Columnar Pads,8278
OFF-SU-10002032,Office Supplies,Supplies,"Fiskars Ruler, Steel",8323
OFF-SU-10004762,Office Supplies,Supplies,"Fiskars Ruler, Steel",8336
OFF-FIS-10004721,Office Supplies,Supplies,"Fiskars Box Cutter, Serrated",8351
OFF-ACM-10003591,Office Supplies,Supplies,"Acme Trimmer, Steel",8392
OFF-SU-10000817,Office Supplies,Supplies,"Acme Box Cutter, Serrated",8405
OFF-SU-10004872,Office Supplies,Supplies,"Elite Letter Opener, Easy Grip",8421
OFF-SU-10002503,Office Supplies,Supplies,Acme Preferred Stainless Steel Scissors,8425
OFF-SU-10004794,Office Supplies,Supplies,"Stiletto Shears, Steel",8451
OFF-FIS-10001549,Office Supplies,Supplies,"Fiskars Shears, Serrated",8455
OFF-SU-10003535,Office Supplies,Supplies,"Elite Box Cutter, Easy Grip",8457
OFF-FIS-10002924,Office Supplies,Supplies,"Fiskars Scissors, High Speed",8479
OFF-ELI-10003911,Office Supplies,Supplies,"Elite Shears, Serrated",8494
OFF-ACM-10002045,Office Supplies,Supplies,"Acme Shears, High Speed",8519
OFF-KLE-10001381,Office Supplies,Supplies,"Kleencut Scissors, Easy Grip",8532
OFF-SU-10001212,Office Supplies,Supplies,Kleencut Forged Office Shears by Acme United Corporation,8583
OFF-SU-10000997,Office Supplies,Supplies,"Fiskars Shears, Easy Grip",8611
OFF-SU-10004192,Office Supplies,Supplies,"Fiskars Ruler, Easy Grip",8634
OFF-SU-10000153,Office Supplies,Supplies,"Acme Shears, High Speed",8671
OFF-ELI-10001507,Office Supplies,Supplies,"Elite Scissors, Steel",8680
OFF-SU-10001476,Office Supplies,Supplies,"Fiskars Scissors, Easy Grip",8701
OFF-SU-10000150,Office Supplies,Supplies,"Stiletto Ruler, Steel",8731
OFF-ELI-10000797,Office Supplies,Supplies,"Elite Ruler, High Speed",8738
OFF-KLE-10003497,Office Supplies,Supplies,"Kleencut Box Cutter, Steel",8747
OFF-KLE-10003227,Office Supplies,Supplies,"Kleencut Ruler, Steel",8748
OFF-SU-10000969,Office Supplies,Supplies,"Fiskars Box Cutter, Serrated",8753
OFF-KLE-10000466,Office Supplies,Supplies,"Kleencut Letter Opener, Easy Grip",8785
OFF-SU-10001397,Office Supplies,Supplies,"Acme Box Cutter, Steel",8801
OFF-STI-10000856,Office Supplies,Supplies,"Stiletto Shears, Easy Grip",8816
OFF-ELI-10001351,Office Supplies,Supplies,"Elite Trimmer, Easy Grip",8835
OFF-SU-10001535,Office Supplies,Supplies,"Stiletto Trimmer, Easy Grip",8874
OFF-ELI-10001904,Office Supplies,Supplies,"Elite Letter Opener, Steel",8879
OFF-SU-10001968,Office Supplies,Supplies,"Kleencut Letter Opener, Easy Grip",8882
OFF-SU-10003485,Office Supplies,Supplies,"Elite Letter Opener, Easy Grip",8886
OFF-SU-10004481,Office Supplies,Supplies,"Stiletto Shears, Serrated",8890
OFF-SU-10000926,Office Supplies,Supplies,"Acme Trimmer, Easy Grip",8904
OFF-SU-10000087,Office Supplies,Supplies,"Stiletto Ruler, High Speed",8914
OFF-FIS-10002759,Office Supplies,Supplies,"Fiskars Letter Opener, High Speed",8930
OFF-SU-10003098,Office Supplies,Supplies,"Kleencut Scissors, Easy Grip",8995
OFF-SU-10004462,Office Supplies,Supplies,"Stiletto Scissors, Serrated",9006
OFF-SU-10004822,Office Supplies,Supplies,"Acme Letter Opener, Serrated",9032
OFF-SU-10003236,Office Supplies,Supplies,"Fiskars Scissors, High Speed",9050
OFF-SU-10001086,Office Supplies,Supplies,"Fiskars Scissors, Easy Grip",9065
OFF-SU-10004627,Office Supplies,Supplies,"Stiletto Box Cutter, High Speed",9069
OFF-SU-10002900,Office Supplies,Supplies,"Kleencut Trimmer, Easy Grip",9116
OFF-SU-10003632,Office Supplies,Supplies,"Acme Letter Opener, Easy Grip",9135
OFF-SU-10002131,Office Supplies,Supplies,"Elite Scissors, Serrated",9137
OFF-SU-10004884,Office Supplies,Supplies,Acme Galleria Hot Forged Steel Scissors with Colored Handles,9148
OFF-SU-10000952,Office Supplies,Supplies,Fiskars Home & Office Scissors,9188
OFF-SU-10003544,Office Supplies,Supplies,"Kleencut Scissors, High Speed",9242
OFF-FIS-10002661,Office Supplies,Supplies,"Fiskars Shears, Steel",9255
OFF-SU-10004401,Office Supplies,Supplies,"Acme Shears, High Speed",9265
OFF-STI-10001957,Office Supplies,Supplies,"Stiletto Ruler, Serrated",9275
OFF-SU-10001683,Office Supplies,Supplies,"Kleencut Ruler, Steel",9283
OFF-SU-10002419,Office Supplies,Supplies,"Fiskars Letter Opener, Easy Grip",9303
OFF-SU-10001703,Office Supplies,Supplies,"Fiskars Box Cutter, High Speed",9322
OFF-SU-10001586,Office Supplies,Supplies,"Kleencut Trimmer, Steel",9323
OFF-SU-10002344,Office Supplies,Supplies,"Stiletto Box Cutter, Serrated",9334
OFF-SU-10001624,Office Supplies,Supplies,"Kleencut Ruler, High Speed",9342
OFF-SU-10004480,Office Supplies,Supplies,"Fiskars Box Cutter, Serrated",9350
OFF-SU-10002566,Office Supplies,Supplies,"Stiletto Trimmer, Steel",9412
OFF-SU-10002214,Office Supplies,Supplies,"Kleencut Letter Opener, Easy Grip",9413
OFF-SU-10000480,Office Supplies,Supplies,"Elite Box Cutter, Serrated",9422
OFF-SU-10001409,Office Supplies,Supplies,"Stiletto Scissors, Serrated",9427
OFF-SU-10000596,Office Supplies,Supplies,"Stiletto Trimmer, Steel",9439
OFF-SU-10004802,Office Supplies,Supplies,"Stiletto Shears, Serrated",9441
OFF-SU-10001087,Office Supplies,Supplies,"Elite Shears, Easy Grip",9448
OFF-SU-10004048,Office Supplies,Supplies,"Kleencut Shears, High Speed",9471
OFF-SU-10000697,Office Supplies,Supplies,"Kleencut Ruler, Serrated",9472
OFF-SU-10003191,Office Supplies,Supplies,"Stiletto Scissors, Easy Grip",9477
OFF-SU-10000180,Office Supplies,Supplies,"Acme Shears, Serrated",9485
OFF-SU-10003723,Office Supplies,Supplies,"Elite Shears, High Speed",9510
OFF-SU-10003511,Office Supplies,Supplies,"Kleencut Ruler, High Speed",9520
OFF-SU-10003118,Office Supplies,Supplies,"Acme Shears, Easy Grip",9533
OFF-SU-10002599,Office Supplies,Supplies,"Stiletto Letter Opener, Easy Grip",9536
OFF-ACM-10000277,Office Supplies,Supplies,"Acme Ruler, High Speed",9548
OFF-SU-10003473,Office Supplies,Supplies,"Elite Trimmer, Steel",9555
OFF-SU-10004434,Office Supplies,Supplies,"Kleencut Box Cutter, Easy Grip",9556
OFF-SU-10003592,Office Supplies,Supplies,"Acme Ruler, High Speed",9557
OFF-SU-10000130,Office Supplies,Supplies,"Fiskars Ruler, High Speed",9566
OFF-SU-10002627,Office Supplies,Supplies,"Kleencut Scissors, Serrated",9609
OFF-SU-10003040,Office Supplies,Supplies,"Stiletto Box Cutter, Serrated",9613
OFF-SU-10003474,Office Supplies,Supplies,"Elite Box Cutter, Easy Grip",9621
OFF-SU-10002849,Office Supplies,Supplies,"Kleencut Ruler, Serrated",9624
OFF-SU-10000979,Office Supplies,Supplies,"Acme Letter Opener, Easy Grip",9627
OFF-SU-10000304,Office Supplies,Supplies,"Kleencut Ruler, Serrated",9655
OFF-SU-10000695,Office Supplies,Supplies,"Kleencut Trimmer, Serrated",9657
OFF-SU-10003209,Office Supplies,Supplies,"Elite Scissors, Easy Grip",9659
OFF-SU-10004244,Office Supplies,Supplies,"Fiskars Ruler, High Speed",9706
OFF-SU-10002934,Office Supplies,Supplies,"Elite Shears, Serrated",9749
OFF-SU-10003428,Office Supplies,Supplies,"Kleencut Box Cutter, High Speed",9755
OFF-ACM-10001029,Office Supplies,Supplies,"Acme Box Cutter, Serrated",9761
OFF-SU-10003537,Office Supplies,Supplies,"Stiletto Letter Opener, Easy Grip",9799
OFF-SU-10004784,Office Supplies,Supplies,"Elite Trimmer, Steel",9811
OFF-SU-10004087,Office Supplies,Supplies,"Elite Scissors, Steel",9813
OFF-SU-10003936,Office Supplies,Supplies,Acme Serrated Blade Letter Opener,9830
OFF-SU-10004290,Office Supplies,Supplies,"Acme Design Line 8"" Stainless Steel Bent Scissors w/Champagne Handles, 3-1/8"" Cut",9831
OFF-SU-10001218,Office Supplies,Supplies,Fiskars Softgrip Scissors,9832
OFF-SU-10002189,Office Supplies,Supplies,Acme Rosewood Handle Letter Opener,9895
OFF-SU-10000705,Office Supplies,Supplies,"Stiletto Shears, High Speed",9940
OFF-SU-10004791,Office Supplies,Supplies,"Fiskars Letter Opener, Easy Grip",9972
OFF-SU-10002414,Office Supplies,Supplies,"Stiletto Ruler, Easy Grip",9978
OFF-SU-10003137,Office Supplies,Supplies,"Fiskars Letter Opener, Steel",9991
OFF-SU-10003540,Office Supplies,Supplies,"Acme Shears, Serrated",10016
OFF-SU-10001698,Office Supplies,Supplies,"Stiletto Box Cutter, Steel",10037
OFF-SU-10002214,Office Supplies,Supplies,"Stiletto Box Cutter, Serrated",10040
OFF-SU-10001185,Office Supplies,Supplies,"Acme Letter Opener, Steel",10084
OFF-SU-10003545,Office Supplies,Supplies,"Fiskars Box Cutter, Serrated",10085
OFF-SU-10000047,Office Supplies,Supplies,"Kleencut Box Cutter, Steel",10086
OFF-SU-10003973,Office Supplies,Supplies,"Elite Trimmer, Easy Grip",10091
OFF-SU-10000256,Office Supplies,Supplies,"Acme Scissors, Steel",10120
OFF-SU-10001506,Office Supplies,Supplies,"Kleencut Letter Opener, Steel",10138
OFF-STI-10000937,Office Supplies,Supplies,"Stiletto Scissors, High Speed",10180
OFF-SU-10003659,Office Supplies,Supplies,"Fiskars Trimmer, Steel",10186
OFF-SU-10003085,Office Supplies,Supplies,"Stiletto Ruler, Easy Grip",10199
OFF-SU-10004317,Office Supplies,Supplies,"Kleencut Box Cutter, Easy Grip",10219
OFF-SU-10001412,Office Supplies,Supplies,"Fiskars Scissors, High Speed",10240
OFF-SU-10001595,Office Supplies,Supplies,"Kleencut Shears, Serrated",10241
OFF-ELI-10003732,Office Supplies,Supplies,"Elite Letter Opener, Easy Grip",10254
OFF-SU-10000151,Office Supplies,Supplies,High Speed Automatic Electric Letter Opener,10276
OFF-SU-10004737,Office Supplies,Supplies,Acme Design Stainless Steel Bent Scissors,10309
OFF-SU-10004799,Office Supplies,Supplies,"Elite Ruler, Steel",10373
OFF-SU-10002230,Office Supplies,Supplies,"Fiskars Trimmer, Serrated",10374
OFF-SU-10001554,Office Supplies,Supplies,"Acme Trimmer, Serrated",10380
OFF-SU-10000113,Office Supplies,Supplies,"Acme Shears, Easy Grip",10381
OFF-ELI-10000541,Office Supplies,Supplies,"Elite Trimmer, High Speed",10389
OFF-SU-10000925,Office Supplies,Supplies,"Acme Shears, Easy Grip",10417
OFF-ACM-10002713,Office Supplies,Supplies,"Acme Box Cutter, Steel",10426
OFF-SU-10003866,Office Supplies,Supplies,"Acme Ruler, Easy Grip",10453
OFF-SU-10004919,Office Supplies,Supplies,"Acme Letter Opener, High Speed",10464
OFF-SU-10002831,Office Supplies,Supplies,"Acme Scissors, High Speed",10515
OFF-SU-10000171,Office Supplies,Supplies,"Stiletto Shears, Easy Grip",10543
OFF-SU-10001124,Office Supplies,Supplies,"Acme Trimmer, High Speed",10548
OFF-SU-10001840,Office Supplies,Supplies,"Stiletto Box Cutter, High Speed",10568
OFF-SU-10002429,Office Supplies,Supplies,"Fiskars Box Cutter, Steel",10588
OFF-SU-10004373,Office Supplies,Supplies,"Kleencut Scissors, Steel",10597
OFF-SU-10003229,Office Supplies,Supplies,"Stiletto Trimmer, Easy Grip",10608
OFF-SU-10003046,Office Supplies,Supplies,"Elite Letter Opener, Steel",10669
OFF-SU-10001406,Office Supplies,Supplies,"Fiskars Box Cutter, High Speed",10685
OFF-SU-10001455,Office Supplies,Supplies,"Acme Box Cutter, Easy Grip",10692
OFF-SU-10000289,Office Supplies,Supplies,"Kleencut Ruler, Easy Grip",10716
OFF-SU-10001087,Office Supplies,Supplies,"Kleencut Box Cutter, Serrated",10720
OFF-SU-10002775,Office Supplies,Supplies,"Fiskars Box Cutter, Steel",10738
TEC-MA-10002267,Technology,Machines,"Konica Calculator, White",14
TEC-OKI-10002736,Technology,Machines,"Okidata Card Printer, Red",56
TEC-OKI-10001433,Technology,Machines,"Okidata Calculator, Red",141
TEC-EPS-10002212,Technology,Machines,"Epson Receipt Printer, White",142
TEC-KON-10001624,Technology,Machines,"Konica Receipt Printer, Durable",153
TEC-STA-10003330,Technology,Machines,"StarTech Printer, Red",156
TEC-MA-10004985,Technology,Machines,"StarTech Card Printer, Durable",168
TEC-MA-10003909,Technology,Machines,"StarTech Calculator, Red",175
TEC-STA-10001407,Technology,Machines,"StarTech Phone, Wireless",220
TEC-OKI-10000616,Technology,Machines,"Okidata Card Printer, Durable",221
TEC-STA-10004542,Technology,Machines,"StarTech Calculator, Durable",236
TEC-OKI-10000794,Technology,Machines,"Okidata Calculator, White",237
TEC-PAN-10000092,Technology,Machines,"Panasonic Inkjet, Red",238
TEC-EPS-10004558,Technology,Machines,"Epson Inkjet, Durable",297
TEC-STA-10001487,Technology,Machines,"StarTech Calculator, White",326
TEC-STA-10004834,Technology,Machines,"StarTech Receipt Printer, Red",329
TEC-MA-10002520,Technology,Machines,"Panasonic Receipt Printer, White",341
TEC-MA-10004421,Technology,Machines,"Konica Inkjet, Wireless",363
TEC-MA-10003441,Technology,Machines,"Okidata Inkjet, Wireless",416
TEC-MA-10002029,Technology,Machines,"StarTech Receipt Printer, Durable",453
TEC-MA-10002998,Technology,Machines,"Okidata Receipt Printer, Durable",471
TEC-PAN-10002690,Technology,Machines,"Panasonic Card Printer, Wireless",511
TEC-MA-10003553,Technology,Machines,"Epson Printer, Red",530
TEC-MA-10002468,Technology,Machines,"Panasonic Inkjet, White",542
TEC-EPS-10003473,Technology,Machines,"Epson Phone, Wireless",564
TEC-MA-10003515,Technology,Machines,"Panasonic Printer, Red",589
TEC-EPS-10004171,Technology,Machines,"Epson Calculator, Red",599
TEC-MA-10000429,Technology,Machines,"Konica Card Printer, Red",613
TEC-MA-10002827,Technology,Machines,"StarTech Printer, Red",614
TEC-MA-10001372,Technology,Machines,"Konica Card Printer, White",615
TEC-KON-10002194,Technology,Machines,"Konica Printer, White",698
TEC-KON-10001017,Technology,Machines,"Konica Receipt Printer, White",702
TEC-OKI-10000372,Technology,Machines,"Okidata Inkjet, Durable",718
TEC-MA-10000868,Technology,Machines,"Panasonic Phone, Wireless",756
TEC-MA-10000606,Technology,Machines,"Epson Phone, Wireless",780
TEC-MA-10002149,Technology,Machines,"Panasonic Receipt Printer, Durable",804
TEC-EPS-10004328,Technology,Machines,"Epson Printer, Durable",946
TEC-STA-10000699,Technology,Machines,"StarTech Phone, Red",947
TEC-STA-10002650,Technology,Machines,"StarTech Card Printer, Wireless",1001
TEC-PAN-10004651,Technology,Machines,"Panasonic Phone, White",1061
TEC-MA-10002039,Technology,Machines,"Panasonic Calculator, Wireless",1129
TEC-MA-10004897,Technology,Machines,"StarTech Calculator, White",1133
TEC-PAN-10000878,Technology,Machines,"Panasonic Phone, Wireless",1229
TEC-KON-10003116,Technology,Machines,"Konica Receipt Printer, Red",1262
TEC-OKI-10003868,Technology,Machines,"Okidata Printer, Wireless",1267
TEC-KON-10000091,Technology,Machines,"Konica Calculator, Red",1305
TEC-PAN-10002454,Technology,Machines,"Panasonic Phone, Red",1311
TEC-EPS-10001323,Technology,Machines,"Epson Calculator, Wireless",1321
TEC-KON-10003726,Technology,Machines,"Konica Card Printer, Wireless",1322
TEC-EPS-10001129,Technology,Machines,"Epson Inkjet, White",1323
TEC-MA-10001009,Technology,Machines,"Panasonic Inkjet, Red",1350
TEC-OKI-10000592,Technology,Machines,"Okidata Phone, White",1390
TEC-KON-10000005,Technology,Machines,"Konica Phone, Durable",1395
TEC-STA-10002286,Technology,Machines,"StarTech Receipt Printer, White",1417
TEC-STA-10003550,Technology,Machines,"StarTech Card Printer, Red",1418
TEC-MA-10001494,Technology,Machines,"Okidata Inkjet, Durable",1433
TEC-MA-10000110,Technology,Machines,"StarTech Phone, Wireless",1512
TEC-MA-10001475,Technology,Machines,"StarTech Receipt Printer, Wireless",1526
TEC-MA-10001825,Technology,Machines,"Epson Calculator, Durable",1535
TEC-MA-10003101,Technology,Machines,"Panasonic Receipt Printer, Wireless",1542
TEC-MA-10002165,Technology,Machines,"Konica Card Printer, Red",1707
TEC-MA-10002864,Technology,Machines,"Panasonic Card Printer, Durable",1709
TEC-PAN-10002884,Technology,Machines,"Panasonic Inkjet, Wireless",1741
TEC-OKI-10003050,Technology,Machines,"Okidata Card Printer, White",1755
TEC-MA-10001335,Technology,Machines,"Epson Printer, Durable",1783
TEC-EPS-10001651,Technology,Machines,"Epson Phone, White",1796
TEC-EPS-10002523,Technology,Machines,"Epson Card Printer, White",1797
TEC-MA-10001127,Technology,Machines,"HP Designjet T520 Inkjet Large Format Printer - 24"" Color",1832
TEC-MA-10002710,Technology,Machines,"Okidata Printer, Durable",1880
TEC-MA-10002779,Technology,Machines,"Panasonic Receipt Printer, Red",1939
TEC-STA-10001232,Technology,Machines,"StarTech Phone, Durable",1960
TEC-OKI-10004199,Technology,Machines,"Okidata Receipt Printer, White",1961
TEC-STA-10003386,Technology,Machines,"StarTech Inkjet, Wireless",1985
TEC-KON-10002034,Technology,Machines,"Konica Receipt Printer, Wireless",1986
TEC-MA-10000753,Technology,Machines,"Epson Printer, Red",2068
TEC-MA-10001128,Technology,Machines,"StarTech Card Printer, White",2108
TEC-MA-10001330,Technology,Machines,"Konica Card Printer, Red",2183
TEC-MA-10001546,Technology,Machines,"Okidata Phone, Red",2190
TEC-MA-10004997,Technology,Machines,"Konica Receipt Printer, Red",2237
TEC-MA-10000488,Technology,Machines,Bady BDG101FRU Card Printer,2300
TEC-MA-10002729,Technology,Machines,"StarTech Receipt Printer, Red",2345
TEC-MA-10000161,Technology,Machines,"Konica Receipt Printer, Durable",2358
TEC-KON-10003077,Technology,Machines,"Konica Calculator, Wireless",2406
TEC-MA-10004613,Technology,Machines,"Okidata Phone, White",2414
TEC-MA-10003170,Technology,Machines,"Konica Calculator, Wireless",2427
TEC-MA-10001607,Technology,Machines,"Konica Phone, Durable",2428
TEC-MA-10000606,Technology,Machines,"Okidata Printer, White",2429
TEC-OKI-10001385,Technology,Machines,"Okidata Inkjet, White",2457
TEC-STA-10004181,Technology,Machines,"StarTech Inkjet, Durable",2466
TEC-STA-10004536,Technology,Machines,"StarTech Inkjet, Wireless",2523
TEC-STA-10003925,Technology,Machines,"StarTech Card Printer, Durable",2535
TEC-STA-10000546,Technology,Machines,"StarTech Calculator, Red",2550
TEC-KON-10000837,Technology,Machines,"Konica Printer, Durable",2551
TEC-OKI-10003221,Technology,Machines,"Okidata Receipt Printer, Red",2552
TEC-MA-10002633,Technology,Machines,"StarTech Inkjet, Durable",2636
TEC-MA-10003486,Technology,Machines,"StarTech Phone, White",2658
TEC-EPS-10003962,Technology,Machines,"Epson Card Printer, Durable",2708
TEC-KON-10003211,Technology,Machines,"Konica Inkjet, White",2709
TEC-KON-10000302,Technology,Machines,"Konica Phone, White",2721
TEC-MA-10004172,Technology,Machines,"Konica Printer, Red",2757
TEC-MA-10004428,Technology,Machines,"Panasonic Card Printer, Durable",2835
TEC-MA-10004502,Technology,Machines,"Epson Inkjet, Wireless",2917
TEC-MA-10004298,Technology,Machines,"Panasonic Calculator, Durable",2957
TEC-MA-10001711,Technology,Machines,"Konica Phone, White",3011
TEC-MA-10001305,Technology,Machines,"Okidata Card Printer, White",3050
TEC-MA-10004059,Technology,Machines,"Epson Inkjet, White",3067
TEC-MA-10003557,Technology,Machines,"Panasonic Inkjet, Durable",3076
TEC-MA-10002340,Technology,Machines,"Konica Receipt Printer, White",3080
TEC-MA-10003078,Technology,Machines,"Epson Printer, White",3120
TEC-MA-10003223,Technology,Machines,"StarTech Inkjet, Durable",3127
TEC-MA-10004323,Technology,Machines,"Konica Calculator, Durable",3128
TEC-MA-10003198,Technology,Machines,"Konica Phone, White",3129
TEC-MA-10004669,Technology,Machines,"Epson Inkjet, Wireless",3135
TEC-OKI-10002547,Technology,Machines,"Okidata Phone, Durable",3252
TEC-MA-10001210,Technology,Machines,"Okidata Calculator, Durable",3324
TEC-MA-10003280,Technology,Machines,"Panasonic Receipt Printer, White",3334
TEC-MA-10000327,Technology,Machines,"Epson Phone, Durable",3355
TEC-MA-10004323,Technology,Machines,"Panasonic Phone, White",3356
TEC-MA-10001831,Technology,Machines,"Konica Card Printer, Durable",3381
TEC-MA-10004424,Technology,Machines,"Panasonic Phone, Durable",3386
TEC-MA-10000697,Technology,Machines,"StarTech Card Printer, Wireless",3387
TEC-MA-10002680,Technology,Machines,"Konica Inkjet, White",3388
TEC-OKI-10003124,Technology,Machines,"Okidata Inkjet, Wireless",3401
TEC-PAN-10000377,Technology,Machines,"Panasonic Inkjet, Durable",3406
TEC-MA-10000768,Technology,Machines,"Epson Card Printer, White",3411
TEC-MA-10003624,Technology,Machines,"StarTech Inkjet, Wireless",3414
TEC-MA-10001811,Technology,Machines,"Okidata Card Printer, Durable",3439
TEC-MA-10004772,Technology,Machines,"Konica Inkjet, White",3451
TEC-MA-10004933,Technology,Machines,"Konica Phone, Wireless",3452
TEC-MA-10003349,Technology,Machines,"Panasonic Calculator, Wireless",3498
TEC-MA-10004482,Technology,Machines,"Panasonic Card Printer, White",3518
TEC-MA-10001261,Technology,Machines,"Konica Printer, Wireless",3526
TEC-EPS-10001644,Technology,Machines,"Epson Phone, Durable",3538
TEC-PAN-10003688,Technology,Machines,"Panasonic Printer, Wireless",3547
TEC-KON-10001388,Technology,Machines,"Konica Printer, Red",3555
TEC-MA-10000331,Technology,Machines,"Okidata Printer, White",3582
TEC-MA-10000433,Technology,Machines,"Epson Inkjet, Durable",3585
TEC-MA-10000811,Technology,Machines,"Okidata Phone, Durable",3599
TEC-MA-10002864,Technology,Machines,"Okidata Calculator, White",3642
TEC-MA-10002931,Technology,Machines,"Konica Receipt Printer, Red",3647
TEC-MA-10003743,Technology,Machines,"StarTech Printer, Durable",3677
TEC-MA-10003298,Technology,Machines,"Konica Card Printer, Wireless",3694
TEC-EPS-10001473,Technology,Machines,"Epson Calculator, Durable",3749
TEC-MA-10000946,Technology,Machines,"Panasonic Calculator, Red",3774
TEC-MA-10003314,Technology,Machines,"Epson Phone, White",3782
TEC-MA-10003885,Technology,Machines,"Okidata Calculator, Wireless",3823
TEC-MA-10004603,Technology,Machines,"Okidata Printer, Durable",3882
TEC-MA-10003112,Technology,Machines,"StarTech Phone, Durable",3948
TEC-MA-10003361,Technology,Machines,"Konica Printer, Red",3971
TEC-EPS-10003568,Technology,Machines,"Epson Receipt Printer, Durable",3977
TEC-MA-10002389,Technology,Machines,"StarTech Receipt Printer, White",4012
TEC-MA-10000605,Technology,Machines,"Epson Card Printer, Wireless",4014
TEC-MA-10000354,Technology,Machines,"StarTech Calculator, Wireless",4020
TEC-MA-10001859,Technology,Machines,"Okidata Printer, Wireless",4086
TEC-MA-10001922,Technology,Machines,"Konica Calculator, Wireless",4099
TEC-MA-10001290,Technology,Machines,"Panasonic Printer, White",4100
TEC-MA-10001358,Technology,Machines,"StarTech Phone, Wireless",4117
TEC-MA-10003390,Technology,Machines,"Okidata Printer, Durable",4156
TEC-MA-10004535,Technology,Machines,"Konica Printer, White",4169
TEC-MA-10001881,Technology,Machines,"Konica Card Printer, Red",4179
TEC-EPS-10000774,Technology,Machines,"Epson Phone, Red",4187
TEC-MA-10003326,Technology,Machines,"StarTech Calculator, Durable",4198
TEC-MA-10000686,Technology,Machines,"Epson Phone, Wireless",4200
TEC-MA-10003780,Technology,Machines,"Epson Card Printer, White",4207
TEC-STA-10001994,Technology,Machines,"StarTech Printer, Wireless",4225
TEC-MA-10004955,Technology,Machines,"Okidata Card Printer, Durable",4240
TEC-MA-10002629,Technology,Machines,"Konica Inkjet, Wireless",4249
TEC-MA-10003986,Technology,Machines,"Konica Receipt Printer, Wireless",4252
TEC-MA-10003698,Technology,Machines,"Okidata Phone, White",4284
TEC-MA-10002195,Technology,Machines,"Epson Receipt Printer, Red",4305
TEC-MA-10003461,Technology,Machines,"Epson Calculator, Red",4307
TEC-MA-10001080,Technology,Machines,"Epson Phone, Red",4328
TEC-EPS-10003277,Technology,Machines,"Epson Printer, White",4344
TEC-MA-10003856,Technology,Machines,"Okidata Calculator, Red",4370
TEC-MA-10000687,Technology,Machines,"Konica Calculator, Red",4371
TEC-MA-10004609,Technology,Machines,"Okidata Inkjet, White",4372
TEC-MA-10002043,Technology,Machines,"Epson Receipt Printer, White",4428
TEC-MA-10002931,Technology,Machines,"Okidata Calculator, Durable",4440
TEC-MA-10000345,Technology,Machines,"Konica Phone, Red",4452
TEC-MA-10004954,Technology,Machines,"StarTech Calculator, Red",4500
TEC-MA-10000261,Technology,Machines,"StarTech Calculator, Red",4522
TEC-MA-10002844,Technology,Machines,"Okidata Receipt Printer, White",4537
TEC-MA-10002989,Technology,Machines,"Panasonic Printer, White",4555
TEC-STA-10002497,Technology,Machines,"StarTech Card Printer, White",4576
TEC-MA-10002080,Technology,Machines,"Epson Printer, Durable",4584
TEC-MA-10000122,Technology,Machines,"Okidata Calculator, Red",4692
TEC-MA-10001148,Technology,Machines,Swingline SM12-08 MicroCut Jam Free Shredder,4787
TEC-MA-10004125,Technology,Machines,Cubify CubeX 3D Printer Triple Head Print,4804
TEC-MA-10004655,Technology,Machines,"Konica Receipt Printer, White",4823
TEC-MA-10001142,Technology,Machines,"Epson Card Printer, Wireless",4874
TEC-MA-10002538,Technology,Machines,"Okidata Phone, Wireless",4891
TEC-MA-10001308,Technology,Machines,"Okidata Printer, Durable",4892
TEC-EPS-10000689,Technology,Machines,"Epson Card Printer, Wireless",4972
TEC-MA-10004452,Technology,Machines,"Epson Receipt Printer, Durable",5003
TEC-MA-10003796,Technology,Machines,"Konica Calculator, Durable",5028
TEC-MA-10003178,Technology,Machines,"Okidata Receipt Printer, Wireless",5029
TEC-MA-10001991,Technology,Machines,"Konica Calculator, White",5070
TEC-MA-10000559,Technology,Machines,"Epson Card Printer, Red",5115
TEC-MA-10000199,Technology,Machines,"Okidata Inkjet, White",5195
TEC-EPS-10002920,Technology,Machines,"Epson Printer, Red",5259
TEC-MA-10002435,Technology,Machines,"Epson Receipt Printer, Wireless",5302
TEC-MA-10003927,Technology,Machines,"StarTech Inkjet, Wireless",5307
TEC-MA-10004615,Technology,Machines,"Okidata Calculator, Durable",5326
TEC-MA-10004842,Technology,Machines,"Konica Calculator, Red",5356
TEC-MA-10003998,Technology,Machines,"Epson Card Printer, Wireless",5360
TEC-KON-10002052,Technology,Machines,"Konica Inkjet, Wireless",5421
TEC-PAN-10000577,Technology,Machines,"Panasonic Inkjet, White",5423
TEC-STA-10000893,Technology,Machines,"StarTech Inkjet, White",5424
TEC-MA-10004993,Technology,Machines,"Konica Inkjet, Wireless",5437
TEC-MA-10001598,Technology,Machines,"Panasonic Card Printer, Wireless",5461
TEC-MA-10001777,Technology,Machines,"Okidata Printer, Red",5470
TEC-MA-10003812,Technology,Machines,"Panasonic Printer, Wireless",5471
TEC-MA-10002040,Technology,Machines,"Panasonic Card Printer, Durable",5473
TEC-MA-10004929,Technology,Machines,"Panasonic Printer, White",5488
TEC-MA-10003261,Technology,Machines,"Panasonic Phone, Durable",5505
TEC-MA-10000003,Technology,Machines,"Konica Phone, Durable",5519
TEC-MA-10002148,Technology,Machines,"Epson Printer, Durable",5552
TEC-MA-10003493,Technology,Machines,Penpower WorldCard Pro Card Scanner,5606
TEC-KON-10001507,Technology,Machines,"Konica Card Printer, Durable",5623
TEC-MA-10003330,Technology,Machines,"Panasonic Receipt Printer, Wireless",5656
TEC-MA-10002871,Technology,Machines,"Panasonic Receipt Printer, Red",5657
TEC-MA-10003478,Technology,Machines,"StarTech Receipt Printer, Durable",5659
TEC-EPS-10001341,Technology,Machines,"Epson Calculator, White",5660
TEC-MA-10000029,Technology,Machines,"Epson WorkForce WF-2530 All-in-One Printer, Copier Scanner",5673
TEC-MA-10003923,Technology,Machines,"Okidata Receipt Printer, Durable",5691
TEC-MA-10004693,Technology,Machines,"Panasonic Calculator, White",5692
TEC-MA-10003626,Technology,Machines,Hewlett-Packard Deskjet 6540 Color Inkjet Printer,5698
TEC-MA-10002937,Technology,Machines,"Canon Color ImageCLASS MF8580Cdw Wireless Laser All-In-One Printer, Copier, Scanner",5714
TEC-MA-10002109,Technology,Machines,"HP Officejet Pro 8600 e-All-In-One Printer, Copier, Scanner, Fax",5719
TEC-MA-10003230,Technology,Machines,Okidata C610n Printer,5758
TEC-MA-10004684,Technology,Machines,"StarTech Phone, White",5914
TEC-MA-10001187,Technology,Machines,"Okidata Calculator, Wireless",5937
TEC-MA-10003886,Technology,Machines,"Panasonic Phone, Wireless",5979
TEC-PAN-10000979,Technology,Machines,"Panasonic Receipt Printer, Wireless",5999
TEC-MA-10003779,Technology,Machines,"Konica Printer, Durable",6034
TEC-MA-10001302,Technology,Machines,"Panasonic Calculator, Durable",6048
TEC-MA-10000555,Technology,Machines,"Panasonic Card Printer, Red",6076
TEC-MA-10000742,Technology,Machines,"Konica Inkjet, White",6120
TEC-MA-10001296,Technology,Machines,"Epson Calculator, White",6128
TEC-MA-10003471,Technology,Machines,"StarTech Phone, Wireless",6135
TEC-MA-10004482,Technology,Machines,"StarTech Card Printer, Red",6175
TEC-MA-10002428,Technology,Machines,Fellowes Powershred HS-440 4-Sheet High Security Shredder,6224
TEC-OKI-10002752,Technology,Machines,"Okidata Phone, Wireless",6232
TEC-MA-10004587,Technology,Machines,"Konica Inkjet, White",6246
TEC-MA-10004902,Technology,Machines,"Konica Phone, Wireless",6265
TEC-MA-10004458,Technology,Machines,Lexmark X 9575 Professional All-in-One Color Printer,6401
TEC-MA-10002694,Technology,Machines,Hewlett-Packard Deskjet F4180 All-in-One Color Ink-jet - Printer / copier / scanner,6419
TEC-MA-10000752,Technology,Machines,Texas Instrument TI-15 Fraction Calculator,6420
TEC-MA-10000982,Technology,Machines,"Konica Inkjet, Wireless",6458
TEC-MA-10001298,Technology,Machines,"StarTech Receipt Printer, Wireless",6479
TEC-MA-10003326,Technology,Machines,"Epson Printer, Red",6481
TEC-MA-10004814,Technology,Machines,"Panasonic Inkjet, White",6534
TEC-PAN-10002756,Technology,Machines,"Panasonic Card Printer, White",6549
TEC-MA-10002686,Technology,Machines,"Okidata Card Printer, White",6550
TEC-MA-10002952,Technology,Machines,"StarTech Calculator, White",6591
TEC-MA-10002193,Technology,Machines,"Panasonic Card Printer, Red",6629
TEC-MA-10003366,Technology,Machines,"Epson Card Printer, White",6655
TEC-MA-10000366,Technology,Machines,"Epson Card Printer, Red",6657
TEC-MA-10000684,Technology,Machines,"Okidata Calculator, White",6696
TEC-MA-10000334,Technology,Machines,"Panasonic Printer, Wireless",6699
TEC-MA-10002790,Technology,Machines,NeatDesk Desktop Scanner & Digital Filing System,6727
TEC-OKI-10004735,Technology,Machines,"Okidata Receipt Printer, Wireless",6808
TEC-MA-10000776,Technology,Machines,"Okidata Calculator, Wireless",6861
TEC-MA-10004423,Technology,Machines,"StarTech Card Printer, White",6877
TEC-MA-10003868,Technology,Machines,"StarTech Phone, Durable",6878
TEC-MA-10003146,Technology,Machines,"Okidata Inkjet, Durable",6897
TEC-MA-10000597,Technology,Machines,Lexmark S315 Color Inkjet Printer,6900
TEC-MA-10000258,Technology,Machines,"Panasonic Inkjet, Wireless",6951
TEC-MA-10000822,Technology,Machines,Lexmark MX611dhe Monochrome Laser Printer,7002
TEC-MA-10002918,Technology,Machines,"StarTech Card Printer, White",7005
TEC-MA-10003084,Technology,Machines,"Okidata Receipt Printer, Red",7034
TEC-MA-10002392,Technology,Machines,"Konica Card Printer, Wireless",7043
TEC-MA-10001627,Technology,Machines,"Konica Printer, White",7044
TEC-MA-10003631,Technology,Machines,"Okidata Card Printer, Wireless",7046
TEC-PAN-10001172,Technology,Machines,"Panasonic Receipt Printer, Durable",7059
TEC-MA-10003558,Technology,Machines,"Panasonic Calculator, Durable",7093
TEC-MA-10004198,Technology,Machines,"Panasonic Card Printer, White",7096
TEC-MA-10002118,Technology,Machines,"Konica Printer, Red",7107
TEC-OKI-10004464,Technology,Machines,"Okidata Printer, Red",7142
TEC-MA-10004896,Technology,Machines,"StarTech Phone, White",7188
TEC-MA-10000002,Technology,Machines,"Epson Card Printer, Durable",7228
TEC-MA-10001015,Technology,Machines,"StarTech Card Printer, Durable",7264
TEC-MA-10001197,Technology,Machines,"StarTech Phone, Red",7283
TEC-KON-10004519,Technology,Machines,"Konica Card Printer, Red",7309
TEC-MA-10002771,Technology,Machines,"StarTech Inkjet, White",7319
TEC-MA-10002424,Technology,Machines,"StarTech Phone, Durable",7324
TEC-MA-10002521,Technology,Machines,"Okidata Card Printer, Wireless",7369
TEC-MA-10004679,Technology,Machines,StarTech.com 10/100 VDSL2 Ethernet Extender Kit,7416
TEC-MA-10002155,Technology,Machines,"Panasonic Receipt Printer, Durable",7425
TEC-KON-10004774,Technology,Machines,"Konica Inkjet, Durable",7453
TEC-MA-10000864,Technology,Machines,Cisco 9971 IP Video Phone Charcoal,7465
TEC-MA-10004534,Technology,Machines,"Konica Printer, Wireless",7469
TEC-MA-10003607,Technology,Machines,"Okidata Receipt Printer, Red",7470
TEC-MA-10002701,Technology,Machines,"Konica Inkjet, Durable",7491
TEC-MA-10003332,Technology,Machines,"Panasonic Receipt Printer, Durable",7510
TEC-MA-10002316,Technology,Machines,"Konica Printer, Durable",7525
TEC-MA-10000765,Technology,Machines,"Okidata Phone, Wireless",7589
TEC-MA-10002306,Technology,Machines,"Epson Phone, White",7599
TEC-MA-10002264,Technology,Machines,"Panasonic Printer, Durable",7606
TEC-PAN-10003382,Technology,Machines,"Panasonic Card Printer, Durable",7618
TEC-MA-10004063,Technology,Machines,"Okidata Printer, Durable",7633
TEC-MA-10002910,Technology,Machines,"Panasonic Inkjet, Red",7639
TEC-MA-10003632,Technology,Machines,"Epson Calculator, Wireless",7651
TEC-MA-10003101,Technology,Machines,"Panasonic Printer, Red",7705
TEC-MA-10000875,Technology,Machines,"Okidata Inkjet, Wireless",7709
TEC-MA-10000379,Technology,Machines,"Okidata Phone, Wireless",7755
TEC-MA-10002368,Technology,Machines,"Panasonic Receipt Printer, White",7756
TEC-MA-10003704,Technology,Machines,"StarTech Printer, Wireless",7779
TEC-MA-10002242,Technology,Machines,"StarTech Calculator, Durable",7788
TEC-MA-10004116,Technology,Machines,"StarTech Inkjet, Wireless",7804
TEC-MA-10002073,Technology,Machines,"3D Systems Cube Printer, 2nd Generation, White",7850
TEC-MA-10000124,Technology,Machines,"Konica Card Printer, White",7914
TEC-OKI-10002750,Technology,Machines,"Okidata Inkjet, Wireless",7937
TEC-MA-10002471,Technology,Machines,"Epson Phone, Durable",7944
TEC-EPS-10004111,Technology,Machines,"Epson Inkjet, Wireless",7954
TEC-MA-10000560,Technology,Machines,"StarTech Inkjet, Wireless",7962
TEC-MA-10002268,Technology,Machines,"StarTech Receipt Printer, White",7967
TEC-MA-10000473,Technology,Machines,"Konica Phone, Red",7994
TEC-MA-10002712,Technology,Machines,"Okidata Printer, Wireless",7995
TEC-MA-10000858,Technology,Machines,"Panasonic Printer, White",8016
TEC-MA-10004049,Technology,Machines,"Epson Printer, White",8040
TEC-MA-10003630,Technology,Machines,"Epson Calculator, White",8050
TEC-MA-10004446,Technology,Machines,"StarTech Printer, Wireless",8089
TEC-MA-10001726,Technology,Machines,"Epson Receipt Printer, White",8109
TEC-MA-10000423,Technology,Machines,Texas Instruments TI-34 Scientific Calculator,8130
TEC-MA-10004626,Technology,Machines,Lexmark 20R1285 X6650 Wireless All-in-One Printer,8131
TEC-MA-10001727,Technology,Machines,"Konica Receipt Printer, Wireless",8149
TEC-MA-10000572,Technology,Machines,"Epson Card Printer, Red",8154
TEC-MA-10003338,Technology,Machines,"Panasonic Phone, Red",8164
TEC-MA-10003492,Technology,Machines,"Okidata Printer, Wireless",8169
TEC-MA-10002210,Technology,Machines,Epson TM-T88V Direct Thermal Printer - Monochrome - Desktop,8231
TEC-MA-10003353,Technology,Machines,Xerox WorkCentre 6505DN Laser Multifunction Printer,8233
TEC-MA-10001016,Technology,Machines,Canon PC170 Desktop Personal Copier,8240
TEC-MA-10003674,Technology,Machines,Hewlett-Packard Deskjet 5550 Printer,8248
TEC-MA-10004023,Technology,Machines,"Konica Phone, Wireless",8312
TEC-EPS-10002711,Technology,Machines,"Epson Card Printer, Red",8316
TEC-MA-10003351,Technology,Machines,"Okidata Card Printer, White",8339
TEC-MA-10004064,Technology,Machines,"Panasonic Calculator, Red",8340
TEC-PAN-10000391,Technology,Machines,"Panasonic Printer, Red",8355
TEC-OKI-10003655,Technology,Machines,"Okidata Calculator, Wireless",8364
TEC-KON-10000562,Technology,Machines,"Konica Phone, Wireless",8430
TEC-MA-10003536,Technology,Machines,"Konica Calculator, Red",8439
TEC-STA-10000008,Technology,Machines,"StarTech Calculator, Wireless",8469
TEC-OKI-10003770,Technology,Machines,"Okidata Receipt Printer, Durable",8471
TEC-PAN-10002583,Technology,Machines,"Panasonic Calculator, Wireless",8475
TEC-OKI-10001062,Technology,Machines,"Okidata Printer, White",8498
TEC-PAN-10000131,Technology,Machines,"Panasonic Receipt Printer, Red",8501
TEC-KON-10004735,Technology,Machines,"Konica Card Printer, White",8529
TEC-MA-10002981,Technology,Machines,I.R.I.S IRISCard Anywhere 5 Card Scanner,8558
TEC-MA-10002412,Technology,Machines,Cisco TelePresence System EX90 Videoconferencing Unit,8559
TEC-MA-10002178,Technology,Machines,Cisco CP-7937G Unified IP Conference Station Phone,8560
TEC-MA-10004553,Technology,Machines,"Epson Receipt Printer, Red",8592
TEC-MA-10001360,Technology,Machines,"Okidata Receipt Printer, White",8614
TEC-MA-10001267,Technology,Machines,"Epson Calculator, Red",8625
TEC-MA-10000473,Technology,Machines,"Epson Receipt Printer, Durable",8629
TEC-MA-10001752,Technology,Machines,"Konica Printer, Durable",8657
TEC-MA-10002134,Technology,Machines,"Konica Inkjet, Wireless",8676
TEC-OKI-10003433,Technology,Machines,"Okidata Card Printer, Wireless",8693
TEC-MA-10003251,Technology,Machines,"Konica Phone, White",8705
TEC-MA-10001098,Technology,Machines,"StarTech Printer, Durable",8706
TEC-EPS-10002958,Technology,Machines,"Epson Receipt Printer, Wireless",8725
TEC-STA-10003447,Technology,Machines,"StarTech Printer, White",8728
TEC-KON-10001519,Technology,Machines,"Konica Calculator, White",8739
TEC-MA-10002941,Technology,Machines,"Okidata Card Printer, Red",8755
TEC-OKI-10001454,Technology,Machines,"Okidata Calculator, Durable",8787
TEC-PAN-10002613,Technology,Machines,"Panasonic Printer, Durable",8805
TEC-KON-10002482,Technology,Machines,"Konica Phone, Red",8819
TEC-PAN-10001674,Technology,Machines,"Panasonic Receipt Printer, White",8844
TEC-MA-10002780,Technology,Machines,"Okidata Inkjet, Wireless",8845
TEC-MA-10002711,Technology,Machines,"Epson Card Printer, Durable",8877
TEC-MA-10001792,Technology,Machines,"Epson Inkjet, White",8900
TEC-MA-10003183,Technology,Machines,DYMO CardScan Personal V9 Business Card Scanner,8924
TEC-STA-10002459,Technology,Machines,"StarTech Printer, Durable",8928
TEC-MA-10004822,Technology,Machines,"Epson Calculator, Durable",8960
TEC-MA-10001047,Technology,Machines,"3D Systems Cube Printer, 2nd Generation, Magenta",8970
TEC-MA-10003176,Technology,Machines,Okidata B400 Printer,8976
TEC-MA-10000418,Technology,Machines,Cubify CubeX 3D Printer Double Head Print,8977
TEC-MA-10004609,Technology,Machines,"Epson Phone, Durable",9000
TEC-PAN-10004360,Technology,Machines,"Panasonic Calculator, White",9008
TEC-MA-10002930,Technology,Machines,Ricoh - Ink Collector Unit for GX3000 Series Printers,9017
TEC-MA-10002413,Technology,Machines,"Panasonic Card Printer, Durable",9037
TEC-MA-10000374,Technology,Machines,"Konica Receipt Printer, Red",9056
TEC-MA-10004533,Technology,Machines,"Konica Receipt Printer, Durable",9076
TEC-MA-10001934,Technology,Machines,"StarTech Printer, Red",9121
TEC-MA-10000161,Technology,Machines,"Okidata Inkjet, Wireless",9139
TEC-MA-10003816,Technology,Machines,"Epson Calculator, White",9164
TEC-MA-10002859,Technology,Machines,Ativa MDM8000 8-Sheet Micro-Cut Shredder,9205
TEC-MA-10004241,Technology,Machines,Star Micronics TSP800 TSP847IIU Receipt Printer,9206
TEC-MA-10003246,Technology,Machines,Hewlett-Packard Deskjet D4360 Printer,9208
TEC-MA-10003329,Technology,Machines,"Vtech AT&T CL2940 Corded Speakerphone, Black",9209
TEC-MA-10004002,Technology,Machines,Zebra GX420t Direct Thermal/Thermal Transfer Printer,9210
TEC-MA-10000984,Technology,Machines,Okidata MB760 Printer,9211
TEC-MA-10001972,Technology,Machines,Okidata C331dn Printer,9212
TEC-MA-10001031,Technology,Machines,Socket Bluetooth Cordless Hand Scanner (CHS),9217
TEC-MA-10001447,Technology,Machines,"Konica Phone, Red",9232
TEC-MA-10001966,Technology,Machines,"Epson Card Printer, Durable",9249
TEC-MA-10003185,Technology,Machines,"Epson Phone, Red",9253
TEC-MA-10003773,Technology,Machines,"Panasonic Card Printer, Wireless",9264
TEC-MA-10004584,Technology,Machines,"Epson Calculator, Wireless",9282
TEC-MA-10003757,Technology,Machines,"Panasonic Printer, Red",9286
TEC-MA-10002660,Technology,Machines,"Epson Phone, White",9312
TEC-PAN-10001593,Technology,Machines,"Panasonic Calculator, Durable",9320
TEC-KON-10002309,Technology,Machines,"Konica Inkjet, Wireless",9330
TEC-MA-10000240,Technology,Machines,"Okidata Inkjet, Wireless",9365
TEC-MA-10002226,Technology,Machines,"Epson Phone, Red",9401
TEC-MA-10002874,Technology,Machines,"Epson Receipt Printer, Wireless",9402
TEC-MA-10002898,Technology,Machines,"StarTech Printer, Durable",9420
TEC-MA-10001940,Technology,Machines,"Okidata Card Printer, Wireless",9434
TEC-EPS-10004965,Technology,Machines,"Epson Inkjet, Wireless",9516
TEC-STA-10003081,Technology,Machines,"StarTech Phone, White",9530
TEC-MA-10004236,Technology,Machines,"StarTech Inkjet, Durable",9538
TEC-MA-10003936,Technology,Machines,"Epson Printer, White",9575
TEC-MA-10000170,Technology,Machines,"Okidata Receipt Printer, White",9597
TEC-MA-10001569,Technology,Machines,"Okidata Phone, Red",9612
TEC-MA-10003121,Technology,Machines,"StarTech Card Printer, Wireless",9660
TEC-MA-10003625,Technology,Machines,"Panasonic Inkjet, White",9683
TEC-MA-10001622,Technology,Machines,"Okidata Card Printer, Red",9687
TEC-MA-10004617,Technology,Machines,"Konica Receipt Printer, Wireless",9688
TEC-MA-10000010,Technology,Machines,Hewlett-Packard Deskjet 3050a All-in-One Color Inkjet Printer,9695
TEC-MA-10000772,Technology,Machines,"StarTech Printer, Red",9696
TEC-MA-10003400,Technology,Machines,"Panasonic Printer, Durable",9703
TEC-MA-10004486,Technology,Machines,"StarTech Phone, Red",9730
TEC-MA-10003176,Technology,Machines,"Panasonic Inkjet, Wireless",9734
TEC-MA-10002464,Technology,Machines,"Panasonic Printer, Durable",9735
TEC-MA-10001127,Technology,Machines,"Epson Inkjet, Wireless",9746
TEC-MA-10003787,Technology,Machines,"Panasonic Inkjet, Wireless",9751
TEC-MA-10001856,Technology,Machines,Okidata C610n Printer,9794
TEC-MA-10004975,Technology,Machines,"Konica Calculator, White",9802
TEC-MA-10001248,Technology,Machines,"StarTech Inkjet, Wireless",9803
TEC-MA-10002992,Technology,Machines,"Konica Card Printer, Wireless",9829
TEC-MA-10003979,Technology,Machines,Ativa V4110MDD Micro-Cut Shredder,9858
TEC-MA-10002927,Technology,Machines,Canon imageCLASS MF7460 Monochrome Digital Laser Multifunction Copier,9859
TEC-MA-10004552,Technology,Machines,Star Micronics TSP100 TSP143LAN Receipt Printer,9860
TEC-MA-10000045,Technology,Machines,Zebra ZM400 Thermal Label Printer,9861
TEC-MA-10003356,Technology,Machines,Panasonic KX MC6040 Color Laser Multifunction Printer,9862
TEC-MA-10003173,Technology,Machines,Hewlett-Packard 300S Scientific Calculator,9863
TEC-MA-10003673,Technology,Machines,Hewlett-Packard Desktjet 6988DT Refurbished Printer,9864
TEC-MA-10003589,Technology,Machines,Cisco 8961 IP Phone Charcoal,9894
TEC-PAN-10002365,Technology,Machines,"Panasonic Printer, White",9916
TEC-MA-10000461,Technology,Machines,"Epson Inkjet, Wireless",9921
TEC-MA-10001403,Technology,Machines,"Panasonic Calculator, White",9923
TEC-MA-10001624,Technology,Machines,"Panasonic Phone, Red",9967
TEC-MA-10002249,Technology,Machines,"StarTech Calculator, Wireless",9969
TEC-MA-10000232,Technology,Machines,"Konica Card Printer, Durable",9985
TEC-MA-10004143,Technology,Machines,"Konica Calculator, Wireless",10019
TEC-MA-10004224,Technology,Machines,"StarTech Inkjet, Wireless",10020
TEC-MA-10001139,Technology,Machines,"Okidata Receipt Printer, Wireless",10022
TEC-MA-10003066,Technology,Machines,Wasp CCD Handheld Bar Code Reader,10024
TEC-MA-10001527,Technology,Machines,"Panasonic Calculator, White",10033
TEC-MA-10004521,Technology,Machines,Epson Perfection V600 Photo Scanner,10049
TEC-MA-10001681,Technology,Machines,Lexmark MarkNet N8150 Wireless Print Server,10050
TEC-MA-10001148,Technology,Machines,Okidata MB491 Multifunction Printer,10051
TEC-MA-10000904,Technology,Machines,"Brother MFC-9340CDW LED All-In-One Printer, Copier Scanner",10052
TEC-MA-10004255,Technology,Machines,Konica Minolta magicolor 1690MF Multifunction Printer,10094
TEC-MA-10001731,Technology,Machines,"Okidata Card Printer, White",10108
TEC-MA-10000843,Technology,Machines,"Konica Phone, Red",10137
TEC-MA-10003337,Technology,Machines,Okidata B401 Printer,10147
TEC-MA-10002614,Technology,Machines,"Okidata Receipt Printer, Wireless",10151
TEC-KON-10002050,Technology,Machines,"Konica Printer, Wireless",10182
TEC-MA-10001695,Technology,Machines,Zebra GK420t Direct Thermal/Thermal Transfer Printer,10194
TEC-MA-10003682,Technology,Machines,"Panasonic Phone, White",10200
TEC-MA-10004249,Technology,Machines,"Epson Calculator, Durable",10231
TEC-PAN-10004404,Technology,Machines,"Panasonic Calculator, Red",10255
TEC-MA-10004414,Technology,Machines,"Okidata Phone, Red",10281
TEC-MA-10002571,Technology,Machines,"Konica Phone, Durable",10282
TEC-MA-10003990,Technology,Machines,"Panasonic Card Printer, White",10296
TEC-MA-10000888,Technology,Machines,"Okidata Phone, White",10297
TEC-MA-10003730,Technology,Machines,"StarTech Card Printer, White",10300
TEC-MA-10003953,Technology,Machines,"Epson Inkjet, Durable",10313
TEC-MA-10003422,Technology,Machines,"Panasonic Calculator, Red",10320
TEC-MA-10004956,Technology,Machines,"Konica Card Printer, Red",10337
TEC-MA-10002722,Technology,Machines,"Epson Receipt Printer, Wireless",10343
TEC-MA-10001832,Technology,Machines,"Okidata Card Printer, Durable",10348
TEC-MA-10000154,Technology,Machines,"Panasonic Receipt Printer, Red",10352
TEC-MA-10001570,Technology,Machines,Cisco Desktop Collaboration Experience DX650 IP Video Phone,10397
TEC-MA-10003975,Technology,Machines,"Epson Phone, Wireless",10415
TEC-MA-10000772,Technology,Machines,"Okidata Phone, Durable",10418
TEC-MA-10003801,Technology,Machines,"StarTech Card Printer, Red",10420
TEC-EPS-10000053,Technology,Machines,"Epson Receipt Printer, Red",10423
TEC-STA-10003065,Technology,Machines,"StarTech Receipt Printer, Durable",10431
TEC-MA-10001841,Technology,Machines,"Konica Printer, White",10445
TEC-MA-10000112,Technology,Machines,Panasonic KX MB2061 Multifunction Printer,10447
TEC-MA-10004086,Technology,Machines,Plantronics Single Ear Headset,10448
TEC-MA-10001279,Technology,Machines,"Panasonic Calculator, Wireless",10457
TEC-MA-10000087,Technology,Machines,"StarTech Calculator, White",10461
TEC-MA-10002459,Technology,Machines,"StarTech Printer, White",10462
TEC-MA-10002263,Technology,Machines,"Panasonic Inkjet, White",10476
TEC-MA-10000964,Technology,Machines,"Okidata Calculator, Red",10491
TEC-PAN-10004279,Technology,Machines,"Panasonic Phone, Durable",10494
TEC-MA-10004820,Technology,Machines,"Okidata Card Printer, Wireless",10520
TEC-MA-10002525,Technology,Machines,"StarTech Phone, Durable",10524
TEC-MA-10000711,Technology,Machines,"StarTech Receipt Printer, Durable",10529
TEC-MA-10001411,Technology,Machines,"Epson Calculator, Wireless",10530
TEC-MA-10000755,Technology,Machines,"Panasonic Phone, Durable",10531
TEC-MA-10001259,Technology,Machines,"StarTech Inkjet, White",10535
TEC-MA-10002844,Technology,Machines,"Konica Calculator, Durable",10536
TEC-MA-10003315,Technology,Machines,"Panasonic Card Printer, Red",10540
TEC-MA-10002135,Technology,Machines,"Epson Printer, White",10549
TEC-MA-10004666,Technology,Machines,"Panasonic Inkjet, Red",10556
TEC-MA-10000172,Technology,Machines,"StarTech Inkjet, Wireless",10585
TEC-MA-10004857,Technology,Machines,"Konica Calculator, White",10592
TEC-MA-10003404,Technology,Machines,"Konica Card Printer, Durable",10605
TEC-MA-10003079,Technology,Machines,"Panasonic Card Printer, Wireless",10636
TEC-STA-10004927,Technology,Machines,"StarTech Receipt Printer, Wireless",10645
TEC-MA-10001311,Technology,Machines,"Epson Printer, Wireless",10647
TEC-MA-10004303,Technology,Machines,"Panasonic Receipt Printer, Durable",10660
TEC-MA-10004212,Technology,Machines,Cisco SPA525G2 5-Line IP Phone,10680
TEC-MA-10004295,Technology,Machines,"Panasonic Phone, Red",10699
TEC-MA-10002055,Technology,Machines,"Epson Calculator, Wireless",10735
TEC-MA-10003154,Technology,Machines,"Panasonic Printer, Red",10750
TEC-MA-10004168,Technology,Machines,"Panasonic Card Printer, Wireless",10751
TEC-MA-10002093,Technology,Machines,"StarTech Card Printer, Durable",10756
TEC-MA-10000317,Technology,Machines,"StarTech Receipt Printer, Red",10767
TEC-MA-10004408,Technology,Machines,"Konica Inkjet, Durable",10768
TEC-SHA-10001413,Technology,Copiers,"Sharp Personal Copier, Color",26
TEC-CAN-10004556,Technology,Copiers,"Canon Fax and Copier, Laser",138
TEC-HEW-10003829,Technology,Copiers,"Hewlett Wireless Fax, High-Speed",139
TEC-SHA-10004390,Technology,Copiers,"Sharp Wireless Fax, Digital",140
TEC-CO-10001040,Technology,Copiers,"Canon Personal Copier, Laser",177
TEC-HEW-10002435,Technology,Copiers,"Hewlett Personal Copier, Digital",217
TEC-CAN-10001789,Technology,Copiers,"Canon Copy Machine, Digital",218
TEC-SHA-10001103,Technology,Copiers,"Sharp Copy Machine, Laser",219
TEC-HP -10000081,Technology,Copiers,"HP Ink, Color",233
TEC-BRO-10000463,Technology,Copiers,"Brother Copy Machine, Color",234
TEC-BRO-10004178,Technology,Copiers,"Brother Wireless Fax, Laser",235
TEC-CO-10001968,Technology,Copiers,"Canon Personal Copier, Color",251
TEC-HP -10002095,Technology,Copiers,"HP Copy Machine, Color",316
TEC-CO-10001703,Technology,Copiers,"Brother Fax and Copier, High-Speed",354
TEC-CO-10001157,Technology,Copiers,"Hewlett Personal Copier, Color",362
TEC-CO-10000562,Technology,Copiers,"HP Wireless Fax, Digital",373
TEC-CO-10004981,Technology,Copiers,"Canon Copy Machine, High-Speed",375
TEC-CO-10001630,Technology,Copiers,"Canon Personal Copier, Digital",381
TEC-CO-10002035,Technology,Copiers,"Canon Wireless Fax, High-Speed",387
TEC-CO-10003393,Technology,Copiers,"Sharp Personal Copier, Digital",411
TEC-CO-10003496,Technology,Copiers,"Brother Wireless Fax, Digital",414
TEC-CO-10003951,Technology,Copiers,"HP Copy Machine, High-Speed",446
TEC-CO-10002316,Technology,Copiers,"Brother Personal Copier, Laser",465
TEC-CO-10004689,Technology,Copiers,"Canon Ink, Color",541
TEC-HEW-10001056,Technology,Copiers,"Hewlett Ink, High-Speed",563
TEC-CAN-10001437,Technology,Copiers,"Canon Wireless Fax, Laser",567
TEC-CAN-10004913,Technology,Copiers,"Canon Copy Machine, Laser",569
TEC-CO-10000620,Technology,Copiers,"Brother Wireless Fax, Digital",592
TEC-CO-10003448,Technology,Copiers,"Canon Ink, Laser",622
TEC-SHA-10001231,Technology,Copiers,"Sharp Wireless Fax, Color",701
TEC-CO-10000011,Technology,Copiers,"HP Personal Copier, High-Speed",732
TEC-CO-10000556,Technology,Copiers,"HP Wireless Fax, Laser",758
TEC-CO-10001775,Technology,Copiers,"Sharp Wireless Fax, Laser",783
TEC-CO-10002379,Technology,Copiers,"Canon Copy Machine, Digital",793
TEC-HP -10003894,Technology,Copiers,"HP Wireless Fax, Laser",879
TEC-CO-10004027,Technology,Copiers,"Sharp Fax Machine, Color",968
TEC-CO-10003410,Technology,Copiers,"Brother Ink, High-Speed",977
TEC-CO-10000778,Technology,Copiers,"Sharp Fax and Copier, Color",980
TEC-CO-10003250,Technology,Copiers,"Brother Personal Copier, Digital",981
TEC-CO-10002981,Technology,Copiers,"HP Wireless Fax, High-Speed",1018
TEC-CO-10001933,Technology,Copiers,"HP Fax Machine, High-Speed",1025
TEC-CO-10003318,Technology,Copiers,"Hewlett Ink, Digital",1078
TEC-CO-10003784,Technology,Copiers,"HP Fax Machine, Laser",1088
TEC-CO-10004154,Technology,Copiers,"Canon Copy Machine, Digital",1091
TEC-CO-10003113,Technology,Copiers,"Hewlett Fax Machine, Color",1128
TEC-CO-10000263,Technology,Copiers,"Hewlett Fax Machine, Digital",1139
TEC-CO-10001894,Technology,Copiers,"Sharp Copy Machine, High-Speed",1140
TEC-CAN-10004697,Technology,Copiers,"Canon Fax and Copier, Digital",1182
TEC-CO-10003534,Technology,Copiers,"HP Fax and Copier, Digital",1224
TEC-SHA-10000971,Technology,Copiers,"Sharp Fax Machine, Color",1239
TEC-CO-10002769,Technology,Copiers,"HP Fax Machine, Digital",1254
TEC-CO-10003268,Technology,Copiers,"HP Fax and Copier, Color",1255
TEC-CO-10004099,Technology,Copiers,"Sharp Fax Machine, Digital",1256
TEC-BRO-10003380,Technology,Copiers,"Brother Copy Machine, Color",1270
TEC-CO-10002857,Technology,Copiers,"Sharp Fax and Copier, Color",1353
TEC-CO-10002911,Technology,Copiers,"Hewlett Wireless Fax, Laser",1359
TEC-CO-10001846,Technology,Copiers,"Hewlett Fax and Copier, Digital",1370
TEC-CO-10000865,Technology,Copiers,"Brother Fax Machine, High-Speed",1378
TEC-HP -10002603,Technology,Copiers,"HP Copy Machine, High-Speed",1425
TEC-CO-10002998,Technology,Copiers,"Sharp Ink, Laser",1450
TEC-CO-10001560,Technology,Copiers,"Hewlett Ink, Color",1453
TEC-CO-10001674,Technology,Copiers,"Sharp Personal Copier, Color",1467
TEC-CO-10000395,Technology,Copiers,"Hewlett Fax Machine, Laser",1478
TEC-CO-10002232,Technology,Copiers,"HP Ink, Laser",1510
TEC-CO-10000405,Technology,Copiers,"Canon Fax Machine, Digital",1511
TEC-CO-10002937,Technology,Copiers,"Canon Ink, High-Speed",1524
TEC-CO-10002089,Technology,Copiers,"Brother Personal Copier, Laser",1631
TEC-CO-10001275,Technology,Copiers,"Brother Fax and Copier, Digital",1632
TEC-CO-10004521,Technology,Copiers,"HP Personal Copier, Laser",1633
TEC-CO-10002244,Technology,Copiers,"Sharp Ink, Laser",1657
TEC-HP -10003248,Technology,Copiers,"HP Fax Machine, High-Speed",1688
TEC-CO-10001037,Technology,Copiers,"Hewlett Personal Copier, High-Speed",1716
TEC-HEW-10003695,Technology,Copiers,"Hewlett Wireless Fax, Digital",1731
TEC-HP -10004012,Technology,Copiers,"HP Personal Copier, Digital",1734
TEC-HP -10004801,Technology,Copiers,"HP Personal Copier, High-Speed",1736
TEC-CO-10002962,Technology,Copiers,"Sharp Wireless Fax, Color",1770
TEC-CO-10001943,Technology,Copiers,Canon PC-428 Personal Copier,1860
TEC-CO-10001166,Technology,Copiers,"HP Personal Copier, Digital",1868
TEC-CO-10000388,Technology,Copiers,"Canon Fax Machine, Color",1897
TEC-CO-10002504,Technology,Copiers,"Brother Copy Machine, Laser",1919
TEC-BRO-10002345,Technology,Copiers,"Brother Ink, Digital",1925
TEC-CO-10001482,Technology,Copiers,"Sharp Ink, High-Speed",1932
TEC-CO-10000791,Technology,Copiers,"Sharp Personal Copier, Laser",1935
TEC-CAN-10002363,Technology,Copiers,"Canon Fax Machine, Digital",1965
TEC-SHA-10004083,Technology,Copiers,"Sharp Fax and Copier, Laser",1984
TEC-HEW-10004690,Technology,Copiers,"Hewlett Fax and Copier, High-Speed",1990
TEC-HP -10001574,Technology,Copiers,"HP Fax Machine, Laser",1995
TEC-CO-10001449,Technology,Copiers,Hewlett Packard LaserJet 3310 Copier,2042
TEC-CO-10000135,Technology,Copiers,"HP Wireless Fax, High-Speed",2052
TEC-CO-10000296,Technology,Copiers,"Canon Fax and Copier, Digital",2053
TEC-CO-10001523,Technology,Copiers,"HP Copy Machine, High-Speed",2067
TEC-CO-10004343,Technology,Copiers,"HP Wireless Fax, Color",2146
TEC-CO-10000601,Technology,Copiers,"Brother Ink, Laser",2152
TEC-CO-10003017,Technology,Copiers,"Sharp Ink, Laser",2162
TEC-CO-10003561,Technology,Copiers,"Sharp Copy Machine, Color",2174
TEC-CO-10001633,Technology,Copiers,"Sharp Fax Machine, High-Speed",2207
TEC-CO-10001375,Technology,Copiers,"Brother Copy Machine, Color",2220
TEC-CO-10002242,Technology,Copiers,"Brother Fax and Copier, Color",2354
TEC-CO-10001567,Technology,Copiers,"Brother Copy Machine, Laser",2357
TEC-CO-10003298,Technology,Copiers,"Hewlett Wireless Fax, Digital",2378
TEC-CO-10003002,Technology,Copiers,"Canon Personal Copier, Digital",2396
TEC-CO-10002493,Technology,Copiers,"Hewlett Personal Copier, Color",2398
TEC-SHA-10003670,Technology,Copiers,"Sharp Wireless Fax, Laser",2405
TEC-CAN-10002337,Technology,Copiers,"Canon Ink, Color",2408
TEC-CO-10000565,Technology,Copiers,"Canon Fax and Copier, Color",2439
TEC-BRO-10000663,Technology,Copiers,"Brother Fax and Copier, Color",2456
TEC-BRO-10001852,Technology,Copiers,"Brother Fax and Copier, Digital",2459
TEC-HEW-10000930,Technology,Copiers,"Hewlett Ink, Digital",2521
TEC-CAN-10004166,Technology,Copiers,"Canon Personal Copier, Color",2522
TEC-HP -10002221,Technology,Copiers,"HP Ink, High-Speed",2534
TEC-SHA-10004658,Technology,Copiers,"Sharp Ink, Laser",2549
TEC-CO-10002686,Technology,Copiers,"Hewlett Fax Machine, Laser",2562
TEC-CO-10004263,Technology,Copiers,"Hewlett Personal Copier, Laser",2576
TEC-CO-10003135,Technology,Copiers,"Canon Fax and Copier, High-Speed",2588
TEC-CO-10001407,Technology,Copiers,"Canon Ink, Digital",2635
TEC-CO-10003522,Technology,Copiers,"Sharp Personal Copier, High-Speed",2648
TEC-CO-10002376,Technology,Copiers,"Hewlett Fax Machine, Laser",2655
TEC-CAN-10002843,Technology,Copiers,"Canon Ink, Digital",2707
TEC-CO-10002283,Technology,Copiers,"Brother Copy Machine, Color",2736
TEC-CO-10000821,Technology,Copiers,"Canon Ink, High-Speed",2760
TEC-CO-10002119,Technology,Copiers,"Sharp Fax Machine, Digital",2763
TEC-CO-10001895,Technology,Copiers,"Sharp Wireless Fax, Color",2773
TEC-CO-10001654,Technology,Copiers,"Hewlett Wireless Fax, Digital",2774
TEC-CO-10003682,Technology,Copiers,"Sharp Ink, Digital",2778
TEC-CO-10004507,Technology,Copiers,"Brother Fax and Copier, Digital",2798
TEC-CO-10000794,Technology,Copiers,"Hewlett Wireless Fax, High-Speed",2805
TEC-CO-10000208,Technology,Copiers,"Brother Wireless Fax, Color",2834
TEC-CO-10004998,Technology,Copiers,"HP Fax and Copier, Color",2845
TEC-CO-10004143,Technology,Copiers,"HP Personal Copier, Color",2855
TEC-CO-10002526,Technology,Copiers,"Sharp Wireless Fax, Digital",2916
TEC-CO-10003589,Technology,Copiers,"HP Fax Machine, Digital",2920
TEC-CO-10000427,Technology,Copiers,"HP Fax Machine, Color",2921
TEC-CO-10003353,Technology,Copiers,"HP Personal Copier, High-Speed",2951
TEC-CO-10001410,Technology,Copiers,"Canon Personal Copier, High-Speed",2954
TEC-CO-10004897,Technology,Copiers,"Sharp Fax Machine, High-Speed",2965
TEC-CO-10000660,Technology,Copiers,"Brother Fax and Copier, Laser",2998
TEC-CO-10003924,Technology,Copiers,"Hewlett Fax Machine, Digital",2999
TEC-CO-10001726,Technology,Copiers,"HP Fax and Copier, High-Speed",3022
TEC-CO-10001954,Technology,Copiers,"Brother Wireless Fax, Laser",3025
TEC-CO-10003702,Technology,Copiers,"Brother Ink, Digital",3032
TEC-CO-10002578,Technology,Copiers,"Canon Copy Machine, Laser",3070
TEC-HP -10004082,Technology,Copiers,"HP Fax and Copier, Digital",3078
TEC-CO-10000917,Technology,Copiers,"Hewlett Copy Machine, Color",3083
TEC-CO-10004081,Technology,Copiers,"HP Personal Copier, High-Speed",3084
TEC-CO-10004976,Technology,Copiers,"Brother Ink, High-Speed",3107
TEC-CO-10002583,Technology,Copiers,"Canon Fax and Copier, Color",3112
TEC-CO-10004078,Technology,Copiers,"Sharp Fax Machine, Laser",3118
TEC-CO-10004563,Technology,Copiers,"HP Copy Machine, Color",3153
TEC-CO-10003124,Technology,Copiers,"Canon Ink, Laser",3156
TEC-CO-10000013,Technology,Copiers,"Brother Fax Machine, Laser",3157
TEC-CO-10001413,Technology,Copiers,"Hewlett Wireless Fax, High-Speed",3165
TEC-CO-10001221,Technology,Copiers,"Brother Fax and Copier, Laser",3191
TEC-CO-10004998,Technology,Copiers,"HP Fax and Copier, Digital",3192
TEC-CO-10001595,Technology,Copiers,"Brother Copy Machine, Color",3193
TEC-CO-10000534,Technology,Copiers,"Sharp Copy Machine, Color",3197
TEC-CO-10001008,Technology,Copiers,"Canon Fax and Copier, Laser",3221
TEC-SHA-10003039,Technology,Copiers,"Sharp Fax and Copier, Digital",3261
TEC-HP -10001905,Technology,Copiers,"HP Personal Copier, Laser",3266
TEC-CO-10002434,Technology,Copiers,"Canon Fax and Copier, Laser",3309
TEC-CO-10003160,Technology,Copiers,"Brother Wireless Fax, Laser",3310
TEC-CO-10000775,Technology,Copiers,"Sharp Fax and Copier, Laser",3361
TEC-CAN-10003392,Technology,Copiers,"Canon Copy Machine, Color",3366
TEC-CO-10000663,Technology,Copiers,"HP Fax Machine, High-Speed",3380
TEC-HEW-10000365,Technology,Copiers,"Hewlett Copy Machine, Laser",3399
TEC-HP -10000464,Technology,Copiers,"HP Fax and Copier, Color",3404
TEC-CO-10002350,Technology,Copiers,"Canon Wireless Fax, Digital",3409
TEC-CO-10003102,Technology,Copiers,"Canon Copy Machine, Color",3413
TEC-CO-10004997,Technology,Copiers,"Hewlett Wireless Fax, Color",3427
TEC-CO-10000679,Technology,Copiers,"Hewlett Personal Copier, High-Speed",3438
TEC-CO-10001391,Technology,Copiers,"Sharp Ink, Color",3504
TEC-HP -10003618,Technology,Copiers,"HP Fax Machine, Digital",3521
TEC-HP -10001426,Technology,Copiers,"HP Personal Copier, Color",3535
TEC-HEW-10003531,Technology,Copiers,"Hewlett Copy Machine, High-Speed",3571
TEC-CO-10004147,Technology,Copiers,"Brother Fax and Copier, High-Speed",3597
TEC-CO-10000119,Technology,Copiers,"HP Fax Machine, Color",3601
TEC-CO-10001628,Technology,Copiers,"Sharp Personal Copier, Digital",3603
TEC-CO-10003362,Technology,Copiers,"Sharp Fax and Copier, High-Speed",3604
TEC-CO-10001487,Technology,Copiers,"Canon Ink, Digital",3645
TEC-CO-10004252,Technology,Copiers,"HP Ink, Color",3670
TEC-CO-10003342,Technology,Copiers,"Canon Wireless Fax, High-Speed",3671
TEC-CO-10002157,Technology,Copiers,"Canon Fax Machine, Laser",3676
TEC-CO-10002269,Technology,Copiers,"Brother Ink, Color",3685
TEC-CO-10001952,Technology,Copiers,"Hewlett Personal Copier, Digital",3686
TEC-CO-10002601,Technology,Copiers,"Brother Fax and Copier, Digital",3688
TEC-CO-10004089,Technology,Copiers,"Canon Copy Machine, Laser",3689
TEC-CAN-10002879,Technology,Copiers,"Canon Copy Machine, High-Speed",3730
TEC-HEW-10004833,Technology,Copiers,"Hewlett Ink, Color",3732
TEC-CO-10001234,Technology,Copiers,"Canon Fax Machine, Digital",3745
TEC-CO-10001271,Technology,Copiers,"Sharp Personal Copier, Color",3751
TEC-CO-10004928,Technology,Copiers,"Brother Copy Machine, Color",3752
TEC-CO-10004191,Technology,Copiers,"HP Ink, Laser",3772
TEC-CO-10002040,Technology,Copiers,"Brother Fax Machine, Digital",3781
TEC-CO-10000269,Technology,Copiers,"HP Ink, Laser",3805
TEC-CO-10001472,Technology,Copiers,"Sharp Copy Machine, Laser",3845
TEC-CO-10001531,Technology,Copiers,"Hewlett Fax and Copier, Color",3852
TEC-CO-10001445,Technology,Copiers,"Brother Personal Copier, High-Speed",3946
TEC-CO-10004756,Technology,Copiers,"Sharp Wireless Fax, Digital",3947
TEC-CO-10001001,Technology,Copiers,"HP Fax Machine, Digital",3962
TEC-CO-10001450,Technology,Copiers,"Canon Personal Copier, High-Speed",3970
TEC-CO-10000266,Technology,Copiers,"Canon Copy Machine, Color",3974
TEC-CO-10001177,Technology,Copiers,"HP Fax and Copier, Color",3985
TEC-CO-10002174,Technology,Copiers,"HP Copy Machine, Laser",3996
TEC-CO-10004365,Technology,Copiers,"HP Wireless Fax, Color",3997
TEC-BRO-10003401,Technology,Copiers,"Brother Fax and Copier, High-Speed",4007
TEC-CO-10002658,Technology,Copiers,"Hewlett Ink, Laser",4021
TEC-CO-10001222,Technology,Copiers,"Sharp Fax Machine, Laser",4028
TEC-CO-10002113,Technology,Copiers,"Canon Ink, Digital",4103
TEC-CO-10001968,Technology,Copiers,"Sharp Ink, High-Speed",4104
TEC-CO-10002700,Technology,Copiers,"Hewlett Fax and Copier, Digital",4105
TEC-CO-10003964,Technology,Copiers,"Canon Fax Machine, High-Speed",4106
TEC-CO-10003007,Technology,Copiers,"Hewlett Fax and Copier, Color",4107
TEC-CO-10001893,Technology,Copiers,"HP Wireless Fax, Color",4108
TEC-CO-10002063,Technology,Copiers,"Sharp Fax Machine, Color",4109
TEC-CO-10001678,Technology,Copiers,"Brother Fax Machine, Digital",4140
TEC-CO-10003807,Technology,Copiers,"HP Personal Copier, Laser",4170
TEC-CO-10000660,Technology,Copiers,"Hewlett Copy Machine, Color",4199
TEC-CO-10000228,Technology,Copiers,"Hewlett Personal Copier, Laser",4202
TEC-CO-10001596,Technology,Copiers,"Brother Wireless Fax, Color",4241
TEC-CO-10002095,Technology,Copiers,Hewlett Packard 610 Color Digital Copier / Printer,4262
TEC-CO-10002043,Technology,Copiers,"Canon Wireless Fax, Digital",4282
TEC-CO-10003228,Technology,Copiers,"Hewlett Copy Machine, Laser",4283
TEC-CO-10000967,Technology,Copiers,"HP Fax Machine, Laser",4287
TEC-SHA-10004151,Technology,Copiers,"Sharp Fax and Copier, Color",4297
TEC-CO-10002201,Technology,Copiers,"Sharp Ink, Color",4339
TEC-CO-10003212,Technology,Copiers,"HP Copy Machine, High-Speed",4340
TEC-BRO-10001293,Technology,Copiers,"Brother Personal Copier, Laser",4345
TEC-CO-10001926,Technology,Copiers,"Hewlett Wireless Fax, Laser",4369
TEC-CO-10002817,Technology,Copiers,"Sharp Fax and Copier, Digital",4394
TEC-CO-10004234,Technology,Copiers,"Canon Fax Machine, Laser",4422
TEC-CO-10003420,Technology,Copiers,"Sharp Wireless Fax, High-Speed",4423
TEC-CO-10002768,Technology,Copiers,"Sharp Fax Machine, High-Speed",4424
TEC-CO-10002697,Technology,Copiers,"Brother Wireless Fax, High-Speed",4444
TEC-CO-10004404,Technology,Copiers,"Brother Copy Machine, High-Speed",4471
TEC-CO-10003506,Technology,Copiers,"HP Fax Machine, Laser",4472
TEC-CO-10003992,Technology,Copiers,"HP Ink, Color",4483
TEC-CO-10001626,Technology,Copiers,"Brother Copy Machine, Color",4485
TEC-CO-10001766,Technology,Copiers,"Canon Fax Machine, Digital",4496
TEC-CO-10003471,Technology,Copiers,"Hewlett Fax and Copier, Color",4521
TEC-CO-10000956,Technology,Copiers,"Sharp Copy Machine, Laser",4585
TEC-CO-10002197,Technology,Copiers,"Hewlett Fax and Copier, High-Speed",4586
TEC-CAN-10004354,Technology,Copiers,"Canon Ink, Laser",4605
TEC-CAN-10001378,Technology,Copiers,"Canon Personal Copier, High-Speed",4606
TEC-SHA-10002753,Technology,Copiers,"Sharp Fax and Copier, High-Speed",4607
TEC-CO-10002110,Technology,Copiers,"Brother Personal Copier, Color",4609
TEC-CO-10002586,Technology,Copiers,"Brother Ink, Color",4610
TEC-CO-10004690,Technology,Copiers,"HP Wireless Fax, Digital",4611
TEC-CO-10003158,Technology,Copiers,"Sharp Wireless Fax, Laser",4612
TEC-CO-10004831,Technology,Copiers,"Brother Copy Machine, High-Speed",4613
TEC-CO-10001742,Technology,Copiers,"Sharp Copy Machine, Color",4614
TEC-CO-10000387,Technology,Copiers,"Hewlett Fax Machine, Color",4615
TEC-CO-10004306,Technology,Copiers,"HP Copy Machine, Color",4668
TEC-CO-10002065,Technology,Copiers,"Hewlett Copy Machine, Laser",4690
TEC-CO-10002759,Technology,Copiers,"HP Copy Machine, Laser",4699
TEC-CO-10000262,Technology,Copiers,"Brother Ink, Laser",4703
TEC-CO-10004535,Technology,Copiers,"Hewlett Fax Machine, High-Speed",4772
TEC-CO-10004170,Technology,Copiers,"HP Wireless Fax, High-Speed",4774
TEC-CO-10003448,Technology,Copiers,"Canon Personal Copier, Laser",4775
TEC-CO-10002872,Technology,Copiers,"Canon Ink, Color",4822
TEC-CO-10002657,Technology,Copiers,"Canon Copy Machine, High-Speed",4855
TEC-CO-10004367,Technology,Copiers,"Canon Wireless Fax, Digital",4859
TEC-CO-10004169,Technology,Copiers,"HP Ink, Digital",4869
TEC-CO-10002812,Technology,Copiers,"Canon Ink, Color",4902
TEC-HEW-10001710,Technology,Copiers,"Hewlett Ink, Laser",4960
TEC-SHA-10000306,Technology,Copiers,"Sharp Copy Machine, Color",4961
TEC-BRO-10000773,Technology,Copiers,"Brother Personal Copier, High-Speed",4978
TEC-SHA-10000479,Technology,Copiers,"Sharp Personal Copier, Digital",4979
TEC-CO-10001264,Technology,Copiers,"Canon Ink, Color",4993
TEC-CO-10000452,Technology,Copiers,"HP Copy Machine, Laser",5062
TEC-CO-10002617,Technology,Copiers,"Brother Fax Machine, High-Speed",5105
TEC-CO-10004171,Technology,Copiers,"Sharp Fax and Copier, Digital",5131
TEC-CO-10003982,Technology,Copiers,"HP Ink, High-Speed",5137
TEC-CO-10004078,Technology,Copiers,"HP Personal Copier, Laser",5155
TEC-CO-10001703,Technology,Copiers,"Brother Copy Machine, Laser",5164
TEC-CO-10000825,Technology,Copiers,"Brother Ink, Color",5178
TEC-CO-10003819,Technology,Copiers,"Sharp Copy Machine, High-Speed",5206
TEC-CO-10000222,Technology,Copiers,"Sharp Fax and Copier, Color",5220
TEC-CO-10001978,Technology,Copiers,"Hewlett Fax and Copier, High-Speed",5221
TEC-CO-10001468,Technology,Copiers,"Brother Fax Machine, Digital",5224
TEC-HP -10004149,Technology,Copiers,"HP Copy Machine, Color",5254
TEC-BRO-10003986,Technology,Copiers,"Brother Personal Copier, Color",5255
TEC-CO-10004664,Technology,Copiers,"Hewlett Personal Copier, Color",5264
TEC-CO-10004042,Technology,Copiers,"Brother Wireless Fax, Laser",5289
TEC-CO-10001725,Technology,Copiers,"Canon Ink, High-Speed",5297
TEC-CO-10001756,Technology,Copiers,"Canon Personal Copier, Color",5298
TEC-CO-10000407,Technology,Copiers,"HP Copy Machine, Color",5322
TEC-CO-10001818,Technology,Copiers,"Sharp Wireless Fax, Digital",5394
TEC-CO-10003678,Technology,Copiers,"HP Personal Copier, Color",5395
TEC-CAN-10001981,Technology,Copiers,"Canon Ink, High-Speed",5420
TEC-CAN-10004214,Technology,Copiers,"Canon Fax and Copier, Color",5426
TEC-CO-10003370,Technology,Copiers,"HP Ink, Color",5482
TEC-CO-10000070,Technology,Copiers,"Hewlett Copy Machine, High-Speed",5496
TEC-CO-10002150,Technology,Copiers,"Canon Fax and Copier, Digital",5549
TEC-CO-10002057,Technology,Copiers,"Sharp Copy Machine, Color",5551
TEC-CO-10000971,Technology,Copiers,Hewlett Packard 310 Color Digital Copier,5582
TEC-CO-10001795,Technology,Copiers,"Sharp Personal Copier, High-Speed",5615
TEC-CO-10004034,Technology,Copiers,"Canon Fax Machine, High-Speed",5617
TEC-CO-10001352,Technology,Copiers,"HP Ink, Digital",5637
TEC-CO-10001382,Technology,Copiers,"HP Personal Copier, Laser",5655
TEC-HP -10004590,Technology,Copiers,"HP Fax Machine, Color",5661
TEC-CO-10004202,Technology,Copiers,Brother DCP1000 Digital 3 in 1 Multifunction Machine,5784
TEC-CO-10001046,Technology,Copiers,Canon Imageclass D680 Copier / Fax,5796
TEC-CO-10001191,Technology,Copiers,"Sharp Wireless Fax, High-Speed",5892
TEC-SHA-10001309,Technology,Copiers,"Sharp Fax Machine, Digital",5923
TEC-CO-10001580,Technology,Copiers,"HP Ink, Digital",5941
TEC-CO-10004398,Technology,Copiers,"Brother Copy Machine, Color",5942
TEC-CO-10002009,Technology,Copiers,"Brother Wireless Fax, High-Speed",5968
TEC-CO-10001087,Technology,Copiers,"Hewlett Ink, Laser",5983
TEC-BRO-10004802,Technology,Copiers,"Brother Fax Machine, High-Speed",5991
TEC-SHA-10000244,Technology,Copiers,"Sharp Fax Machine, Laser",5998
TEC-CO-10002380,Technology,Copiers,"Canon Fax and Copier, High-Speed",6011
TEC-CO-10003342,Technology,Copiers,"Canon Fax Machine, High-Speed",6012
TEC-HP -10004451,Technology,Copiers,"HP Ink, Laser",6018
TEC-CO-10003633,Technology,Copiers,"Canon Ink, Laser",6041
TEC-CO-10004125,Technology,Copiers,"Sharp Ink, Laser",6075
TEC-CO-10003354,Technology,Copiers,"Brother Fax Machine, Laser",6078
TEC-CO-10004813,Technology,Copiers,"Hewlett Ink, Digital",6113
TEC-CO-10003587,Technology,Copiers,"Hewlett Personal Copier, Laser",6114
TEC-CO-10000847,Technology,Copiers,"Canon Personal Copier, Laser",6123
TEC-CO-10001937,Technology,Copiers,"Brother Fax and Copier, High-Speed",6142
TEC-CO-10004185,Technology,Copiers,"Sharp Personal Copier, High-Speed",6158
TEC-CO-10004589,Technology,Copiers,"Canon Wireless Fax, High-Speed",6159
TEC-CO-10001342,Technology,Copiers,"HP Wireless Fax, Digital",6213
TEC-CO-10003931,Technology,Copiers,"Hewlett Fax Machine, High-Speed",6241
TEC-CO-10004929,Technology,Copiers,"Canon Personal Copier, Color",6249
TEC-CO-10000560,Technology,Copiers,"Hewlett Ink, High-Speed",6253
TEC-CO-10001192,Technology,Copiers,"HP Personal Copier, Digital",6258
TEC-CO-10003608,Technology,Copiers,"Canon Fax Machine, Color",6290
TEC-CO-10001371,Technology,Copiers,"Sharp Fax and Copier, Laser",6299
TEC-CO-10001571,Technology,Copiers,Sharp 1540cs Digital Laser Copier,6413
TEC-CO-10001309,Technology,Copiers,"Hewlett Wireless Fax, Laser",6489
TEC-CO-10000043,Technology,Copiers,"Brother Fax Machine, Laser",6502
TEC-HEW-10000839,Technology,Copiers,"Hewlett Wireless Fax, Color",6538
TEC-SHA-10004874,Technology,Copiers,"Sharp Fax Machine, High-Speed",6555
TEC-BRO-10004328,Technology,Copiers,"Brother Fax Machine, Color",6556
TEC-CO-10003541,Technology,Copiers,"HP Copy Machine, Color",6596
TEC-CO-10003048,Technology,Copiers,"Hewlett Wireless Fax, Color",6633
TEC-CO-10002404,Technology,Copiers,"HP Fax Machine, Color",6641
TEC-CO-10004701,Technology,Copiers,"Sharp Copy Machine, High-Speed",6660
TEC-CO-10002427,Technology,Copiers,"Canon Copy Machine, Laser",6664
TEC-CO-10003142,Technology,Copiers,"Hewlett Fax and Copier, Laser",6671
TEC-CO-10002271,Technology,Copiers,"Sharp Fax Machine, Laser",6672
TEC-CO-10002674,Technology,Copiers,"Sharp Fax and Copier, High-Speed",6687
TEC-HP -10003559,Technology,Copiers,"HP Wireless Fax, Digital",6715
TEC-SHA-10000501,Technology,Copiers,"Sharp Wireless Fax, High-Speed",6720
TEC-CO-10003574,Technology,Copiers,"Brother Personal Copier, High-Speed",6723
TEC-BRO-10000374,Technology,Copiers,"Brother Ink, Laser",6785
TEC-CAN-10001853,Technology,Copiers,"Canon Fax Machine, High-Speed",6803
TEC-HEW-10001074,Technology,Copiers,"Hewlett Fax Machine, Color",6804
TEC-CO-10001818,Technology,Copiers,"Brother Ink, Digital",6831
TEC-BRO-10001568,Technology,Copiers,"Brother Wireless Fax, Digital",6843
TEC-CO-10002523,Technology,Copiers,"Hewlett Personal Copier, Laser",6867
TEC-CO-10003777,Technology,Copiers,"Hewlett Copy Machine, Color",6918
TEC-CO-10003917,Technology,Copiers,"HP Fax and Copier, Digital",6942
TEC-CO-10000594,Technology,Copiers,"Hewlett Fax and Copier, Laser",6952
TEC-CO-10002313,Technology,Copiers,Canon PC1080F Personal Copier,6964
TEC-CO-10000270,Technology,Copiers,"Hewlett Fax Machine, High-Speed",7018
TEC-CO-10001419,Technology,Copiers,"Hewlett Copy Machine, Color",7032
TEC-CO-10003570,Technology,Copiers,"Sharp Wireless Fax, High-Speed",7033
TEC-CAN-10001376,Technology,Copiers,"Canon Fax and Copier, High-Speed",7068
TEC-BRO-10003876,Technology,Copiers,"Brother Fax Machine, Laser",7078
TEC-CO-10003523,Technology,Copiers,"Brother Wireless Fax, High-Speed",7082
TEC-CO-10000854,Technology,Copiers,"Canon Personal Copier, Color",7104
TEC-CO-10002796,Technology,Copiers,"Canon Wireless Fax, Color",7105
TEC-CO-10000338,Technology,Copiers,"Hewlett Fax and Copier, High-Speed",7106
TEC-CO-10004662,Technology,Copiers,"Hewlett Fax Machine, Color",7155
TEC-CO-10003965,Technology,Copiers,"Brother Ink, Laser",7165
TEC-CO-10003694,Technology,Copiers,"Brother Wireless Fax, Color",7202
TEC-CO-10004325,Technology,Copiers,"Canon Personal Copier, Laser",7205
TEC-CO-10002571,Technology,Copiers,"Hewlett Personal Copier, Digital",7236
TEC-CO-10001142,Technology,Copiers,"Brother Ink, Digital",7263
TEC-CO-10002326,Technology,Copiers,"Canon Copy Machine, Color",7269
TEC-CO-10001629,Technology,Copiers,"Sharp Copy Machine, Color",7321
TEC-CAN-10004839,Technology,Copiers,"Canon Wireless Fax, Color",7329
TEC-HEW-10004652,Technology,Copiers,"Hewlett Personal Copier, Laser",7330
TEC-CO-10003525,Technology,Copiers,"Sharp Ink, Color",7342
TEC-BRO-10002579,Technology,Copiers,"Brother Copy Machine, Laser",7357
TEC-CO-10001589,Technology,Copiers,"Hewlett Wireless Fax, Digital",7382
TEC-CO-10001766,Technology,Copiers,Canon PC940 Copier,7386
TEC-CO-10003307,Technology,Copiers,"Hewlett Fax and Copier, Digital",7403
TEC-CO-10003474,Technology,Copiers,"Brother Personal Copier, Digital",7408
TEC-BRO-10001938,Technology,Copiers,"Brother Wireless Fax, High-Speed",7428
TEC-BRO-10003555,Technology,Copiers,"Brother Ink, High-Speed",7452
TEC-CO-10000178,Technology,Copiers,"Hewlett Ink, Laser",7464
TEC-CO-10004128,Technology,Copiers,"Brother Fax and Copier, Color",7511
TEC-CO-10004005,Technology,Copiers,"Sharp Copy Machine, Laser",7521
TEC-CO-10002284,Technology,Copiers,"Hewlett Copy Machine, Color",7522
TEC-CO-10000500,Technology,Copiers,"Canon Fax and Copier, High-Speed",7582
TEC-CO-10000972,Technology,Copiers,"Sharp Fax and Copier, Digital",7584
TEC-HP -10001577,Technology,Copiers,"HP Copy Machine, Laser",7620
TEC-CO-10003516,Technology,Copiers,"Sharp Ink, High-Speed",7661
TEC-CO-10003813,Technology,Copiers,"Sharp Ink, Color",7733
TEC-CO-10000243,Technology,Copiers,"Canon Fax and Copier, Digital",7742
TEC-CO-10003349,Technology,Copiers,"Hewlett Copy Machine, Color",7746
TEC-CO-10003166,Technology,Copiers,"Canon Fax Machine, Color",7758
TEC-CO-10000953,Technology,Copiers,"HP Wireless Fax, Laser",7764
TEC-CO-10000447,Technology,Copiers,"Canon Wireless Fax, Color",7777
TEC-CO-10002587,Technology,Copiers,"Sharp Fax and Copier, Laser",7809
TEC-CO-10001204,Technology,Copiers,"Sharp Copy Machine, Color",7811
TEC-CO-10003236,Technology,Copiers,Canon Image Class D660 Copier,7842
TEC-CO-10004567,Technology,Copiers,"Brother Fax Machine, Color",7855
TEC-CO-10003759,Technology,Copiers,"Canon Fax Machine, Laser",7909
TEC-CO-10000887,Technology,Copiers,"Hewlett Copy Machine, High-Speed",7918
TEC-HEW-10002304,Technology,Copiers,"Hewlett Fax Machine, High-Speed",7938
TEC-BRO-10002103,Technology,Copiers,"Brother Ink, Color",7939
TEC-CO-10002083,Technology,Copiers,"HP Fax and Copier, High-Speed",7941
TEC-CO-10000666,Technology,Copiers,"Hewlett Copy Machine, Laser",7946
TEC-CO-10002108,Technology,Copiers,"Brother Personal Copier, Color",7947
TEC-HEW-10004522,Technology,Copiers,"Hewlett Copy Machine, Color",7953
TEC-CO-10004267,Technology,Copiers,"Brother Ink, Laser",7963
TEC-CO-10003083,Technology,Copiers,"HP Fax Machine, High-Speed",7980
TEC-CO-10002465,Technology,Copiers,"HP Copy Machine, Color",8015
TEC-CO-10000172,Technology,Copiers,"Hewlett Ink, Digital",8042
TEC-CO-10004558,Technology,Copiers,"HP Ink, High-Speed",8049
TEC-CO-10004961,Technology,Copiers,"HP Wireless Fax, Color",8059
TEC-CO-10002673,Technology,Copiers,"Brother Fax and Copier, Laser",8068
TEC-CO-10002323,Technology,Copiers,"Brother Copy Machine, Color",8083
TEC-CO-10002788,Technology,Copiers,"Hewlett Personal Copier, Digital",8168
TEC-CO-10003204,Technology,Copiers,"HP Fax and Copier, High-Speed",8196
TEC-CO-10004125,Technology,Copiers,"HP Ink, High-Speed",8197
TEC-CAN-10001571,Technology,Copiers,"Canon Personal Copier, Laser",8206
TEC-BRO-10000917,Technology,Copiers,"Brother Fax Machine, Digital",8213
TEC-CAN-10004291,Technology,Copiers,"Canon Wireless Fax, Digital",8304
TEC-CO-10000786,Technology,Copiers,"Canon Fax Machine, Color",8306
TEC-CO-10003901,Technology,Copiers,"HP Copy Machine, Color",8310
TEC-CO-10000915,Technology,Copiers,"Hewlett Ink, High-Speed",8389
TEC-HEW-10001908,Technology,Copiers,"Hewlett Fax and Copier, Laser",8391
TEC-CO-10002467,Technology,Copiers,"Sharp Personal Copier, Laser",8395
TEC-CO-10000764,Technology,Copiers,"Brother Fax Machine, Color",8461
TEC-HEW-10002501,Technology,Copiers,"Hewlett Fax Machine, Laser",8473
TEC-HEW-10001558,Technology,Copiers,"Hewlett Personal Copier, High-Speed",8496
TEC-CAN-10001256,Technology,Copiers,"Canon Wireless Fax, High-Speed",8510
TEC-CO-10000372,Technology,Copiers,"Brother Ink, High-Speed",8518
TEC-BRO-10000381,Technology,Copiers,"Brother Fax and Copier, Laser",8525
TEC-CO-10000129,Technology,Copiers,"Brother Fax and Copier, Color",8595
TEC-HP -10002307,Technology,Copiers,"HP Fax and Copier, Laser",8654
TEC-HEW-10003460,Technology,Copiers,"Hewlett Fax and Copier, Color",8688
TEC-CO-10004904,Technology,Copiers,"Sharp Fax Machine, Digital",8696
TEC-CO-10004152,Technology,Copiers,"HP Ink, Laser",8720
TEC-HP -10004971,Technology,Copiers,"HP Wireless Fax, Color",8726
TEC-CAN-10000030,Technology,Copiers,"Canon Fax Machine, Laser",8741
TEC-SHA-10003353,Technology,Copiers,"Sharp Copy Machine, High-Speed",8742
TEC-SHA-10002034,Technology,Copiers,"Sharp Personal Copier, Laser",8749
TEC-SHA-10002696,Technology,Copiers,"Sharp Ink, Color",8750
TEC-SHA-10004184,Technology,Copiers,"Sharp Personal Copier, High-Speed",8767
TEC-CO-10001501,Technology,Copiers,"Canon Fax and Copier, Laser",8779
TEC-HEW-10004937,Technology,Copiers,"Hewlett Fax Machine, Digital",8786
TEC-HEW-10003260,Technology,Copiers,"Hewlett Fax and Copier, Digital",8794
TEC-CO-10001831,Technology,Copiers,"Sharp Personal Copier, Laser",8808
TEC-CO-10001162,Technology,Copiers,"Canon Wireless Fax, Laser",8809
TEC-CO-10000082,Technology,Copiers,"Canon Fax and Copier, Digital",8856
TEC-CO-10002240,Technology,Copiers,"Canon Copy Machine, High-Speed",8859
TEC-CO-10001787,Technology,Copiers,"HP Fax and Copier, Laser",8867
TEC-BRO-10004184,Technology,Copiers,"Brother Wireless Fax, Color",8878
TEC-CO-10000422,Technology,Copiers,"Brother Personal Copier, Digital",8884
TEC-CO-10004722,Technology,Copiers,Canon imageCLASS 2200 Advanced Copier,8922
TEC-HEW-10004172,Technology,Copiers,"Hewlett Wireless Fax, Laser",8926
TEC-CAN-10000932,Technology,Copiers,"Canon Fax Machine, Color",8941
TEC-SHA-10000052,Technology,Copiers,"Sharp Copy Machine, Color",8943
TEC-CO-10003800,Technology,Copiers,"Hewlett Wireless Fax, Color",8986
TEC-CO-10003346,Technology,Copiers,"Brother Wireless Fax, Digital",9003
TEC-CO-10002466,Technology,Copiers,"Brother Personal Copier, High-Speed",9009
TEC-CO-10004138,Technology,Copiers,"Sharp Wireless Fax, Digital",9028
TEC-CO-10003262,Technology,Copiers,"HP Wireless Fax, Laser",9060
TEC-CO-10001042,Technology,Copiers,"Sharp Fax and Copier, High-Speed",9062
TEC-CO-10004981,Technology,Copiers,"Sharp Personal Copier, Laser",9064
TEC-CO-10002567,Technology,Copiers,"Hewlett Fax and Copier, Laser",9098
TEC-CO-10004985,Technology,Copiers,"Hewlett Copy Machine, Color",9099
TEC-CO-10004406,Technology,Copiers,"Sharp Fax Machine, Digital",9108
TEC-CO-10002916,Technology,Copiers,"Hewlett Ink, Color",9133
TEC-CO-10003763,Technology,Copiers,Canon PC1060 Personal Laser Copier,9214
TEC-CO-10003655,Technology,Copiers,"Hewlett Wireless Fax, High-Speed",9233
TEC-CO-10001869,Technology,Copiers,"Brother Fax and Copier, High-Speed",9247
TEC-CO-10001425,Technology,Copiers,"HP Personal Copier, Color",9266
TEC-BRO-10000348,Technology,Copiers,"Brother Copy Machine, High-Speed",9268
TEC-CO-10004377,Technology,Copiers,"Brother Fax Machine, High-Speed",9307
TEC-CO-10001824,Technology,Copiers,"Sharp Personal Copier, Color",9379
TEC-CO-10000051,Technology,Copiers,"Sharp Wireless Fax, Color",9381
TEC-CO-10004045,Technology,Copiers,"Hewlett Ink, High-Speed",9387
TEC-CO-10000259,Technology,Copiers,"Hewlett Ink, Color",9411
TEC-CO-10001196,Technology,Copiers,"Brother Fax Machine, Color",9428
TEC-CO-10002062,Technology,Copiers,"Brother Personal Copier, Digital",9433
TEC-CO-10002538,Technology,Copiers,"Brother Fax and Copier, Color",9480
TEC-CO-10002681,Technology,Copiers,"HP Personal Copier, Digital",9483
TEC-CO-10004468,Technology,Copiers,"Canon Copy Machine, Digital",9501
TEC-CO-10002550,Technology,Copiers,"Sharp Ink, Digital",9507
TEC-CO-10002055,Technology,Copiers,"Hewlett Ink, Digital",9509
TEC-CO-10000137,Technology,Copiers,"Canon Wireless Fax, Color",9642
TEC-CO-10004901,Technology,Copiers,"HP Fax and Copier, Laser",9643
TEC-CO-10001919,Technology,Copiers,"Brother Fax Machine, Color",9648
TEC-CO-10003406,Technology,Copiers,"HP Fax and Copier, Laser",9652
TEC-CO-10004481,Technology,Copiers,"Canon Fax and Copier, Color",9654
TEC-CO-10003622,Technology,Copiers,"Sharp Ink, Digital",9691
TEC-CO-10001839,Technology,Copiers,"Hewlett Fax and Copier, Laser",9697
TEC-CO-10001317,Technology,Copiers,"Sharp Fax Machine, Digital",9740
TEC-CO-10003597,Technology,Copiers,"Brother Copy Machine, High-Speed",9766
TEC-CO-10004605,Technology,Copiers,"HP Copy Machine, Color",9771
TEC-CO-10004394,Technology,Copiers,"Canon Wireless Fax, Digital",9784
TEC-CO-10003019,Technology,Copiers,"Brother Fax Machine, High-Speed",9786
TEC-CO-10002423,Technology,Copiers,"Canon Personal Copier, High-Speed",9793
TEC-CO-10002659,Technology,Copiers,"Sharp Fax Machine, Color",9815
TEC-CO-10004115,Technology,Copiers,Sharp AL-1530CS Digital Copier,9882
TEC-CO-10001204,Technology,Copiers,"Canon Fax Machine, High-Speed",9915
TEC-CO-10000777,Technology,Copiers,"Brother Personal Copier, Laser",9934
TEC-HEW-10002302,Technology,Copiers,"Hewlett Copy Machine, Color",9936
TEC-CO-10004182,Technology,Copiers,"Hewlett Wireless Fax, Laser",9999
TEC-CO-10004570,Technology,Copiers,"Sharp Personal Copier, Digital",10004
TEC-CO-10004409,Technology,Copiers,"Hewlett Fax and Copier, High-Speed",10077
TEC-CO-10000961,Technology,Copiers,"Canon Copy Machine, Color",10098
TEC-CO-10004649,Technology,Copiers,"Brother Copy Machine, High-Speed",10104
TEC-CO-10003568,Technology,Copiers,"HP Copy Machine, Color",10111
TEC-CO-10001145,Technology,Copiers,"Canon Personal Copier, Digital",10119
TEC-HP -10003345,Technology,Copiers,"HP Fax and Copier, High-Speed",10142
TEC-HP -10001115,Technology,Copiers,"HP Ink, Digital",10184
TEC-CO-10001162,Technology,Copiers,"HP Fax and Copier, Color",10207
TEC-CO-10001093,Technology,Copiers,"HP Personal Copier, Digital",10215
TEC-CO-10000771,Technology,Copiers,"Canon Wireless Fax, Laser",10247
TEC-CAN-10002802,Technology,Copiers,"Canon Personal Copier, Digital",10285
TEC-CO-10002381,Technology,Copiers,"Brother Personal Copier, High-Speed",10298
TEC-CO-10000344,Technology,Copiers,"Hewlett Copy Machine, Color",10338
TEC-CO-10003226,Technology,Copiers,"Canon Fax Machine, Laser",10511
TEC-CO-10003087,Technology,Copiers,"Canon Wireless Fax, Laser",10538
TEC-CO-10001343,Technology,Copiers,"Canon Fax Machine, Digital",10553
TEC-CO-10002065,Technology,Copiers,"HP Fax Machine, High-Speed",10559
TEC-CO-10002040,Technology,Copiers,"Hewlett Fax and Copier, High-Speed",10564
TEC-CO-10000279,Technology,Copiers,"Hewlett Personal Copier, High-Speed",10565
TEC-CO-10001831,Technology,Copiers,"Sharp Wireless Fax, High-Speed",10584
TEC-CO-10002663,Technology,Copiers,"Sharp Wireless Fax, Laser",10589
TEC-CO-10000415,Technology,Copiers,"Brother Ink, Color",10602
TEC-CO-10003217,Technology,Copiers,"Canon Wireless Fax, Laser",10658
TEC-CO-10001864,Technology,Copiers,"Brother Ink, High-Speed",10662
TEC-CO-10001301,Technology,Copiers,"Sharp Copy Machine, Laser",10663
TEC-CO-10002696,Technology,Copiers,"Hewlett Personal Copier, Color",10705
TEC-CO-10002678,Technology,Copiers,"Brother Wireless Fax, High-Speed",10706
TEC-CO-10001741,Technology,Copiers,"Brother Copy Machine, Color",10713
TEC-CO-10003924,Technology,Copiers,"Brother Ink, Digital",10728
TEC-CO-10002122,Technology,Copiers,"Hewlett Fax Machine, Digital",10734
TEC-SHA-10001976,Technology,Copiers,"Sharp Ink, High-Speed",10765
TEC-LOG-10002018,Technology,Accessories,"Logitech Memory Card, Erganomic",53
TEC-LOG-10003634,Technology,Accessories,"Logitech Numeric Keypad, Programmable",131
TEC-MEM-10000582,Technology,Accessories,"Memorex Flash Drive, Bluetooth",132
TEC-MEM-10002919,Technology,Accessories,"Memorex Flash Drive, USB",133
TEC-BEL-10003896,Technology,Accessories,"Belkin Mouse, Erganomic",134
TEC-LOG-10003651,Technology,Accessories,"Logitech Router, Programmable",157
TEC-BEL-10002476,Technology,Accessories,"Belkin Router, Bluetooth",162
TEC-SAN-10002954,Technology,Accessories,"SanDisk Memory Card, Programmable",214
TEC-BEL-10004162,Technology,Accessories,"Belkin Flash Drive, Erganomic",225
TEC-SAN-10002477,Technology,Accessories,"SanDisk Flash Drive, Bluetooth",239
TEC-AC-10004070,Technology,Accessories,"Memorex Router, Programmable",241
TEC-AC-10000336,Technology,Accessories,"Enermax Mouse, Bluetooth",272
TEC-ENE-10000895,Technology,Accessories,"Enermax Mouse, Bluetooth",315
TEC-AC-10004652,Technology,Accessories,"Belkin Mouse, Erganomic",342
TEC-AC-10003408,Technology,Accessories,"Enermax Keyboard, Programmable",345
TEC-AC-10002533,Technology,Accessories,"Enermax Memory Card, USB",352
TEC-AC-10004414,Technology,Accessories,"Enermax Router, Bluetooth",353
TEC-AC-10002255,Technology,Accessories,"Memorex Keyboard, Erganomic",361
TEC-AC-10001735,Technology,Accessories,"Logitech Mouse, Bluetooth",365
TEC-AC-10003750,Technology,Accessories,"Memorex Memory Card, Erganomic",380
TEC-AC-10004566,Technology,Accessories,"Belkin Mouse, USB",399
TEC-AC-10000420,Technology,Accessories,"Belkin Router, USB",410
TEC-AC-10002335,Technology,Accessories,"Belkin Memory Card, USB",468
TEC-MEM-10004524,Technology,Accessories,"Memorex Memory Card, Programmable",510
TEC-BEL-10003177,Technology,Accessories,"Belkin Keyboard, Erganomic",512
TEC-AC-10004487,Technology,Accessories,"Memorex Router, Erganomic",528
TEC-AC-10004938,Technology,Accessories,"Belkin Mouse, Bluetooth",529
TEC-AC-10002172,Technology,Accessories,"Memorex Keyboard, Programmable",543
TEC-BEL-10003875,Technology,Accessories,"Belkin Memory Card, Programmable",562
TEC-AC-10001187,Technology,Accessories,"Memorex Keyboard, USB",587
TEC-AC-10002795,Technology,Accessories,"Memorex Mouse, Programmable",611
TEC-LOG-10003254,Technology,Accessories,"Logitech Keyboard, Programmable",624
TEC-AC-10003280,Technology,Accessories,Belkin F8E887 USB Wired Ergonomic Keyboard,644
TEC-AC-10000420,Technology,Accessories,Logitech G500s Laser Gaming Mouse with Adjustable Weight Tuning,645
TEC-LOG-10001137,Technology,Accessories,"Logitech Keyboard, Bluetooth",682
TEC-LOG-10002431,Technology,Accessories,"Logitech Numeric Keypad, Bluetooth",689
TEC-MEM-10004014,Technology,Accessories,"Memorex Router, Bluetooth",717
TEC-BEL-10004950,Technology,Accessories,"Belkin Numeric Keypad, Erganomic",720
TEC-AC-10004709,Technology,Accessories,"Logitech Flash Drive, USB",733
TEC-AC-10004001,Technology,Accessories,Logitech Wireless Headset H600 Over-The-Head Design,772
TEC-AC-10002842,Technology,Accessories,WD My Passport Ultra 2TB Portable External Hard Drive,773
TEC-AC-10000462,Technology,Accessories,"Logitech Keyboard, Programmable",779
TEC-AC-10002688,Technology,Accessories,"Memorex Memory Card, Bluetooth",786
TEC-AC-10002482,Technology,Accessories,"Logitech Mouse, Erganomic",788
TEC-AC-10002455,Technology,Accessories,"Logitech Flash Drive, Programmable",791
TEC-AC-10001500,Technology,Accessories,"Logitech Memory Card, Erganomic",792
TEC-MEM-10003743,Technology,Accessories,"Memorex Numeric Keypad, Bluetooth",877
TEC-BEL-10002324,Technology,Accessories,"Belkin Keyboard, Bluetooth",893
TEC-LOG-10004405,Technology,Accessories,"Logitech Router, Bluetooth",894
TEC-SAN-10002254,Technology,Accessories,"SanDisk Mouse, USB",895
TEC-LOG-10001750,Technology,Accessories,"Logitech Mouse, USB",932
TEC-AC-10003038,Technology,Accessories,Kingston Digital DataTraveler 16GB USB 2.0,987
TEC-AC-10000290,Technology,Accessories,Sabrent 4-Port USB 2.0 Hub,991
TEC-AC-10002348,Technology,Accessories,"Enermax Memory Card, USB",1030
TEC-AC-10002670,Technology,Accessories,"Logitech Mouse, Erganomic",1047
TEC-AC-10004975,Technology,Accessories,Plantronics Audio 995 Wireless Stereo Headset,1056
TEC-AC-10003832,Technology,Accessories,Imation?16GB Mini TravelDrive USB 2.0?Flash Drive,1060
TEC-AC-10003172,Technology,Accessories,"Memorex Numeric Keypad, Bluetooth",1089
TEC-AC-10000284,Technology,Accessories,"Belkin Flash Drive, Bluetooth",1130
TEC-AC-10001002,Technology,Accessories,"SanDisk Memory Card, USB",1136
TEC-AC-10000815,Technology,Accessories,"Enermax Flash Drive, Erganomic",1168
TEC-AC-10000827,Technology,Accessories,"SanDisk Keyboard, Programmable",1169
TEC-ENE-10003125,Technology,Accessories,"Enermax Flash Drive, Programmable",1184
TEC-AC-10000057,Technology,Accessories,Microsoft Natural Ergonomic Keyboard 4000,1196
TEC-SAN-10003793,Technology,Accessories,"SanDisk Memory Card, Erganomic",1238
TEC-AC-10000089,Technology,Accessories,"SanDisk Router, Bluetooth",1251
TEC-SAN-10001506,Technology,Accessories,"SanDisk Router, Programmable",1261
TEC-LOG-10003995,Technology,Accessories,"Logitech Numeric Keypad, Erganomic",1265
TEC-BEL-10001971,Technology,Accessories,"Belkin Flash Drive, USB",1268
TEC-SAN-10000142,Technology,Accessories,"SanDisk Mouse, Erganomic",1269
TEC-SAN-10000060,Technology,Accessories,"SanDisk Mouse, Bluetooth",1308
TEC-MEM-10000649,Technology,Accessories,"Memorex Numeric Keypad, Bluetooth",1316
TEC-BEL-10003985,Technology,Accessories,"Belkin Router, USB",1319
TEC-AC-10002049,Technology,Accessories,Logitech G19 Programmable Gaming Keyboard,1329
TEC-BEL-10002106,Technology,Accessories,"Belkin Memory Card, Bluetooth",1344
TEC-AC-10001251,Technology,Accessories,"Belkin Numeric Keypad, Erganomic",1348
TEC-AC-10001942,Technology,Accessories,"Memorex Flash Drive, Programmable",1351
TEC-AC-10002086,Technology,Accessories,"SanDisk Keyboard, Erganomic",1372
TEC-SAN-10004424,Technology,Accessories,"SanDisk Router, Bluetooth",1383
TEC-LOG-10001871,Technology,Accessories,"Logitech Router, USB",1427
TEC-AC-10001987,Technology,Accessories,"Memorex Numeric Keypad, Bluetooth",1473
TEC-AC-10002914,Technology,Accessories,"Memorex Router, Programmable",1474
TEC-AC-10002712,Technology,Accessories,"Enermax Keyboard, Erganomic",1477
TEC-AC-10004571,Technology,Accessories,"Logitech Router, Programmable",1485
TEC-AC-10000397,Technology,Accessories,"Enermax Mouse, USB",1509
TEC-AC-10000254,Technology,Accessories,"Enermax Flash Drive, Bluetooth",1518
TEC-AC-10002581,Technology,Accessories,"SanDisk Flash Drive, Erganomic",1543
TEC-AC-10000763,Technology,Accessories,"SanDisk Memory Card, USB",1558
TEC-AC-10000241,Technology,Accessories,"Enermax Numeric Keypad, Bluetooth",1602
TEC-AC-10001754,Technology,Accessories,"SanDisk Memory Card, Bluetooth",1603
TEC-AC-10002370,Technology,Accessories,"SanDisk Flash Drive, Bluetooth",1604
TEC-AC-10000151,Technology,Accessories,"SanDisk Flash Drive, Erganomic",1605
TEC-AC-10000501,Technology,Accessories,"Enermax Router, Programmable",1629
TEC-AC-10003159,Technology,Accessories,"SanDisk Router, USB",1630
TEC-AC-10003033,Technology,Accessories,Plantronics CS510 - Over-the-Head monaural Wireless Headset System,1652
TEC-AC-10003955,Technology,Accessories,"Memorex Router, Erganomic",1668
TEC-AC-10001948,Technology,Accessories,"Belkin Numeric Keypad, USB",1679
TEC-ENE-10004627,Technology,Accessories,"Enermax Router, Erganomic",1689
TEC-AC-10002048,Technology,Accessories,"Enermax Flash Drive, Bluetooth",1699
TEC-AC-10000271,Technology,Accessories,"Enermax Router, Erganomic",1706
TEC-BEL-10002678,Technology,Accessories,"Belkin Memory Card, Erganomic",1742
TEC-AC-10003851,Technology,Accessories,"Memorex Keyboard, Bluetooth",1743
TEC-SAN-10000740,Technology,Accessories,"SanDisk Numeric Keypad, Bluetooth",1754
TEC-AC-10001705,Technology,Accessories,"Logitech Keyboard, Bluetooth",1786
TEC-AC-10003335,Technology,Accessories,"SanDisk Memory Card, Erganomic",1803
TEC-AC-10002550,Technology,Accessories,Maxell 4.7GB DVD-RW 3/Pack,1826
TEC-AC-10000109,Technology,Accessories,Sony Micro Vault Click 16 GB USB 2.0 Flash Drive,1834
TEC-AC-10001635,Technology,Accessories,KeyTronic?KT400U2 -?Keyboard?- Black,1853
TEC-AC-10002942,Technology,Accessories,WD My Passport Ultra 1TB Portable External Hard Drive,1857
TEC-AC-10001600,Technology,Accessories,"Belkin Numeric Keypad, Bluetooth",1874
TEC-AC-10000883,Technology,Accessories,"Belkin Mouse, Bluetooth",1881
TEC-AC-10003063,Technology,Accessories,"Belkin Router, Bluetooth",1882
TEC-AC-10003044,Technology,Accessories,"Belkin Numeric Keypad, Erganomic",1884
TEC-AC-10003927,Technology,Accessories,"Belkin Numeric Keypad, Bluetooth",1893
TEC-AC-10000203,Technology,Accessories,"SanDisk Router, Bluetooth",1903
TEC-AC-10004853,Technology,Accessories,"Logitech Memory Card, Programmable",1915
TEC-LOG-10000546,Technology,Accessories,"Logitech Mouse, Bluetooth",1923
TEC-LOG-10002262,Technology,Accessories,"Logitech Flash Drive, Bluetooth",1924
TEC-ENE-10004236,Technology,Accessories,"Enermax Flash Drive, Bluetooth",1944
TEC-MEM-10002280,Technology,Accessories,"Memorex Flash Drive, Erganomic",1988
TEC-ENE-10002686,Technology,Accessories,"Enermax Numeric Keypad, Erganomic",1998
TEC-AC-10001539,Technology,Accessories,Logitech G430 Surround Sound Gaming Headset with Dolby 7.1 Technology,2006
TEC-AC-10004568,Technology,Accessories,Maxell?LTO Ultrium - 800 GB,2038
TEC-AC-10004145,Technology,Accessories,Logitech diNovo Edge Keyboard,2041
TEC-AC-10003441,Technology,Accessories,Kingston Digital DataTraveler 32GB USB 2.0,2044
TEC-AC-10001311,Technology,Accessories,"Belkin Keyboard, Erganomic",2049
TEC-AC-10000588,Technology,Accessories,"SanDisk Flash Drive, Bluetooth",2092
TEC-AC-10002145,Technology,Accessories,"Belkin Memory Card, Programmable",2094
TEC-AC-10001455,Technology,Accessories,"Logitech Memory Card, Erganomic",2103
TEC-AC-10000519,Technology,Accessories,"Belkin Keyboard, Programmable",2107
TEC-AC-10004171,Technology,Accessories,"SanDisk Numeric Keypad, Bluetooth",2148
TEC-AC-10000540,Technology,Accessories,"Logitech Mouse, Erganomic",2149
TEC-AC-10001295,Technology,Accessories,"Memorex Memory Card, Bluetooth",2166
TEC-AC-10003951,Technology,Accessories,"Belkin Mouse, Bluetooth",2180
TEC-AC-10004696,Technology,Accessories,"Logitech Mouse, Programmable",2186
TEC-AC-10002017,Technology,Accessories,"Belkin Memory Card, Erganomic",2203
TEC-AC-10000494,Technology,Accessories,"Logitech Numeric Keypad, USB",2205
TEC-AC-10000929,Technology,Accessories,"Belkin Mouse, Bluetooth",2208
TEC-AC-10003640,Technology,Accessories,"SanDisk Mouse, Programmable",2238
TEC-AC-10001267,Technology,Accessories,Imation?32GB Pocket Pro USB 3.0?Flash Drive?- 32 GB - Black - 1 P ...,2272
TEC-AC-10003027,Technology,Accessories,Imation?8GB Mini TravelDrive USB 2.0?Flash Drive,2274
TEC-AC-10001552,Technology,Accessories,Logitech K350 2.4Ghz Wireless Keyboard,2279
TEC-AC-10003657,Technology,Accessories,Lenovo 17-Key USB Numeric Keypad,2285
TEC-AC-10002018,Technology,Accessories,AmazonBasics 3-Button USB Wired Mouse,2308
TEC-AC-10003628,Technology,Accessories,Logitech 910-002974 M325 Wireless Mouse for Web Scrolling,2314
TEC-AC-10002331,Technology,Accessories,"Maxell 74 Minute CDR, 10/Pack",2315
TEC-AC-10001714,Technology,Accessories,Logitech?MX Performance Wireless Mouse,2317
TEC-AC-10003487,Technology,Accessories,"Enermax Mouse, Erganomic",2332
TEC-AC-10000866,Technology,Accessories,"Belkin Router, Erganomic",2336
TEC-AC-10002324,Technology,Accessories,"Enermax Numeric Keypad, Bluetooth",2339
TEC-AC-10001441,Technology,Accessories,"SanDisk Mouse, Erganomic",2353
TEC-AC-10002550,Technology,Accessories,"Memorex 25GB 6X Branded Blu-Ray Recordable Disc, 30/Pack",2365
TEC-AC-10002345,Technology,Accessories,HP Standard 104 key PS/2 Keyboard,2367
TEC-AC-10003857,Technology,Accessories,"Memorex Keyboard, Programmable",2389
TEC-AC-10003970,Technology,Accessories,"SanDisk Numeric Keypad, Bluetooth",2390
TEC-AC-10003895,Technology,Accessories,"Enermax Mouse, Bluetooth",2425
TEC-ENE-10000817,Technology,Accessories,"Enermax Mouse, USB",2453
TEC-SAN-10003238,Technology,Accessories,"SanDisk Router, Erganomic",2517
TEC-LOG-10002589,Technology,Accessories,"Logitech Memory Card, USB",2553
TEC-AC-10000860,Technology,Accessories,"Enermax Numeric Keypad, USB",2578
TEC-AC-10002110,Technology,Accessories,"Memorex Mouse, Programmable",2584
TEC-AC-10002257,Technology,Accessories,"Logitech Numeric Keypad, Bluetooth",2654
TEC-AC-10003964,Technology,Accessories,"SanDisk Flash Drive, USB",2665
TEC-AC-10004510,Technology,Accessories,Logitech Desktop MK120 Mouse and keyboard Combo,2692
TEC-SAN-10004721,Technology,Accessories,"SanDisk Numeric Keypad, Bluetooth",2710
TEC-MEM-10001163,Technology,Accessories,"Memorex Mouse, Erganomic",2727
TEC-AC-10002244,Technology,Accessories,"Enermax Router, Erganomic",2730
TEC-AC-10004938,Technology,Accessories,"Memorex Router, Bluetooth",2739
TEC-AC-10004306,Technology,Accessories,"Belkin Keyboard, Bluetooth",2761
TEC-AC-10004012,Technology,Accessories,"Enermax Flash Drive, Erganomic",2830
TEC-AC-10000483,Technology,Accessories,"SanDisk Memory Card, Bluetooth",2831
TEC-AC-10002243,Technology,Accessories,"SanDisk Keyboard, Programmable",2846
TEC-AC-10000896,Technology,Accessories,"Belkin Numeric Keypad, Erganomic",2847
TEC-AC-10000742,Technology,Accessories,"SanDisk Flash Drive, Erganomic",2850
TEC-AC-10001664,Technology,Accessories,"SanDisk Keyboard, USB",2859
TEC-AC-10000269,Technology,Accessories,"Memorex Numeric Keypad, USB",2861
TEC-AC-10001254,Technology,Accessories,"Enermax Memory Card, Programmable",2862
TEC-AC-10000332,Technology,Accessories,"Logitech Keyboard, USB",2924
TEC-AC-10004081,Technology,Accessories,"Logitech Keyboard, Bluetooth",2964
TEC-AC-10004054,Technology,Accessories,"Memorex Keyboard, Bluetooth",2992
TEC-AC-10001438,Technology,Accessories,"SanDisk Flash Drive, Programmable",3034
TEC-AC-10002473,Technology,Accessories,Maxell 4.7GB DVD-R,3037
TEC-MEM-10002005,Technology,Accessories,"Memorex Router, Erganomic",3043
TEC-AC-10001082,Technology,Accessories,"Enermax Keyboard, Bluetooth",3045
TEC-AC-10001278,Technology,Accessories,"Enermax Flash Drive, USB",3066
TEC-AC-10004562,Technology,Accessories,"Enermax Flash Drive, Programmable",3081
TEC-AC-10003518,Technology,Accessories,"Logitech Router, USB",3105
TEC-AC-10003666,Technology,Accessories,"Memorex Router, Bluetooth",3106
TEC-AC-10000530,Technology,Accessories,"Logitech Memory Card, Bluetooth",3111
TEC-AC-10001666,Technology,Accessories,"Memorex Numeric Keypad, Erganomic",3155
TEC-AC-10001791,Technology,Accessories,"Memorex Mouse, Programmable",3169
TEC-AC-10000890,Technology,Accessories,"Belkin Router, USB",3177
TEC-AC-10002159,Technology,Accessories,"Logitech Router, Erganomic",3190
TEC-AC-10004801,Technology,Accessories,"Logitech Mouse, Programmable",3213
TEC-AC-10004557,Technology,Accessories,"Logitech Mouse, USB",3228
TEC-LOG-10001482,Technology,Accessories,"Logitech Keyboard, Erganomic",3259
TEC-MEM-10000374,Technology,Accessories,"Memorex Router, Programmable",3260
TEC-MEM-10001732,Technology,Accessories,"Memorex Numeric Keypad, USB",3276
TEC-BEL-10002153,Technology,Accessories,"Belkin Flash Drive, Bluetooth",3280
TEC-AC-10003454,Technology,Accessories,"Enermax Memory Card, Erganomic",3298
TEC-AC-10001904,Technology,Accessories,"Logitech Mouse, Bluetooth",3320
TEC-AC-10002006,Technology,Accessories,Memorex Micro Travel Drive 16 GB,3330
TEC-AC-10001314,Technology,Accessories,Case Logic 2.4GHz Wireless Keyboard,3340
TEC-AC-10004171,Technology,Accessories,Razer Kraken 7.1 Surround Sound Over Ear USB Gaming Headset,3341
TEC-AC-10002702,Technology,Accessories,"Enermax Keyboard, Bluetooth",3391
TEC-SAN-10002684,Technology,Accessories,"SanDisk Flash Drive, USB",3398
TEC-AC-10000499,Technology,Accessories,"Memorex Memory Card, USB",3410
TEC-AC-10001608,Technology,Accessories,"Memorex Flash Drive, USB",3412
TEC-AC-10000111,Technology,Accessories,"SanDisk Mouse, USB",3430
TEC-AC-10003951,Technology,Accessories,"Logitech Numeric Keypad, USB",3442
TEC-AC-10000097,Technology,Accessories,"Memorex Keyboard, Bluetooth",3449
TEC-AC-10001463,Technology,Accessories,"Logitech Numeric Keypad, Programmable",3455
TEC-LOG-10004419,Technology,Accessories,"Logitech Flash Drive, USB",3457
TEC-AC-10003570,Technology,Accessories,"Memorex Flash Drive, Erganomic",3459
TEC-AC-10002402,Technology,Accessories,Razer Kraken PRO Over Ear PC and Music Headset,3466
TEC-AC-10002357,Technology,Accessories,"SanDisk Numeric Keypad, USB",3480
TEC-AC-10001172,Technology,Accessories,"Logitech Numeric Keypad, Erganomic",3481
TEC-AC-10000335,Technology,Accessories,"Belkin Router, Programmable",3489
TEC-AC-10002014,Technology,Accessories,"Belkin Flash Drive, USB",3507
TEC-AC-10003753,Technology,Accessories,"SanDisk Router, Programmable",3516
TEC-ENE-10000235,Technology,Accessories,"Enermax Mouse, Programmable",3522
TEC-SAN-10000250,Technology,Accessories,"SanDisk Memory Card, USB",3523
TEC-LOG-10003539,Technology,Accessories,"Logitech Mouse, Erganomic",3543
TEC-AC-10003105,Technology,Accessories,"Memorex Numeric Keypad, Bluetooth",3569
TEC-AC-10004556,Technology,Accessories,"Enermax Memory Card, Programmable",3584
TEC-AC-10004054,Technology,Accessories,"Memorex Memory Card, Erganomic",3591
TEC-AC-10004753,Technology,Accessories,"Logitech Memory Card, Erganomic",3602
TEC-AC-10003611,Technology,Accessories,"Memorex Mouse, USB",3605
TEC-AC-10000140,Technology,Accessories,"Enermax Numeric Keypad, Bluetooth",3641
TEC-AC-10004808,Technology,Accessories,"Memorex Router, Erganomic",3651
TEC-AC-10004997,Technology,Accessories,"Belkin Memory Card, Bluetooth",3672
TEC-AC-10004679,Technology,Accessories,"Enermax Flash Drive, Programmable",3674
TEC-AC-10001226,Technology,Accessories,"Enermax Mouse, Programmable",3675
TEC-AC-10004791,Technology,Accessories,"Belkin Keyboard, USB",3679
TEC-AC-10003403,Technology,Accessories,"Enermax Router, USB",3690
TEC-AC-10002158,Technology,Accessories,"Enermax Memory Card, Erganomic",3693
TEC-AC-10003615,Technology,Accessories,"SanDisk Router, Programmable",3743
TEC-SAN-10004181,Technology,Accessories,"SanDisk Keyboard, USB",3748
TEC-AC-10004812,Technology,Accessories,"SanDisk Mouse, Erganomic",3755
TEC-AC-10002025,Technology,Accessories,"Memorex Flash Drive, Bluetooth",3765
TEC-AC-10000598,Technology,Accessories,"Belkin Flash Drive, USB",3771
TEC-AC-10003889,Technology,Accessories,"Enermax Mouse, USB",3789
TEC-AC-10001703,Technology,Accessories,"Memorex Keyboard, USB",3797
TEC-AC-10000221,Technology,Accessories,"Belkin Memory Card, Programmable",3802
TEC-AC-10000642,Technology,Accessories,"Logitech Flash Drive, Bluetooth",3806
TEC-SAN-10004215,Technology,Accessories,"SanDisk Keyboard, Bluetooth",3813
TEC-AC-10002996,Technology,Accessories,"Enermax Mouse, Erganomic",3870
TEC-AC-10002799,Technology,Accessories,"Memorex Memory Card, Programmable",3877
TEC-AC-10001100,Technology,Accessories,"Logitech Router, Bluetooth",3900
TEC-AC-10000682,Technology,Accessories,Kensington K72356US Mouse-in-a-Box USB Desktop Mouse,3960
TEC-MEM-10004782,Technology,Accessories,"Memorex Keyboard, Erganomic",3976
TEC-AC-10001197,Technology,Accessories,"Logitech Memory Card, Erganomic",3982
TEC-AC-10000521,Technology,Accessories,"Verbatim Slim CD and DVD Storage Cases, 50/Pack",3987
TEC-AC-10003506,Technology,Accessories,"Enermax Router, Erganomic",3993
TEC-AC-10002883,Technology,Accessories,"Belkin Flash Drive, USB",3998
TEC-AC-10004848,Technology,Accessories,"SanDisk Memory Card, Erganomic",4027
TEC-AC-10001491,Technology,Accessories,"Enermax Flash Drive, Bluetooth",4075
TEC-AC-10001688,Technology,Accessories,"Enermax Keyboard, Programmable",4085
TEC-AC-10001355,Technology,Accessories,"Memorex Router, Programmable",4091
TEC-AC-10000692,Technology,Accessories,"Logitech Keyboard, Erganomic",4101
TEC-AC-10002170,Technology,Accessories,"Logitech Flash Drive, Programmable",4102
TEC-AC-10001109,Technology,Accessories,Logitech Trackman Marble Mouse,4110
TEC-AC-10002363,Technology,Accessories,"Logitech Keyboard, USB",4132
TEC-AC-10002844,Technology,Accessories,"SanDisk Flash Drive, USB",4134
TEC-AC-10001951,Technology,Accessories,"Enermax Memory Card, Erganomic",4163
TEC-AC-10004203,Technology,Accessories,"Logitech Flash Drive, Bluetooth",4168
TEC-AC-10003463,Technology,Accessories,"Enermax Numeric Keypad, USB",4194
TEC-AC-10003343,Technology,Accessories,"Logitech Flash Drive, Erganomic",4195
TEC-ENE-10004728,Technology,Accessories,"Enermax Keyboard, Erganomic",4215
TEC-SAN-10001899,Technology,Accessories,"SanDisk Keyboard, Erganomic",4216
TEC-AC-10002738,Technology,Accessories,"Belkin Memory Card, Programmable",4218
TEC-AC-10003174,Technology,Accessories,Plantronics S12 Corded Telephone Headset System,4222
TEC-LOG-10004917,Technology,Accessories,"Logitech Memory Card, Programmable",4232
TEC-AC-10004508,Technology,Accessories,"SanDisk Numeric Keypad, Bluetooth",4251
TEC-AC-10003116,Technology,Accessories,Memorex Froggy Flash Drive 8 GB,4260
TEC-AC-10002335,Technology,Accessories,Logitech Media Keyboard K200,4266
TEC-AC-10003814,Technology,Accessories,"Belkin Router, Programmable",4308
TEC-AC-10001047,Technology,Accessories,"SanDisk Router, Erganomic",4337
TEC-AC-10004043,Technology,Accessories,"Memorex Numeric Keypad, Erganomic",4338
TEC-AC-10004469,Technology,Accessories,Microsoft Sculpt Comfort Mouse,4386
TEC-AC-10003289,Technology,Accessories,Anker Ultra-Slim Mini Bluetooth 3.0 Wireless Keyboard,4387
TEC-AC-10000450,Technology,Accessories,"Enermax Keyboard, USB",4401
TEC-AC-10003571,Technology,Accessories,"Memorex Numeric Keypad, Bluetooth",4416
TEC-AC-10003711,Technology,Accessories,"Memorex Mouse, Erganomic",4432
TEC-AC-10004704,Technology,Accessories,"SanDisk Numeric Keypad, USB",4450
TEC-AC-10004334,Technology,Accessories,"Logitech Router, Erganomic",4460
TEC-AC-10003217,Technology,Accessories,"Enermax Keyboard, USB",4464
TEC-AC-10004195,Technology,Accessories,"Memorex Numeric Keypad, Bluetooth",4474
TEC-AC-10002884,Technology,Accessories,"Belkin Keyboard, USB",4480
TEC-AC-10003668,Technology,Accessories,"Belkin Memory Card, Bluetooth",4497
TEC-AC-10003659,Technology,Accessories,"Memorex Memory Card, Programmable",4502
TEC-AC-10002219,Technology,Accessories,"SanDisk Memory Card, Programmable",4618
TEC-AC-10002458,Technology,Accessories,"Logitech Mouse, Bluetooth",4622
TEC-AC-10000957,Technology,Accessories,"Logitech Memory Card, Bluetooth",4624
TEC-AC-10003081,Technology,Accessories,"Memorex Mouse, USB",4666
TEC-AC-10001728,Technology,Accessories,"SanDisk Flash Drive, Programmable",4709
TEC-AC-10004044,Technology,Accessories,"SanDisk Mouse, Programmable",4724
TEC-AC-10001055,Technology,Accessories,"Enermax Numeric Keypad, Bluetooth",4725
TEC-AC-10000844,Technology,Accessories,Logitech?Gaming G510s - Keyboard,4736
TEC-AC-10002221,Technology,Accessories,"Memorex Mouse, Bluetooth",4758
TEC-AC-10004897,Technology,Accessories,"Logitech Keyboard, Programmable",4760
TEC-AC-10001616,Technology,Accessories,"SanDisk Numeric Keypad, Erganomic",4778
TEC-AC-10004591,Technology,Accessories,"Logitech Memory Card, Bluetooth",4780
TEC-AC-10002926,Technology,Accessories,Logitech Wireless Marathon Mouse M705,4801
TEC-AC-10001013,Technology,Accessories,Logitech ClearChat Comfort/USB Headset H390,4803
TEC-AC-10002001,Technology,Accessories,Logitech Wireless Gaming Headset G930,4811
TEC-AC-10003763,Technology,Accessories,"Logitech Mouse, Programmable",4843
TEC-AC-10001719,Technology,Accessories,"Enermax Flash Drive, Erganomic",4858
TEC-AC-10003103,Technology,Accessories,"SanDisk Keyboard, Erganomic",4877
TEC-AC-10000051,Technology,Accessories,"Logitech Memory Card, USB",4887
TEC-AC-10003987,Technology,Accessories,"Logitech Numeric Keypad, Programmable",4914
TEC-BEL-10000485,Technology,Accessories,"Belkin Numeric Keypad, Bluetooth",4956
TEC-LOG-10002218,Technology,Accessories,"Logitech Numeric Keypad, USB",4957
TEC-ENE-10000995,Technology,Accessories,"Enermax Memory Card, USB",4958
TEC-ENE-10004192,Technology,Accessories,"Enermax Keyboard, Bluetooth",4967
TEC-ENE-10005000,Technology,Accessories,"Enermax Memory Card, Bluetooth",4968
TEC-MEM-10000178,Technology,Accessories,"Memorex Keyboard, Programmable",4987
TEC-BEL-10000681,Technology,Accessories,"Belkin Mouse, USB",4988
TEC-ENE-10001355,Technology,Accessories,"Enermax Numeric Keypad, USB",4989
TEC-LOG-10001434,Technology,Accessories,"Logitech Keyboard, USB",4990
TEC-BEL-10000696,Technology,Accessories,"Belkin Mouse, Programmable",4997
TEC-AC-10001056,Technology,Accessories,"Belkin Router, USB",5002
TEC-AC-10003861,Technology,Accessories,"Enermax Keyboard, Erganomic",5006
TEC-SAN-10002871,Technology,Accessories,"SanDisk Numeric Keypad, USB",5014
TEC-AC-10001352,Technology,Accessories,"SanDisk Numeric Keypad, Bluetooth",5058
TEC-AC-10003554,Technology,Accessories,"Belkin Numeric Keypad, USB",5114
TEC-AC-10001772,Technology,Accessories,Memorex Mini Travel Drive 16 GB USB 2.0 Flash Drive,5118
TEC-AC-10002545,Technology,Accessories,"Logitech Router, Bluetooth",5120
TEC-AC-10002522,Technology,Accessories,"Memorex Router, Erganomic",5161
TEC-AC-10001090,Technology,Accessories,"Enermax Mouse, Programmable",5168
TEC-AC-10003776,Technology,Accessories,"Belkin Flash Drive, Programmable",5176
TEC-AC-10004108,Technology,Accessories,"Memorex Router, USB",5186
TEC-AC-10004773,Technology,Accessories,"Memorex Flash Drive, Bluetooth",5192
TEC-AC-10002852,Technology,Accessories,"Belkin Memory Card, Erganomic",5200
TEC-AC-10003734,Technology,Accessories,"Memorex Numeric Keypad, Erganomic",5205
TEC-MEM-10001409,Technology,Accessories,"Memorex Keyboard, Bluetooth",5247
TEC-AC-10002289,Technology,Accessories,"SanDisk Numeric Keypad, Erganomic",5263
TEC-AC-10001089,Technology,Accessories,"Enermax Keyboard, Erganomic",5306
TEC-AC-10004939,Technology,Accessories,"Memorex Mouse, Bluetooth",5335
TEC-AC-10004379,Technology,Accessories,"Memorex Flash Drive, Bluetooth",5337
TEC-AC-10002567,Technology,Accessories,Logitech G602 Wireless Gaming Mouse,5379
TEC-AC-10002076,Technology,Accessories,Microsoft Natural Keyboard Elite,5381
TEC-AC-10002399,Technology,Accessories,SanDisk Cruzer 32 GB USB Flash Drive,5399
TEC-ENE-10003873,Technology,Accessories,"Enermax Numeric Keypad, Bluetooth",5419
TEC-AC-10001402,Technology,Accessories,"Memorex Numeric Keypad, Bluetooth",5459
TEC-AC-10004434,Technology,Accessories,"Memorex Flash Drive, USB",5469
TEC-AC-10000244,Technology,Accessories,"Memorex Router, USB",5480
TEC-SAN-10000260,Technology,Accessories,"SanDisk Keyboard, Programmable",5492
TEC-AC-10004539,Technology,Accessories,"Logitech Flash Drive, USB",5560
TEC-AC-10001221,Technology,Accessories,"Memorex Memory Card, USB",5562
TEC-AC-10002049,Technology,Accessories,Plantronics Savi W720 Multi-Device Wireless Headset System,5585
TEC-AC-10003499,Technology,Accessories,Memorex Mini Travel Drive 8 GB USB 2.0 Flash Drive,5601
TEC-AC-10000303,Technology,Accessories,Logitech M510 Wireless Mouse,5609
TEC-AC-10001566,Technology,Accessories,"Logitech Router, Erganomic",5618
TEC-SAN-10004885,Technology,Accessories,"SanDisk Flash Drive, Erganomic",5629
TEC-BEL-10001689,Technology,Accessories,"Belkin Router, Programmable",5662
TEC-AC-10001432,Technology,Accessories,Enermax Aurora Lite Keyboard,5671
TEC-AC-10004901,Technology,Accessories,Kensington SlimBlade Notebook Wireless Mouse with Nano Receiver,5783
TEC-AC-10002857,Technology,Accessories,"Verbatim 25 GB 6x Blu-ray Single Layer Recordable Disc, 1/Pack",5785
TEC-AC-10001606,Technology,Accessories,Logitech Wireless Performance Mouse MX for PC and Mac,5786
TEC-AC-10004859,Technology,Accessories,"Maxell Pro 80 Minute CD-R, 10/Pack",5788
TEC-AC-10002718,Technology,Accessories,Belkin Standard 104 key USB Keyboard,5791
TEC-AC-10003433,Technology,Accessories,Maxell 4.7GB DVD+R 5/Pack,5794
TEC-AC-10004761,Technology,Accessories,Maxell 4.7GB DVD+RW 3/Pack,5798
TEC-AC-10000736,Technology,Accessories,Logitech G600 MMO Gaming Mouse,5799
TEC-AC-10001767,Technology,Accessories,SanDisk Ultra 64 GB MicroSDHC Class 10 Memory Card,5804
TEC-AC-10001266,Technology,Accessories,Memorex Micro Travel Drive 8 GB,5805
TEC-AC-10000199,Technology,Accessories,Kingston Digital DataTraveler 8GB USB 2.0,5806
TEC-AC-10001990,Technology,Accessories,Kensington Orbit Wireless Mobile Trackball for PC and Mac,5810
TEC-AC-10004659,Technology,Accessories,Imation?Secure+ Hardware Encrypted USB 2.0?Flash Drive; 16GB,5811
TEC-AC-10004353,Technology,Accessories,Hypercom P1300 Pinpad,5814
TEC-AC-10000474,Technology,Accessories,Kensington Expert Mouse Optical USB Trackball for PC or Mac,5819
TEC-AC-10004813,Technology,Accessories,"SanDisk Keyboard, Bluetooth",5904
TEC-AC-10001410,Technology,Accessories,"Memorex Memory Card, Bluetooth",5915
TEC-AC-10001341,Technology,Accessories,"Enermax Memory Card, USB",5916
TEC-AC-10001364,Technology,Accessories,"Logitech Numeric Keypad, Programmable",5917
TEC-AC-10000376,Technology,Accessories,"Memorex Router, Bluetooth",5962
TEC-MEM-10003302,Technology,Accessories,"Memorex Numeric Keypad, Erganomic",6003
TEC-AC-10001835,Technology,Accessories,"Belkin Mouse, Programmable",6010
TEC-AC-10001407,Technology,Accessories,"Belkin Mouse, Erganomic",6029
TEC-AC-10004451,Technology,Accessories,"SanDisk Mouse, Bluetooth",6036
TEC-AC-10002257,Technology,Accessories,"Enermax Router, Bluetooth",6040
TEC-AC-10004951,Technology,Accessories,"Memorex Mouse, Erganomic",6050
TEC-AC-10000263,Technology,Accessories,"Belkin Mouse, USB",6064
TEC-MEM-10001436,Technology,Accessories,"Memorex Memory Card, USB",6079
TEC-AC-10000212,Technology,Accessories,"SanDisk Memory Card, Erganomic",6108
TEC-AC-10004904,Technology,Accessories,"Enermax Mouse, Erganomic",6109
TEC-AC-10001611,Technology,Accessories,"Memorex Numeric Keypad, Bluetooth",6124
TEC-AC-10004241,Technology,Accessories,"Logitech Keyboard, USB",6141
TEC-AC-10003334,Technology,Accessories,"SanDisk Keyboard, Bluetooth",6143
TEC-AC-10003556,Technology,Accessories,"Belkin Keyboard, Bluetooth",6151
TEC-AC-10001076,Technology,Accessories,"Memorex Keyboard, USB",6152
TEC-AC-10002323,Technology,Accessories,SanDisk Ultra 32 GB MicroSDHC Class 10 Memory Card,6163
TEC-AC-10001830,Technology,Accessories,"Enermax Router, Erganomic",6168
TEC-AC-10000170,Technology,Accessories,"Memorex Keyboard, Programmable",6181
TEC-AC-10000171,Technology,Accessories,"Verbatim 25 GB 6x Blu-ray Single Layer Recordable Disc, 25/Pack",6195
TEC-AC-10001465,Technology,Accessories,SanDisk Cruzer 64 GB USB Flash Drive,6200
TEC-AC-10004855,Technology,Accessories,V7 USB Numeric Keypad,6202
TEC-AC-10004992,Technology,Accessories,Kingston Digital DataTraveler 64GB USB 2.0,6229
TEC-AC-10002719,Technology,Accessories,"Enermax Router, Programmable",6248
TEC-AC-10003327,Technology,Accessories,"Logitech Keyboard, Erganomic",6260
TEC-AC-10004379,Technology,Accessories,"SanDisk Flash Drive, Programmable",6261
TEC-AC-10001792,Technology,Accessories,"Logitech Mouse, Programmable",6297
TEC-AC-10003080,Technology,Accessories,"Logitech Memory Card, USB",6301
TEC-AC-10004396,Technology,Accessories,Logitech Keyboard K120,6322
TEC-AC-10004666,Technology,Accessories,Maxell?iVDR EX 500GB Cartridge,6342
TEC-AC-10000023,Technology,Accessories,"Maxell 74 Minute CD-R Spindle, 50/Pack",6347
TEC-AC-10000358,Technology,Accessories,Imation?Secure?Drive?+ Hardware Encrypted USB?flash drive?- 16 GB,6351
TEC-AC-10001142,Technology,Accessories,First Data FD10 PIN Pad,6396
TEC-AC-10000892,Technology,Accessories,NETGEAR N750 Dual Band Wi-Fi Gigabit Router,6405
TEC-AC-10000158,Technology,Accessories,Sony 64GB Class 10 Micro SDHC R40 Memory Card,6408
TEC-AC-10003023,Technology,Accessories,Logitech G105 Gaming Keyboard,6433
TEC-AC-10002167,Technology,Accessories,Imation?8gb Micro Traveldrive Usb 2.0?Flash Drive,6438
TEC-AC-10004571,Technology,Accessories,Logitech G700s Rechargeable Gaming Mouse,6450
TEC-AC-10003614,Technology,Accessories,"Verbatim 25 GB 6x Blu-ray Single Layer Recordable Disc, 10/Pack",6454
TEC-AC-10001908,Technology,Accessories,Logitech Wireless Headset h800,6467
TEC-AC-10000254,Technology,Accessories,"Belkin Keyboard, Programmable",6505
TEC-AC-10003920,Technology,Accessories,"Belkin Keyboard, Bluetooth",6508
TEC-AC-10004975,Technology,Accessories,"SanDisk Numeric Keypad, Erganomic",6523
TEC-AC-10001246,Technology,Accessories,"Enermax Numeric Keypad, Erganomic",6524
TEC-AC-10000580,Technology,Accessories,Logitech G13 Programmable Gameboard with LCD Display,6551
TEC-AC-10000007,Technology,Accessories,"SanDisk Router, USB",6575
TEC-AC-10003063,Technology,Accessories,Micro Innovations USB RF Wireless Keyboard with Mouse,6579
TEC-AC-10004883,Technology,Accessories,"Enermax Keyboard, Programmable",6604
TEC-AC-10001013,Technology,Accessories,"SanDisk Mouse, USB",6619
TEC-AC-10001274,Technology,Accessories,"Belkin Memory Card, Bluetooth",6621
TEC-AC-10003047,Technology,Accessories,"SanDisk Keyboard, USB",6628
TEC-AC-10002308,Technology,Accessories,"Belkin Memory Card, Erganomic",6656
TEC-AC-10002013,Technology,Accessories,"SanDisk Numeric Keypad, Bluetooth",6658
TEC-AC-10004429,Technology,Accessories,"Enermax Keyboard, USB",6677
TEC-AC-10000861,Technology,Accessories,"SanDisk Router, Erganomic",6698
TEC-LOG-10000368,Technology,Accessories,"Logitech Flash Drive, Programmable",6718
TEC-AC-10003198,Technology,Accessories,Enermax Acrylux Wireless Keyboard,6745
TEC-AC-10004633,Technology,Accessories,"Verbatim 25 GB 6x Blu-ray Single Layer Recordable Disc, 3/Pack",6746
TEC-AC-10000487,Technology,Accessories,SanDisk Cruzer 4 GB USB Flash Drive,6748
TEC-AC-10004864,Technology,Accessories,Memorex Micro Travel Drive 32 GB,6749
TEC-AC-10001383,Technology,Accessories,Logitech Wireless Touch Keyboard K400,6750
TEC-AC-10000639,Technology,Accessories,"Belkin Router, Bluetooth",6818
TEC-AC-10004626,Technology,Accessories,"Belkin Router, Erganomic",6834
TEC-AC-10003725,Technology,Accessories,"Memorex Flash Drive, Erganomic",6836
TEC-AC-10003237,Technology,Accessories,Memorex Micro Travel Drive 4 GB,6845
TEC-AC-10000927,Technology,Accessories,Anker Ultrathin Bluetooth Wireless Keyboard Aluminum Cover with Stand,6855
TEC-AC-10001032,Technology,Accessories,"Enermax Numeric Keypad, Bluetooth",6863
TEC-AC-10001639,Technology,Accessories,"Belkin Flash Drive, Erganomic",6934
TEC-AC-10003911,Technology,Accessories,NETGEAR AC1750 Dual Band Gigabit?Smart WiFi Router,6996
TEC-AC-10001114,Technology,Accessories,Microsoft Wireless Mobile Mouse 4000,7001
TEC-AC-10003413,Technology,Accessories,"Logitech Router, Programmable",7014
TEC-AC-10001907,Technology,Accessories,"SanDisk Flash Drive, Bluetooth",7045
TEC-AC-10002170,Technology,Accessories,"Enermax Numeric Keypad, USB",7047
TEC-AC-10002263,Technology,Accessories,"SanDisk Memory Card, Bluetooth",7053
TEC-BEL-10002207,Technology,Accessories,"Belkin Memory Card, USB",7069
TEC-MEM-10000263,Technology,Accessories,"Memorex Flash Drive, Programmable",7075
TEC-AC-10004269,Technology,Accessories,"Belkin Memory Card, USB",7079
TEC-MEM-10002524,Technology,Accessories,"Memorex Mouse, USB",7086
TEC-AC-10001030,Technology,Accessories,"Memorex Flash Drive, Erganomic",7169
TEC-AC-10002558,Technology,Accessories,Imation?Swivel?Flash Drive?USB?flash drive?- 8 GB,7180
TEC-AC-10003334,Technology,Accessories,"Logitech Numeric Keypad, Programmable",7198
TEC-AC-10001590,Technology,Accessories,Dell Slim USB Multimedia Keyboard,7249
TEC-AC-10003533,Technology,Accessories,"SanDisk Mouse, Bluetooth",7261
TEC-AC-10001243,Technology,Accessories,"Enermax Mouse, Bluetooth",7262
TEC-AC-10001101,Technology,Accessories,Sony 16GB Class 10 Micro SDHC R40 Memory Card,7274
TEC-AC-10003610,Technology,Accessories,Logitech?Illuminated - Keyboard,7275
TEC-AC-10004317,Technology,Accessories,"SanDisk Numeric Keypad, USB",7337
TEC-AC-10004620,Technology,Accessories,"Belkin Flash Drive, USB",7350
TEC-AC-10002760,Technology,Accessories,"Memorex Memory Card, Erganomic",7352
TEC-AC-10000152,Technology,Accessories,"Logitech Flash Drive, Erganomic",7353
TEC-AC-10000865,Technology,Accessories,WD My Passport Ultra 500GB Portable External Hard Drive,7393
TEC-AC-10003095,Technology,Accessories,Logitech G35 7.1-Channel Surround Sound Headset,7396
TEC-AC-10001838,Technology,Accessories,Razer Tiamat Over Ear 7.1 Surround Sound PC Gaming Headset,7435
TEC-AC-10004051,Technology,Accessories,"Enermax Flash Drive, Programmable",7446
TEC-AC-10000510,Technology,Accessories,"SanDisk Flash Drive, Bluetooth",7456
TEC-AC-10002305,Technology,Accessories,KeyTronic?E03601U1 -?Keyboard?- Beige,7467
TEC-AC-10004704,Technology,Accessories,"Logitech Numeric Keypad, Bluetooth",7480
TEC-AC-10003626,Technology,Accessories,"Enermax Numeric Keypad, Bluetooth",7488
TEC-AC-10004249,Technology,Accessories,"Logitech Flash Drive, USB",7490
TEC-AC-10003590,Technology,Accessories,"TRENDnet 56K USB 2.0 Phone, Internet and Fax Modem",7497
TEC-AC-10001636,Technology,Accessories,"Belkin Mouse, Erganomic",7520
TEC-AC-10004341,Technology,Accessories,"Belkin Mouse, USB",7523
TEC-AC-10000863,Technology,Accessories,"Enermax Numeric Keypad, Erganomic",7562
TEC-AC-10004127,Technology,Accessories,SanDisk Cruzer 8 GB USB Flash Drive,7563
TEC-AC-10001995,Technology,Accessories,"Logitech Router, USB",7568
TEC-AC-10001348,Technology,Accessories,"Logitech Router, Bluetooth",7576
TEC-AC-10002664,Technology,Accessories,"SanDisk Keyboard, Programmable",7600
TEC-AC-10004849,Technology,Accessories,"SanDisk Router, Programmable",7605
TEC-AC-10001720,Technology,Accessories,"Enermax Memory Card, Bluetooth",7609
TEC-AC-10003704,Technology,Accessories,"Memorex Flash Drive, Erganomic",7626
TEC-AC-10002842,Technology,Accessories,"Belkin Memory Card, Bluetooth",7634
TEC-AC-10001592,Technology,Accessories,"Enermax Flash Drive, Programmable",7641
TEC-AC-10004478,Technology,Accessories,"SanDisk Numeric Keypad, Bluetooth",7648
TEC-AC-10001258,Technology,Accessories,"Belkin Router, Erganomic",7660
TEC-AC-10003904,Technology,Accessories,"SanDisk Keyboard, USB",7678
TEC-AC-10002340,Technology,Accessories,"Logitech Router, Bluetooth",7691
TEC-AC-10000218,Technology,Accessories,"SanDisk Numeric Keypad, USB",7702
TEC-AC-10004196,Technology,Accessories,"Belkin Memory Card, USB",7741
TEC-AC-10004683,Technology,Accessories,"Memorex Flash Drive, USB",7743
TEC-AC-10003422,Technology,Accessories,"Enermax Keyboard, Programmable",7752
TEC-AC-10000873,Technology,Accessories,"Belkin Mouse, USB",7753
TEC-AC-10002649,Technology,Accessories,"Belkin Keyboard, Programmable",7771
TEC-AC-10001840,Technology,Accessories,"SanDisk Mouse, Erganomic",7782
TEC-AC-10000398,Technology,Accessories,"SanDisk Memory Card, Programmable",7787
TEC-AC-10003611,Technology,Accessories,"Memorex Flash Drive, Programmable",7794
TEC-AC-10003681,Technology,Accessories,"SanDisk Mouse, Erganomic",7795
TEC-AC-10004188,Technology,Accessories,"Belkin Keyboard, USB",7798
TEC-AC-10003399,Technology,Accessories,Memorex Mini Travel Drive 64 GB USB 2.0 Flash Drive,7841
TEC-AC-10002380,Technology,Accessories,Sony 8GB Class 10 Micro SDHC R40 Memory Card,7848
TEC-AC-10004877,Technology,Accessories,Imation?30456 USB?Flash Drive?8GB,7851
TEC-AC-10003265,Technology,Accessories,"Belkin Router, Bluetooth",7861
TEC-AC-10002148,Technology,Accessories,"Belkin Keyboard, Programmable",7880
TEC-AC-10000596,Technology,Accessories,"Enermax Memory Card, Erganomic",7908
TEC-AC-10001312,Technology,Accessories,"Logitech Numeric Keypad, Erganomic",7910
TEC-AC-10001990,Technology,Accessories,"Enermax Router, USB",7913
TEC-AC-10001696,Technology,Accessories,"Belkin Flash Drive, Erganomic",7931
TEC-AC-10002815,Technology,Accessories,"SanDisk Keyboard, Erganomic",7932
TEC-AC-10002833,Technology,Accessories,"Logitech Mouse, USB",7945
TEC-MEM-10002202,Technology,Accessories,"Memorex Router, USB",7965
TEC-ENE-10001541,Technology,Accessories,"Enermax Router, USB",7971
TEC-AC-10002322,Technology,Accessories,"Memorex Memory Card, Bluetooth",7979
TEC-AC-10002218,Technology,Accessories,"Memorex Keyboard, Erganomic",7981
TEC-AC-10004880,Technology,Accessories,"Logitech Keyboard, Programmable",7993
TEC-AC-10003180,Technology,Accessories,"Belkin Router, USB",8024
TEC-AC-10000394,Technology,Accessories,"Belkin Numeric Keypad, Bluetooth",8091
TEC-AC-10002629,Technology,Accessories,"Belkin Memory Card, Programmable",8122
TEC-AC-10004713,Technology,Accessories,"Logitech Mouse, Erganomic",8127
TEC-AC-10000097,Technology,Accessories,"Belkin Mouse, Programmable",8138
TEC-AC-10000317,Technology,Accessories,"Logitech Memory Card, Programmable",8181
TEC-AC-10003989,Technology,Accessories,"Enermax Numeric Keypad, Bluetooth",8182
TEC-AC-10003294,Technology,Accessories,"Enermax Flash Drive, USB",8190
TEC-AC-10004752,Technology,Accessories,"Memorex Keyboard, Erganomic",8194
TEC-AC-10004227,Technology,Accessories,SanDisk Ultra 16 GB MicroSDHC Class 10 Memory Card,8212
TEC-AC-10000387,Technology,Accessories,KeyTronic?KT800P2 -?Keyboard?- Black,8297
TEC-AC-10001998,Technology,Accessories,Logitech?LS21 Speaker System - PC Multimedia - 2.1-CH - Wired,8299
TEC-AC-10003870,Technology,Accessories,Logitech?Z-906 Speaker sys - home theater - 5.1-CH,8333
TEC-AC-10003034,Technology,Accessories,"Belkin Keyboard, Erganomic",8348
TEC-ENE-10004520,Technology,Accessories,"Enermax Mouse, Erganomic",8350
TEC-ENE-10003801,Technology,Accessories,"Enermax Flash Drive, USB",8369
TEC-AC-10002607,Technology,Accessories,"Enermax Mouse, USB",8396
TEC-AC-10003400,Technology,Accessories,"Memorex Flash Drive, USB",8400
TEC-AC-10003416,Technology,Accessories,"Memorex Mouse, USB",8422
TEC-AC-10000053,Technology,Accessories,"SanDisk Router, USB",8445
TEC-SAN-10004027,Technology,Accessories,"SanDisk Memory Card, Bluetooth",8460
TEC-LOG-10001123,Technology,Accessories,"Logitech Memory Card, Bluetooth",8467
TEC-MEM-10002883,Technology,Accessories,"Memorex Memory Card, Erganomic",8474
TEC-SAN-10001738,Technology,Accessories,"SanDisk Mouse, Programmable",8489
TEC-SAN-10004999,Technology,Accessories,"SanDisk Flash Drive, Programmable",8497
TEC-AC-10000110,Technology,Accessories,"Belkin Numeric Keypad, Bluetooth",8522
TEC-AC-10004518,Technology,Accessories,Memorex Mini Travel Drive 32 GB USB 2.0 Flash Drive,8553
TEC-AC-10002600,Technology,Accessories,Belkin QODE FastFit Bluetooth Keyboard,8580
TEC-AC-10000887,Technology,Accessories,"Enermax Flash Drive, Bluetooth",8593
TEC-AC-10004016,Technology,Accessories,"Memorex Flash Drive, Programmable",8619
TEC-AC-10002850,Technology,Accessories,"Enermax Memory Card, Bluetooth",8624
TEC-MEM-10000723,Technology,Accessories,"Memorex Mouse, Bluetooth",8643
TEC-ENE-10000154,Technology,Accessories,"Enermax Router, Bluetooth",8645
TEC-MEM-10000919,Technology,Accessories,"Memorex Keyboard, USB",8655
TEC-AC-10003367,Technology,Accessories,"Enermax Memory Card, Programmable",8704
TEC-AC-10003407,Technology,Accessories,"Memorex Mouse, Erganomic",8722
TEC-LOG-10003079,Technology,Accessories,"Logitech Flash Drive, Erganomic",8745
TEC-AC-10003969,Technology,Accessories,"SanDisk Memory Card, USB",8757
TEC-AC-10003276,Technology,Accessories,"Enermax Router, USB",8758
TEC-BEL-10004386,Technology,Accessories,"Belkin Numeric Keypad, Bluetooth",8764
TEC-BEL-10003311,Technology,Accessories,"Belkin Keyboard, USB",8775
TEC-ENE-10002254,Technology,Accessories,"Enermax Keyboard, Programmable",8783
TEC-BEL-10001391,Technology,Accessories,"Belkin Numeric Keypad, USB",8790
TEC-BEL-10002516,Technology,Accessories,"Belkin Mouse, Bluetooth",8799
TEC-SAN-10003336,Technology,Accessories,"SanDisk Numeric Keypad, Erganomic",8824
TEC-LOG-10003896,Technology,Accessories,"Logitech Router, Erganomic",8828
TEC-AC-10001756,Technology,Accessories,"Memorex Numeric Keypad, USB",8891
TEC-AC-10003738,Technology,Accessories,"Enermax Mouse, Erganomic",8910
TEC-AC-10003577,Technology,Accessories,"Memorex Router, USB",8913
TEC-AC-10004068,Technology,Accessories,"Memorex Memory Card, USB",8915
TEC-ENE-10000690,Technology,Accessories,"Enermax Keyboard, USB",8938
TEC-SAN-10000235,Technology,Accessories,"SanDisk Router, USB",8939
TEC-AC-10001022,Technology,Accessories,"SanDisk Flash Drive, USB",8954
TEC-AC-10002568,Technology,Accessories,"Enermax Numeric Keypad, Erganomic",8961
TEC-AC-10000258,Technology,Accessories,"Belkin Numeric Keypad, Bluetooth",8962
TEC-AC-10002647,Technology,Accessories,"Logitech?Wireless Boombox Speaker - portable - wireless, wired",8966
TEC-AC-10002370,Technology,Accessories,Maxell CD-R Discs,8978
TEC-AC-10000926,Technology,Accessories,NETGEAR RangeMax WNR1000 Wireless Router,8980
TEC-AC-10003415,Technology,Accessories,"SanDisk Router, Erganomic",8994
TEC-AC-10000990,Technology,Accessories,Imation Bio 2GB USB?Flash Drive Imation?Corp,9016
TEC-AC-10002901,Technology,Accessories,"Memorex Mouse, Bluetooth",9021
TEC-AC-10004144,Technology,Accessories,"SanDisk Numeric Keypad, Bluetooth",9035
TEC-AC-10002122,Technology,Accessories,"Belkin Keyboard, Erganomic",9036
TEC-AC-10001405,Technology,Accessories,"Logitech Router, Bluetooth",9055
TEC-AC-10003690,Technology,Accessories,"Logitech Numeric Keypad, USB",9057
TEC-AC-10004520,Technology,Accessories,"Memorex Flash Drive, Bluetooth",9067
TEC-AC-10003947,Technology,Accessories,"SanDisk Keyboard, Bluetooth",9070
TEC-AC-10001486,Technology,Accessories,"Belkin Flash Drive, Programmable",9072
TEC-AC-10003668,Technology,Accessories,"Enermax Mouse, Programmable",9084
TEC-AC-10000342,Technology,Accessories,"Logitech Numeric Keypad, Programmable",9100
TEC-AC-10002153,Technology,Accessories,"Logitech Memory Card, Bluetooth",9102
TEC-AC-10000710,Technology,Accessories,Maxell DVD-RAM Discs,9114
TEC-MEM-10000312,Technology,Accessories,"Memorex Mouse, Programmable",9129
TEC-AC-10002530,Technology,Accessories,"Memorex Numeric Keypad, USB",9143
TEC-AC-10004221,Technology,Accessories,"Logitech Memory Card, Programmable",9145
TEC-AC-10002217,Technology,Accessories,Imation?Clip USB?flash drive?- 8 GB,9189
TEC-AC-10001284,Technology,Accessories,Enermax Briskie RF Wireless Keyboard and Mouse Combo,9191
TEC-AC-10003832,Technology,Accessories,Logitech?P710e Mobile Speakerphone,9193
TEC-AC-10004708,Technology,Accessories,Sony 32GB Class 10 Micro SDHC R40 Memory Card,9194
TEC-AC-10002253,Technology,Accessories,Imation Bio 8GB USB?Flash Drive Imation?Corp,9195
TEC-AC-10001874,Technology,Accessories,Logitech Wireless Anywhere Mouse MX for PC and Mac,9196
TEC-AC-10002637,Technology,Accessories,Logitech?VX Revolution Cordless Laser Mouse for Notebooks (Black),9201
TEC-AC-10004114,Technology,Accessories,KeyTronic?6101 Series -?Keyboard?- Black,9236
TEC-AC-10000474,Technology,Accessories,"Logitech Flash Drive, USB",9250
TEC-AC-10002204,Technology,Accessories,"Belkin Flash Drive, Erganomic",9252
TEC-AC-10004209,Technology,Accessories,Memorex Froggy Flash Drive 4 GB,9297
TEC-AC-10000712,Technology,Accessories,"Enermax Router, Programmable",9306
TEC-AC-10002900,Technology,Accessories,"Belkin Mouse, Programmable",9324
TEC-AC-10000354,Technology,Accessories,"Belkin Numeric Keypad, USB",9327
TEC-AC-10003824,Technology,Accessories,"Logitech Numeric Keypad, Bluetooth",9364
TEC-AC-10001876,Technology,Accessories,"Logitech Memory Card, USB",9377
TEC-AC-10000431,Technology,Accessories,"Belkin Flash Drive, Bluetooth",9378
TEC-AC-10000857,Technology,Accessories,"Belkin Router, Programmable",9397
TEC-AC-10004252,Technology,Accessories,"SanDisk Mouse, Bluetooth",9408
TEC-AC-10002601,Technology,Accessories,"SanDisk Router, Bluetooth",9410
TEC-AC-10003921,Technology,Accessories,"Enermax Numeric Keypad, USB",9429
TEC-AC-10003262,Technology,Accessories,"Belkin Router, Erganomic",9430
TEC-AC-10000540,Technology,Accessories,"Memorex Numeric Keypad, USB",9461
TEC-AC-10002756,Technology,Accessories,"SanDisk Keyboard, Bluetooth",9462
TEC-AC-10000115,Technology,Accessories,"SanDisk Keyboard, USB",9467
TEC-AC-10004604,Technology,Accessories,"SanDisk Mouse, Bluetooth",9488
TEC-AC-10000865,Technology,Accessories,"Enermax Keyboard, Bluetooth",9492
TEC-AC-10000025,Technology,Accessories,"SanDisk Memory Card, Bluetooth",9496
TEC-AC-10004586,Technology,Accessories,"Belkin Flash Drive, Bluetooth",9521
TEC-AC-10004743,Technology,Accessories,"Logitech Router, USB",9527
TEC-AC-10001564,Technology,Accessories,"Logitech Numeric Keypad, Erganomic",9532
TEC-AC-10004334,Technology,Accessories,"Belkin Memory Card, USB",9537
TEC-BEL-10002178,Technology,Accessories,"Belkin Flash Drive, Programmable",9549
TEC-AC-10003451,Technology,Accessories,"Logitech Flash Drive, Erganomic",9554
TEC-AC-10002015,Technology,Accessories,"Logitech Router, Programmable",9563
TEC-AC-10003709,Technology,Accessories,Maxell 4.7GB DVD-R 5/Pack,9592
TEC-ENE-10003090,Technology,Accessories,"Enermax Memory Card, Programmable",9600
TEC-AC-10003447,Technology,Accessories,Micropad Numeric Keypads,9606
TEC-AC-10001949,Technology,Accessories,"Enermax Router, Bluetooth",9611
TEC-AC-10004289,Technology,Accessories,"SanDisk Memory Card, Erganomic",9636
TEC-AC-10002134,Technology,Accessories,Rosewill 107 Normal Keys USB Wired Standard Keyboard,9670
TEC-LOG-10001629,Technology,Accessories,"Logitech Mouse, Programmable",9676
TEC-AC-10004803,Technology,Accessories,Sony Micro Vault Click 4 GB USB 2.0 Flash Drive,9707
TEC-AC-10001950,Technology,Accessories,"Belkin Flash Drive, Programmable",9729
TEC-ENE-10001466,Technology,Accessories,"Enermax Memory Card, Erganomic",9732
TEC-AC-10002883,Technology,Accessories,"Logitech Keyboard, Erganomic",9741
TEC-AC-10000512,Technology,Accessories,"Enermax Keyboard, Bluetooth",9767
TEC-AC-10001748,Technology,Accessories,"SanDisk Flash Drive, USB",9782
TEC-AC-10002543,Technology,Accessories,"Enermax Mouse, Bluetooth",9787
TEC-AC-10004334,Technology,Accessories,"Belkin Mouse, Programmable",9806
TEC-AC-10004883,Technology,Accessories,"Logitech Keyboard, Bluetooth",9812
TEC-AC-10000264,Technology,Accessories,"Memorex Memory Card, Erganomic",9823
TEC-AC-10004393,Technology,Accessories,"Belkin Flash Drive, Programmable",9824
TEC-AC-10000397,Technology,Accessories,"Perixx PERIBOARD-512B, Ergonomic Split Keyboard",9865
TEC-AC-10002800,Technology,Accessories,Plantronics Audio 478 Stereo USB Headset,9866
TEC-AC-10001553,Technology,Accessories,"Memorex 25GB 6X Branded Blu-Ray Recordable Disc, 15/Pack",9896
TEC-AC-10004117,Technology,Accessories,"Logitech Flash Drive, Programmable",9918
TEC-AC-10000422,Technology,Accessories,"Belkin Numeric Keypad, Bluetooth",9919
TEC-AC-10004814,Technology,Accessories,Logitech Illuminated Ultrathin Keyboard with Backlighting,9931
TEC-AC-10001542,Technology,Accessories,SanDisk Cruzer 16 GB USB Flash Drive,9952
TEC-AC-10003052,Technology,Accessories,"SanDisk Mouse, Programmable",9961
TEC-AC-10003063,Technology,Accessories,"Memorex Memory Card, Programmable",9963
TEC-AC-10002364,Technology,Accessories,"Enermax Router, USB",9980
TEC-AC-10001745,Technology,Accessories,"Memorex Flash Drive, Programmable",9984
TEC-AC-10000575,Technology,Accessories,"Logitech Keyboard, Programmable",9989
TEC-AC-10002881,Technology,Accessories,"Belkin Numeric Keypad, Bluetooth",10002
TEC-AC-10001090,Technology,Accessories,Micro Innovations Wireless Classic Keyboard with Mouse,10055
TEC-AC-10004094,Technology,Accessories,"SanDisk Keyboard, Programmable",10081
TEC-AC-10000766,Technology,Accessories,"SanDisk Mouse, Bluetooth",10082
TEC-AC-10003133,Technology,Accessories,Memorex Mini Travel Drive 4 GB USB 2.0 Flash Drive,10095
TEC-ENE-10002744,Technology,Accessories,"Enermax Numeric Keypad, Bluetooth",10140
TEC-AC-10001956,Technology,Accessories,Microsoft Arc Touch Mouse,10148
TEC-AC-10001660,Technology,Accessories,"Enermax Flash Drive, USB",10152
TEC-AC-10002938,Technology,Accessories,"Enermax Memory Card, USB",10163
TEC-AC-10001831,Technology,Accessories,"Memorex Keyboard, Bluetooth",10165
TEC-AC-10002749,Technology,Accessories,"Enermax Mouse, USB",10197
TEC-AC-10001406,Technology,Accessories,"Enermax Memory Card, Programmable",10206
TEC-AC-10001445,Technology,Accessories,Imation?USB 2.0 Swivel?Flash Drive?USB?flash drive?- 4 GB - Pink,10249
TEC-AC-10004595,Technology,Accessories,First Data TMFD35 PIN Pad,10260
TEC-AC-10003873,Technology,Accessories,"Memorex Mouse, Programmable",10271
TEC-BEL-10001189,Technology,Accessories,"Belkin Router, Erganomic",10277
TEC-ENE-10004052,Technology,Accessories,"Enermax Flash Drive, Erganomic",10280
TEC-AC-10000991,Technology,Accessories,Sony Micro Vault Click 8 GB USB 2.0 Flash Drive,10291
TEC-AC-10003548,Technology,Accessories,"Logitech Flash Drive, Bluetooth",10293
TEC-AC-10001765,Technology,Accessories,"Enermax Memory Card, Bluetooth",10332
TEC-AC-10001106,Technology,Accessories,"Belkin Numeric Keypad, Erganomic",10363
TEC-AC-10002224,Technology,Accessories,"Belkin Numeric Keypad, USB",10367
TEC-AC-10004715,Technology,Accessories,"Memorex Mouse, Erganomic",10379
TEC-AC-10004420,Technology,Accessories,Cherry 142-key Programmable Keyboard,10396
TEC-ENE-10004509,Technology,Accessories,"Enermax Router, Programmable",10408
TEC-AC-10002842,Technology,Accessories,"Memorex Mouse, Bluetooth",10475
TEC-AC-10003417,Technology,Accessories,"SanDisk Memory Card, Programmable",10506
TEC-AC-10000086,Technology,Accessories,"Logitech Mouse, USB",10527
TEC-AC-10004102,Technology,Accessories,"SanDisk Mouse, USB",10573
TEC-AC-10001974,Technology,Accessories,"Logitech Memory Card, Bluetooth",10583
TEC-AC-10000633,Technology,Accessories,"Enermax Memory Card, USB",10600
TEC-AC-10004811,Technology,Accessories,"Memorex Flash Drive, USB",10637
TEC-AC-10000657,Technology,Accessories,"Enermax Memory Card, Bluetooth",10644
TEC-AC-10002389,Technology,Accessories,"Enermax Mouse, USB",10656
TEC-AC-10002130,Technology,Accessories,"Logitech Flash Drive, Erganomic",10664
TEC-AC-10001075,Technology,Accessories,"Belkin Keyboard, USB",10678
TEC-AC-10004406,Technology,Accessories,"Memorex Keyboard, USB",10698
TEC-AC-10004018,Technology,Accessories,"SanDisk Memory Card, USB",10704
TEC-AC-10003469,Technology,Accessories,"SanDisk Router, USB",10731
TEC-AC-10002295,Technology,Accessories,"Logitech Flash Drive, Bluetooth",10736
TEC-AC-10003569,Technology,Accessories,"Logitech Numeric Keypad, Erganomic",10753
TEC-CIS-10001717,Technology,Phones,"Cisco Smart Phone, with Caller ID",27
TEC-NOK-10001283,Technology,Phones,"Nokia Smart Phone, Full Size",36
TEC-APP-10001108,Technology,Phones,"Apple Headset, with Caller ID",58
TEC-PH-10003353,Technology,Phones,"Motorola Office Telephone, Cordless",78
TEC-SAM-10004230,Technology,Phones,"Samsung Smart Phone, Cordless",84
TEC-APP-10000135,Technology,Phones,"Apple Office Telephone, with Caller ID",135
TEC-NOK-10003560,Technology,Phones,"Nokia Headset, VoIP",136
TEC-APP-10002966,Technology,Phones,"Apple Smart Phone, Full Size",137
TEC-PH-10001298,Technology,Phones,"Motorola Office Telephone, VoIP",166
TEC-CIS-10002986,Technology,Phones,"Cisco Speaker Phone, Cordless",215
TEC-CIS-10002344,Technology,Phones,"Cisco Smart Phone, Full Size",216
TEC-SAM-10002496,Technology,Phones,"Samsung Speaker Phone, VoIP",229
TEC-MOT-10002560,Technology,Phones,"Motorola Signal Booster, Full Size",231
TEC-MOT-10001088,Technology,Phones,"Motorola Audio Dock, VoIP",232
TEC-PH-10002586,Technology,Phones,"Nokia Office Telephone, with Caller ID",249
TEC-PH-10004882,Technology,Phones,"Nokia Office Telephone, VoIP",250
TEC-PH-10000808,Technology,Phones,"Samsung Smart Phone, Cordless",252
TEC-PH-10003982,Technology,Phones,"Cisco Speaker Phone, VoIP",256
TEC-PH-10004577,Technology,Phones,"Samsung Office Telephone, with Caller ID",263
TEC-APP-10004584,Technology,Phones,"Apple Office Telephone, VoIP",289
TEC-CIS-10002814,Technology,Phones,"Cisco Headset, Cordless",333
TEC-PH-10003772,Technology,Phones,"Cisco Headset, Cordless",358
TEC-PH-10000499,Technology,Phones,"Motorola Smart Phone, Full Size",364
TEC-PH-10004300,Technology,Phones,"Apple Office Telephone, Cordless",420
TEC-PH-10000688,Technology,Phones,"Nokia Speaker Phone, VoIP",447
TEC-PH-10001730,Technology,Phones,"Motorola Signal Booster, Full Size",456
TEC-PH-10004618,Technology,Phones,"Motorola Speaker Phone, VoIP",462
TEC-PH-10002070,Technology,Phones,"Apple Headset, with Caller ID",469
TEC-PH-10001585,Technology,Phones,"Nokia Signal Booster, Cordless",539
TEC-PH-10004350,Technology,Phones,"Samsung Headset, Cordless",540
TEC-SAM-10003538,Technology,Phones,"Samsung Speaker Phone, Full Size",566
TEC-PH-10003556,Technology,Phones,"Samsung Speaker Phone, VoIP",612
TEC-PH-10002428,Technology,Phones,"Apple Headset, VoIP",630
TEC-PH-10002834,Technology,Phones,Google Nexus 5,632
TEC-PH-10003580,Technology,Phones,Cisco IP Phone 7961G-GE VoIP phone,633
TEC-PH-10001530,Technology,Phones,Plantronics Voyager Pro Legend,634
TEC-PH-10003002,Technology,Phones,"Cisco Smart Phone, Full Size",656
TEC-SAM-10001935,Technology,Phones,"Samsung Office Telephone, Cordless",679
TEC-NOK-10003341,Technology,Phones,"Nokia Headset, Cordless",697
TEC-NOK-10001070,Technology,Phones,"Nokia Speaker Phone, with Caller ID",713
TEC-APP-10004912,Technology,Phones,"Apple Speaker Phone, with Caller ID",721
TEC-APP-10004049,Technology,Phones,"Apple Speaker Phone, Cordless",724
TEC-PH-10000297,Technology,Phones,"Apple Office Telephone, with Caller ID",743
TEC-PH-10004450,Technology,Phones,"Cisco Office Telephone, Full Size",762
TEC-PH-10001014,Technology,Phones,"Cisco Speaker Phone, with Caller ID",763
TEC-PH-10003273,Technology,Phones,AT&T TR1909W,774
TEC-PH-10004897,Technology,Phones,Mediabridge Sport Armband iPhone 5s,775
TEC-PH-10004531,Technology,Phones,OtterBox Commuter Series Case - iPhone 5 & 5s,776
TEC-PH-10004810,Technology,Phones,"Samsung Speaker Phone, Full Size",801
TEC-CIS-10002598,Technology,Phones,"Cisco Audio Dock, with Caller ID",878
TEC-SAM-10000779,Technology,Phones,"Samsung Signal Booster, Cordless",883
TEC-SAM-10001013,Technology,Phones,"Samsung Audio Dock, Cordless",891
TEC-MOT-10000939,Technology,Phones,"Motorola Speaker Phone, Cordless",892
TEC-PH-10002103,Technology,Phones,Jabra SPEAK 410,898
TEC-PH-10004833,Technology,Phones,Macally Suction Cup Mount,899
TEC-PH-10001615,Technology,Phones,AT&T CL82213,900
TEC-CIS-10000436,Technology,Phones,"Cisco Speaker Phone, with Caller ID",933
TEC-NOK-10000534,Technology,Phones,"Nokia Smart Phone, with Caller ID",945
TEC-PH-10003960,Technology,Phones,"Apple Speaker Phone, with Caller ID",951
TEC-PH-10002962,Technology,Phones,"Motorola Smart Phone, Full Size",955
TEC-PH-10004959,Technology,Phones,"Motorola Audio Dock, with Caller ID",956
TEC-PH-10000030,Technology,Phones,"Samsung Smart Phone, with Caller ID",976
TEC-PH-10004552,Technology,Phones,"Motorola Office Telephone, Full Size",1039
TEC-PH-10000037,Technology,Phones,"Cisco Signal Booster, Cordless",1046
TEC-PH-10000526,Technology,Phones,Vtech CS6719,1055
TEC-PH-10004006,Technology,Phones,"Nokia Audio Dock, Full Size",1123
TEC-PH-10000270,Technology,Phones,"Apple Office Telephone, VoIP",1164
TEC-PH-10004635,Technology,Phones,"Samsung Office Telephone, with Caller ID",1175
TEC-PH-10002563,Technology,Phones,Adtran 1202752G1,1205
TEC-PH-10001917,Technology,Phones,"Apple Signal Booster, Cordless",1219
TEC-PH-10001587,Technology,Phones,"Apple Headset, Cordless",1234
TEC-PH-10000505,Technology,Phones,"Apple Smart Phone, with Caller ID",1257
TEC-MOT-10002372,Technology,Phones,"Motorola Speaker Phone, Full Size",1306
TEC-MOT-10001535,Technology,Phones,"Motorola Headset, VoIP",1320
TEC-PH-10003875,Technology,Phones,KLD Oscar II Style Snap-on Ultra Thin Side Flip Synthetic Leather Cover Case for HTC One HTC M7,1330
TEC-PH-10003572,Technology,Phones,"Apple Office Telephone, VoIP",1373
TEC-PH-10000896,Technology,Phones,"Cisco Signal Booster, VoIP",1377
TEC-PH-10003075,Technology,Phones,"Samsung Signal Booster, Full Size",1379
TEC-MOT-10004345,Technology,Phones,"Motorola Office Telephone, Full Size",1380
TEC-NOK-10001219,Technology,Phones,"Nokia Signal Booster, Cordless",1416
TEC-APP-10004469,Technology,Phones,"Apple Signal Booster, Cordless",1422
TEC-PH-10003932,Technology,Phones,"Apple Audio Dock, VoIP",1447
TEC-PH-10000018,Technology,Phones,"Nokia Smart Phone, Full Size",1448
TEC-PH-10003935,Technology,Phones,"Cisco Speaker Phone, Full Size",1449
TEC-PH-10002152,Technology,Phones,"Apple Headset, Cordless",1455
TEC-PH-10001699,Technology,Phones,"Samsung Smart Phone, Full Size",1456
TEC-PH-10003430,Technology,Phones,"Cisco Speaker Phone, VoIP",1471
TEC-PH-10004048,Technology,Phones,"Apple Audio Dock, Full Size",1556
TEC-PH-10001427,Technology,Phones,"Motorola Headset, Full Size",1557
TEC-PH-10003793,Technology,Phones,"Nokia Office Telephone, VoIP",1606
TEC-PH-10001063,Technology,Phones,"Samsung Speaker Phone, Full Size",1626
TEC-PH-10004196,Technology,Phones,"Samsung Smart Phone, Cordless",1627
TEC-PH-10002306,Technology,Phones,"Motorola Smart Phone, Full Size",1628
TEC-PH-10003589,Technology,Phones,invisibleSHIELD by ZAGG Smudge-Free Screen Protector,1650
TEC-CIS-10003676,Technology,Phones,"Cisco Headset, with Caller ID",1730
TEC-CIS-10002153,Technology,Phones,"Cisco Audio Dock, Cordless",1733
TEC-SAM-10001131,Technology,Phones,"Samsung Smart Phone, VoIP",1760
TEC-PH-10002496,Technology,Phones,Cisco SPA301,1828
TEC-PH-10004345,Technology,Phones,Cisco SPA 502G IP Phone,1856
TEC-PH-10004601,Technology,Phones,"Nokia Audio Dock, with Caller ID",1907
TEC-PH-10004655,Technology,Phones,"Motorola Office Telephone, Cordless",1916
TEC-PH-10003137,Technology,Phones,"Nokia Signal Booster, Cordless",1938
TEC-PH-10004297,Technology,Phones,"Motorola Speaker Phone, Full Size",1940
TEC-CIS-10000791,Technology,Phones,"Cisco Audio Dock, Full Size",1945
TEC-MOT-10003050,Technology,Phones,"Motorola Smart Phone, Cordless",1946
TEC-PH-10001530,Technology,Phones,Cisco Unified IP Phone 7945G VoIP phone,1950
TEC-PH-10003325,Technology,Phones,"Samsung Speaker Phone, with Caller ID",1958
TEC-SAM-10004384,Technology,Phones,"Samsung Office Telephone, VoIP",1968
TEC-NOK-10000784,Technology,Phones,"Nokia Speaker Phone, Cordless",1996
TEC-APP-10001732,Technology,Phones,"Apple Headset, Cordless",1997
TEC-PH-10001128,Technology,Phones,Motorola Droid Maxx,2005
TEC-PH-10004006,Technology,Phones,Panasonic KX - TS880B Telephone,2007
TEC-PH-10004434,Technology,Phones,Cisco IP?Phone?7961G VoIP?phone?- Dark gray,2040
TEC-PH-10004389,Technology,Phones,Nokia Lumia 925,2045
TEC-PH-10003764,Technology,Phones,"Cisco Office Telephone, Cordless",2050
TEC-PH-10002127,Technology,Phones,"Cisco Smart Phone, Cordless",2051
TEC-PH-10002365,Technology,Phones,Belkin Grip Candy Sheer Case / Cover for iPhone 5 and 5S,2087
TEC-PH-10002079,Technology,Phones,"Motorola Headset, with Caller ID",2090
TEC-PH-10001754,Technology,Phones,"Cisco Office Telephone, with Caller ID",2144
TEC-PH-10002094,Technology,Phones,"Nokia Smart Phone, with Caller ID",2160
TEC-PH-10004800,Technology,Phones,"Apple Headset, Full Size",2161
TEC-PH-10000072,Technology,Phones,"Cisco Speaker Phone, VoIP",2167
TEC-PH-10002070,Technology,Phones,Griffin GC36547 PowerJolt SE Lightning Charger,2266
TEC-PH-10001552,Technology,Phones,I Need's 3d Hello Kitty Hybrid Silicone Case Cover for HTC One X 4g with 3d Hello Kitty Stylus Pen Green/pink,2286
TEC-PH-10002584,Technology,Phones,Samsung Galaxy S4,2294
TEC-PH-10004700,Technology,Phones,PowerGen Dual USB Car Charger,2295
TEC-PH-10001835,Technology,Phones,Jawbone JAMBOX Wireless Bluetooth Speaker,2306
TEC-PH-10002170,Technology,Phones,ClearSounds CSC500 Amplified Spirit Phone Corded phone,2324
TEC-PH-10002601,Technology,Phones,"Motorola Smart Phone, Cordless",2337
TEC-PH-10001457,Technology,Phones,"Apple Smart Phone, Full Size",2340
TEC-PH-10002493,Technology,Phones,"Nokia Signal Booster, with Caller ID",2342
TEC-PH-10000486,Technology,Phones,Plantronics HL10 Handset Lifter,2363
TEC-PH-10003492,Technology,Phones,"Cisco Audio Dock, Full Size",2377
TEC-PH-10003215,Technology,Phones,"Samsung Headset, Full Size",2391
TEC-PH-10004970,Technology,Phones,"Nokia Headset, Full Size",2392
TEC-PH-10000824,Technology,Phones,"Cisco Office Telephone, Full Size",2411
TEC-PH-10000497,Technology,Phones,"Nokia Office Telephone, Cordless",2415
TEC-APP-10004464,Technology,Phones,"Apple Signal Booster, VoIP",2450
TEC-APP-10004657,Technology,Phones,"Apple Smart Phone, Cordless",2518
TEC-NOK-10001058,Technology,Phones,"Nokia Office Telephone, Full Size",2519
TEC-CIS-10001661,Technology,Phones,"Cisco Signal Booster, VoIP",2520
TEC-NOK-10004183,Technology,Phones,"Nokia Office Telephone, VoIP",2533
TEC-SAM-10004785,Technology,Phones,"Samsung Smart Phone, with Caller ID",2547
TEC-SAM-10003948,Technology,Phones,"Samsung Signal Booster, with Caller ID",2548
TEC-CIS-10003439,Technology,Phones,"Cisco Headset, VoIP",2587
TEC-PH-10003484,Technology,Phones,Ooma Telo VoIP Home Phone System,2600
TEC-SAM-10000765,Technology,Phones,"Samsung Signal Booster, Full Size",2614
TEC-NOK-10001844,Technology,Phones,"Nokia Office Telephone, with Caller ID",2618
TEC-PH-10004655,Technology,Phones,"Apple Speaker Phone, Cordless",2637
TEC-PH-10003796,Technology,Phones,"Apple Headset, with Caller ID",2641
TEC-PH-10001002,Technology,Phones,"Apple Signal Booster, Full Size",2642
TEC-PH-10003546,Technology,Phones,"Apple Signal Booster, with Caller ID",2643
TEC-NOK-10001319,Technology,Phones,"Nokia Headset, Full Size",2660
TEC-PH-10004667,Technology,Phones,Cisco 8x8 Inc. 6753i IP Business Phone System,2691
TEC-PH-10001644,Technology,Phones,"BlueLounge Milo Smartphone Stand, White/Metallic",2693
TEC-MOT-10002689,Technology,Phones,"Motorola Headset, Cordless",2706
TEC-PH-10003481,Technology,Phones,"Apple Office Telephone, Full Size",2715
TEC-PH-10001354,Technology,Phones,"Motorola Speaker Phone, Full Size",2731
TEC-PH-10004664,Technology,Phones,"Nokia Smart Phone, with Caller ID",2732
TEC-PH-10004675,Technology,Phones,"Nokia Audio Dock, VoIP",2762
TEC-PH-10004760,Technology,Phones,"Samsung Office Telephone, with Caller ID",2765
TEC-PH-10002138,Technology,Phones,"Apple Audio Dock, Cordless",2832
TEC-PH-10000780,Technology,Phones,"Cisco Smart Phone, with Caller ID",2833
TEC-PH-10003784,Technology,Phones,"Motorola Signal Booster, with Caller ID",2844
TEC-PH-10001670,Technology,Phones,"Motorola Smart Phone, Full Size",2851
TEC-PH-10003348,Technology,Phones,"Cisco Speaker Phone, with Caller ID",2857
TEC-PH-10004261,Technology,Phones,"Nokia Signal Booster, Full Size",2860
TEC-PH-10001619,Technology,Phones,"Cisco Signal Booster, Full Size",2923
TEC-PH-10001751,Technology,Phones,"Samsung Smart Phone, Cordless",2960
TEC-PH-10003794,Technology,Phones,"Nokia Smart Phone, Full Size",2961
TEC-PH-10004544,Technology,Phones,"Motorola Speaker Phone, with Caller ID",2984
TEC-PH-10004085,Technology,Phones,"Apple Audio Dock, with Caller ID",2993
TEC-PH-10001478,Technology,Phones,"Nokia Headset, Full Size",3000
TEC-PH-10001428,Technology,Phones,"Motorola Headset, VoIP",3001
TEC-PH-10001900,Technology,Phones,"Motorola Signal Booster, VoIP",3007
TEC-PH-10004402,Technology,Phones,"Cisco Headset, with Caller ID",3013
TEC-PH-10002904,Technology,Phones,"Motorola Office Telephone, Cordless",3023
TEC-PH-10001944,Technology,Phones,Wi-Ex zBoost YX540 Cellular Phone Signal Booster,3038
TEC-MOT-10001196,Technology,Phones,"Motorola Audio Dock, Cordless",3042
TEC-PH-10002597,Technology,Phones,"Apple Signal Booster, with Caller ID",3125
TEC-PH-10004263,Technology,Phones,"Cisco Signal Booster, with Caller ID",3126
TEC-PH-10003620,Technology,Phones,"Apple Signal Booster, Cordless",3136
TEC-PH-10003995,Technology,Phones,"Nokia Audio Dock, VoIP",3158
TEC-PH-10003713,Technology,Phones,"Cisco Audio Dock, Cordless",3159
TEC-PH-10002623,Technology,Phones,"Cisco Smart Phone, with Caller ID",3160
TEC-PH-10003312,Technology,Phones,"Cisco Office Telephone, VoIP",3178
TEC-PH-10002572,Technology,Phones,"Nokia Audio Dock, Cordless",3187
TEC-PH-10002574,Technology,Phones,"Cisco Speaker Phone, Cordless",3189
TEC-PH-10004901,Technology,Phones,"Nokia Office Telephone, Cordless",3195
TEC-PH-10000070,Technology,Phones,"Nokia Headset, with Caller ID",3220
TEC-PH-10001382,Technology,Phones,"Apple Office Telephone, Cordless",3231
TEC-APP-10001340,Technology,Phones,"Apple Headset, VoIP",3251
TEC-PH-10004505,Technology,Phones,"Nokia Smart Phone, Full Size",3269
TEC-SAM-10003891,Technology,Phones,"Samsung Headset, with Caller ID",3281
TEC-PH-10003945,Technology,Phones,"Nokia Audio Dock, VoIP",3299
TEC-PH-10001264,Technology,Phones,"Cisco Signal Booster, VoIP",3306
TEC-PH-10001288,Technology,Phones,"Motorola Speaker Phone, with Caller ID",3307
TEC-PH-10004888,Technology,Phones,"Samsung Audio Dock, VoIP",3308
TEC-PH-10002755,Technology,Phones,"Apple Headset, VoIP",3323
TEC-PH-10002726,Technology,Phones,netTALK DUO VoIP Telephone Service,3331
TEC-PH-10000026,Technology,Phones,"Nokia Office Telephone, Cordless",3336
TEC-PH-10002419,Technology,Phones,"Motorola Headset, Cordless",3352
TEC-PH-10001557,Technology,Phones,Pyle PMP37LED,3365
TEC-PH-10002683,Technology,Phones,"Apple Smart Phone, Cordless",3384
TEC-PH-10000169,Technology,Phones,"Apple Smart Phone, with Caller ID",3385
TEC-PH-10002806,Technology,Phones,"Apple Audio Dock, VoIP",3436
TEC-PH-10002443,Technology,Phones,"Cisco Signal Booster, with Caller ID",3437
TEC-PH-10001076,Technology,Phones,"Nokia Smart Phone, Cordless",3490
TEC-APP-10001586,Technology,Phones,"Apple Speaker Phone, VoIP",3540
TEC-NOK-10000002,Technology,Phones,"Nokia Headset, with Caller ID",3544
TEC-PH-10002663,Technology,Phones,"Nokia Signal Booster, VoIP",3552
TEC-CIS-10001767,Technology,Phones,"Cisco Office Telephone, Cordless",3554
TEC-MOT-10001927,Technology,Phones,"Motorola Speaker Phone, VoIP",3556
TEC-SAM-10001017,Technology,Phones,"Samsung Speaker Phone, Cordless",3567
TEC-MOT-10004682,Technology,Phones,"Motorola Office Telephone, VoIP",3572
TEC-PH-10004583,Technology,Phones,"Motorola Smart Phone, Cordless",3598
TEC-PH-10003683,Technology,Phones,"Motorola Audio Dock, VoIP",3600
TEC-PH-10001664,Technology,Phones,"Motorola Office Telephone, VoIP",3639
TEC-PH-10000641,Technology,Phones,"Motorola Headset, Full Size",3668
TEC-PH-10001963,Technology,Phones,"Nokia Speaker Phone, Full Size",3678
TEC-PH-10004152,Technology,Phones,"Apple Headset, VoIP",3691
TEC-PH-10003847,Technology,Phones,"Apple Headset, with Caller ID",3692
TEC-PH-10003549,Technology,Phones,"Samsung Headset, with Caller ID",3696
TEC-SAM-10003493,Technology,Phones,"Samsung Signal Booster, VoIP",3729
TEC-PH-10004503,Technology,Phones,"Apple Audio Dock, VoIP",3754
TEC-PH-10001884,Technology,Phones,"Nokia Office Telephone, Full Size",3788
TEC-PH-10000840,Technology,Phones,"Cisco Audio Dock, VoIP",3791
TEC-PH-10003927,Technology,Phones,"Nokia Audio Dock, with Caller ID",3811
TEC-NOK-10004541,Technology,Phones,"Nokia Office Telephone, Cordless",3814
TEC-PH-10002104,Technology,Phones,"Cisco Speaker Phone, Cordless",3838
TEC-PH-10001732,Technology,Phones,"Samsung Audio Dock, Cordless",3863
TEC-MOT-10000554,Technology,Phones,"Motorola Smart Phone, Full Size",3867
TEC-PH-10001070,Technology,Phones,"Samsung Headset, VoIP",3881
TEC-PH-10003171,Technology,Phones,Plantronics Encore H101 Dual Earpieces?Headset,3956
TEC-PH-10002387,Technology,Phones,"Motorola Signal Booster, Cordless",3972
TEC-NOK-10001678,Technology,Phones,"Nokia Audio Dock, Cordless",3978
TEC-PH-10004732,Technology,Phones,"Cisco Office Telephone, Cordless",3992
TEC-PH-10002564,Technology,Phones,"Motorola Signal Booster, Full Size",3994
TEC-PH-10002035,Technology,Phones,"Samsung Smart Phone, Cordless",3995
TEC-PH-10004682,Technology,Phones,"Cisco Headset, VoIP",4029
TEC-PH-10000347,Technology,Phones,"Cisco Speaker Phone, VoIP",4076
TEC-PH-10000419,Technology,Phones,"Apple Smart Phone, Full Size",4097
TEC-PH-10002102,Technology,Phones,"Nokia Headset, Cordless",4098
TEC-PH-10001254,Technology,Phones,Jabra BIZ 2300 Duo QD Duo Corded?Headset,4111
TEC-PH-10003505,Technology,Phones,Geemarc AmpliPOWER60,4122
TEC-PH-10003182,Technology,Phones,"Cisco Office Telephone, with Caller ID",4123
TEC-PH-10004823,Technology,Phones,"Nokia Smart Phone, Full Size",4141
TEC-PH-10003439,Technology,Phones,"Apple Audio Dock, VoIP",4142
TEC-NOK-10003562,Technology,Phones,"Nokia Audio Dock, Full Size",4145
TEC-PH-10000785,Technology,Phones,"Apple Speaker Phone, Cordless",4150
TEC-PH-10001329,Technology,Phones,"Motorola Headset, Cordless",4151
TEC-PH-10000332,Technology,Phones,"Samsung Smart Phone, VoIP",4152
TEC-PH-10001602,Technology,Phones,"Samsung Office Telephone, Full Size",4154
TEC-PH-10004910,Technology,Phones,"Samsung Signal Booster, Full Size",4171
TEC-PH-10003927,Technology,Phones,"Cisco Signal Booster, Full Size",4180
TEC-PH-10001163,Technology,Phones,"Motorola Speaker Phone, Cordless",4206
TEC-CIS-10002565,Technology,Phones,"Cisco Speaker Phone, Full Size",4235
TEC-PH-10001066,Technology,Phones,"Apple Smart Phone, Cordless",4239
TEC-PH-10003770,Technology,Phones,"Apple Speaker Phone, Full Size",4242
TEC-PH-10000923,Technology,Phones,"Belkin SportFit Armband For iPhone 5s/5c, Fuchsia",4261
TEC-PH-10004772,Technology,Phones,"Motorola Signal Booster, VoIP",4286
TEC-PH-10002647,Technology,Phones,"Nokia Headset, VoIP",4293
TEC-PH-10000693,Technology,Phones,"Apple Speaker Phone, with Caller ID",4326
TEC-PH-10003522,Technology,Phones,"Apple Headset, Full Size",4327
TEC-PH-10000931,Technology,Phones,"Motorola Speaker Phone, VoIP",4336
TEC-PH-10001937,Technology,Phones,"Nokia Audio Dock, Full Size",4351
TEC-PH-10000494,Technology,Phones,"Apple Speaker Phone, Cordless",4363
TEC-PH-10000158,Technology,Phones,"Apple Signal Booster, VoIP",4364
TEC-PH-10000705,Technology,Phones,"Apple Headset, Cordless",4367
TEC-PH-10002759,Technology,Phones,"Cisco Smart Phone, Cordless",4368
TEC-PH-10001051,Technology,Phones,HTC One,4389
TEC-PH-10002564,Technology,Phones,OtterBox Defender Series Case - Samsung Galaxy S4,4390
TEC-PH-10002468,Technology,Phones,"Plantronics CS 50-USB -?headset?- Convertible, Monaural",4391
TEC-PH-10002296,Technology,Phones,"Nokia Signal Booster, with Caller ID",4426
TEC-PH-10002042,Technology,Phones,"Cisco Audio Dock, Full Size",4434
TEC-PH-10003613,Technology,Phones,"Apple Signal Booster, VoIP",4442
TEC-PH-10004933,Technology,Phones,"Samsung Headset, VoIP",4443
TEC-PH-10001921,Technology,Phones,"Nokia Signal Booster, with Caller ID",4481
TEC-PH-10000214,Technology,Phones,"Apple Speaker Phone, VoIP",4501
TEC-PH-10003891,Technology,Phones,"Cisco Audio Dock, with Caller ID",4503
TEC-PH-10000895,Technology,Phones,Polycom VVX 310 VoIP phone,4523
TEC-PH-10004959,Technology,Phones,Classic Ivory Antique?Telephone?ZL1810,4524
TEC-PH-10004120,Technology,Phones,AT&T 1080 Phone,4532
TEC-PH-10002456,Technology,Phones,"Cisco Speaker Phone, Cordless",4538
TEC-PH-10001819,Technology,Phones,Innergie mMini Combo Duo USB Travel Charging Kit,4543
TEC-PH-10001475,Technology,Phones,"Cisco Office Telephone, VoIP",4550
TEC-CIS-10001877,Technology,Phones,"Cisco Office Telephone, with Caller ID",4574
TEC-APP-10003588,Technology,Phones,"Apple Signal Booster, with Caller ID",4577
TEC-PH-10001575,Technology,Phones,"Samsung Office Telephone, VoIP",4583
TEC-PH-10000990,Technology,Phones,"Cisco Signal Booster, with Caller ID",4627
TEC-PH-10000087,Technology,Phones,"Apple Signal Booster, Cordless",4687
TEC-PH-10002774,Technology,Phones,"Nokia Smart Phone, with Caller ID",4688
TEC-PH-10004074,Technology,Phones,"Samsung Smart Phone, with Caller ID",4693
TEC-PH-10003405,Technology,Phones,"Apple Office Telephone, Full Size",4710
TEC-PH-10004871,Technology,Phones,"Motorola Headset, Cordless",4711
TEC-PH-10003988,Technology,Phones,"LF Elite 3D Dazzle Designer Hard Case Cover, Lf Stylus Pen and Wiper For Apple Iphone 5c Mini Lite",4732
TEC-PH-10004570,Technology,Phones,"Apple Speaker Phone, Cordless",4765
TEC-CIS-10003501,Technology,Phones,"Cisco Signal Booster, Full Size",4790
TEC-PH-10002555,Technology,Phones,Nortel Meridian M5316 Digital phone,4802
TEC-PH-10004144,Technology,Phones,"Apple Speaker Phone, Full Size",4815
TEC-PH-10002907,Technology,Phones,"Motorola Headset, VoIP",4821
TEC-PH-10002991,Technology,Phones,"Apple Smart Phone, Full Size",4839
TEC-PH-10004200,Technology,Phones,"Motorola Audio Dock, Full Size",4889
TEC-PH-10001961,Technology,Phones,"Cisco Speaker Phone, Full Size",4896
TEC-PH-10002590,Technology,Phones,"Motorola Audio Dock, Cordless",4911
TEC-APP-10001389,Technology,Phones,"Apple Audio Dock, with Caller ID",4959
TEC-MOT-10003348,Technology,Phones,"Motorola Smart Phone, Full Size",4969
TEC-NOK-10002716,Technology,Phones,"Nokia Audio Dock, with Caller ID",4970
TEC-SAM-10004851,Technology,Phones,"Samsung Office Telephone, with Caller ID",4971
TEC-MOT-10001342,Technology,Phones,"Motorola Signal Booster, VoIP",4977
TEC-NOK-10003743,Technology,Phones,"Nokia Signal Booster, VoIP",4985
TEC-NOK-10004278,Technology,Phones,"Nokia Signal Booster, Full Size",4986
TEC-CIS-10002259,Technology,Phones,"Cisco Smart Phone, Cordless",4994
TEC-PH-10002742,Technology,Phones,"Motorola Audio Dock, Cordless",5027
TEC-PH-10000342,Technology,Phones,"Samsung Office Telephone, Full Size",5040
TEC-PH-10002299,Technology,Phones,"Nokia Headset, VoIP",5052
TEC-PH-10004509,Technology,Phones,"Nokia Audio Dock, Cordless",5068
TEC-PH-10003102,Technology,Phones,"Samsung Audio Dock, with Caller ID",5096
TEC-PH-10000100,Technology,Phones,"Motorola Office Telephone, Full Size",5104
TEC-PH-10000810,Technology,Phones,"Nokia Headset, VoIP",5109
TEC-PH-10004242,Technology,Phones,"Apple Speaker Phone, VoIP",5132
TEC-PH-10004237,Technology,Phones,"Nokia Office Telephone, with Caller ID",5134
TEC-PH-10002217,Technology,Phones,"Cisco Audio Dock, Cordless",5174
TEC-PH-10004714,Technology,Phones,"Motorola Office Telephone, VoIP",5209
TEC-PH-10004287,Technology,Phones,"Cisco Headset, Cordless",5217
TEC-PH-10002068,Technology,Phones,"Apple Office Telephone, with Caller ID",5218
TEC-SAM-10000613,Technology,Phones,"Samsung Speaker Phone, with Caller ID",5248
TEC-PH-10002892,Technology,Phones,"Nokia Speaker Phone, Cordless",5266
TEC-PH-10002904,Technology,Phones,"Samsung Smart Phone, Full Size",5276
TEC-PH-10001304,Technology,Phones,"Apple Office Telephone, Cordless",5294
TEC-PH-10004707,Technology,Phones,"Samsung Signal Booster, Cordless",5303
TEC-PH-10000493,Technology,Phones,"Apple Smart Phone, Full Size",5304
TEC-PH-10001300,Technology,Phones,"iKross Bluetooth Portable Keyboard + Cell Phone Stand Holder + Brush for Apple iPhone 5S 5C 5, 4S 4",5314
TEC-PH-10002255,Technology,Phones,"Apple Audio Dock, Full Size",5324
TEC-PH-10004184,Technology,Phones,"Motorola Headset, with Caller ID",5330
TEC-PH-10002483,Technology,Phones,"Motorola Office Telephone, with Caller ID",5333
TEC-PH-10001433,Technology,Phones,Cisco Small Business SPA 502G VoIP phone,5400
TEC-MOT-10003366,Technology,Phones,"Motorola Audio Dock, Full Size",5432
TEC-CIS-10001938,Technology,Phones,"Cisco Audio Dock, VoIP",5433
TEC-PH-10000381,Technology,Phones,"Apple Signal Booster, Full Size",5436
TEC-PH-10002296,Technology,Phones,"Nokia Headset, Full Size",5443
TEC-PH-10003254,Technology,Phones,"Samsung Office Telephone, Full Size",5465
TEC-PH-10002816,Technology,Phones,"Samsung Signal Booster, Cordless",5466
TEC-PH-10001548,Technology,Phones,"Nokia Speaker Phone, Full Size",5468
TEC-PH-10002565,Technology,Phones,"Apple Audio Dock, with Caller ID",5487
TEC-PH-10004093,Technology,Phones,"Motorola Audio Dock, VoIP",5503
TEC-PH-10002292,Technology,Phones,"Cisco Signal Booster, Full Size",5513
TEC-PH-10003946,Technology,Phones,"Cisco Office Telephone, VoIP",5539
TEC-PH-10004358,Technology,Phones,"Samsung Office Telephone, Cordless",5540
TEC-PH-10001614,Technology,Phones,"Motorola Audio Dock, VoIP",5548
TEC-PH-10002320,Technology,Phones,"Samsung Speaker Phone, Full Size",5554
TEC-PH-10004977,Technology,Phones,GE 30524EE4,5579
TEC-PH-10002660,Technology,Phones,Nortel Networks T7316 E Nt8 B27,5580
TEC-PH-10004447,Technology,Phones,Toshiba IPT2010-SD IP?Telephone,5587
TEC-PH-10002844,Technology,Phones,Speck Products Candyshell Flip Case,5602
TEC-PH-10000127,Technology,Phones,iOttie XL Car Mount,5610
TEC-PH-10000720,Technology,Phones,"Samsung Audio Dock, Full Size",5639
TEC-PH-10001321,Technology,Phones,"Cisco Speaker Phone, Full Size",5652
TEC-PH-10003645,Technology,Phones,Aastra 57i VoIP phone,5669
TEC-PH-10004924,Technology,Phones,"SKILCRAFT Telephone Shoulder Rest, 2"" x 6.5"" x 2.5"", Black",5674
TEC-PH-10004093,Technology,Phones,Panasonic Kx-TS550,5683
TEC-PH-10000149,Technology,Phones,Cisco SPA525G2 IP Phone - Wireless,5684
TEC-PH-10002185,Technology,Phones,QVS USB Car Charger 2-Port 2.1Amp for iPod/iPhone/iPad/iPad 2/iPad 3,5787
TEC-PH-10001363,Technology,Phones,Apple iPhone 5S,5789
TEC-PH-10000307,Technology,Phones,Shocksock Galaxy S4 Armband,5790
TEC-PH-10002817,Technology,Phones,RCA ViSYS 25425RE1 Corded phone,5792
TEC-PH-10002890,Technology,Phones,AT&T 17929 Lendline Telephone,5793
TEC-PH-10003963,Technology,Phones,GE 2-Jack Phone Line Splitter,5795
TEC-PH-10001580,Technology,Phones,Logitech Mobile Speakerphone P710e -?speaker phone,5797
TEC-PH-10001061,Technology,Phones,Apple iPhone 5C,5800
TEC-PH-10004165,Technology,Phones,Mitel MiVoice 5330e IP Phone,5801
TEC-PH-10000011,Technology,Phones,PureGear Roll-On Screen Protector,5802
TEC-PH-10001299,Technology,Phones,Polycom CX300 Desktop Phone USB VoIP phone,5803
TEC-PH-10002789,Technology,Phones,LG Exalt,5807
TEC-PH-10001527,Technology,Phones,Plantronics MX500i Earset,5808
TEC-PH-10000213,Technology,Phones,Seidio BD2-HK3IPH5-BK DILEX Case and Holster Combo for Apple iPhone 5/5s - Black,5809
TEC-PH-10003092,Technology,Phones,Motorola L804,5812
TEC-PH-10003931,Technology,Phones,JBL Micro Wireless Portable Bluetooth Speaker,5813
TEC-PH-10004536,Technology,Phones,Avaya 5420 Digital phone,5815
TEC-PH-10004188,Technology,Phones,OtterBox Commuter Series Case - Samsung Galaxy S4,5816
TEC-PH-10001536,Technology,Phones,Spigen Samsung Galaxy S5 Case Wallet,5817
TEC-PH-10004042,Technology,Phones,ClearOne Communications CHAT 70 OC?Speaker Phone,5818
TEC-PH-10003095,Technology,Phones,Samsung HM1900 Bluetooth Headset,5820
TEC-PH-10000702,Technology,Phones,"Square Credit Card Reader, 4 1/2"" x 4 1/2"" x 1"", White",5900
TEC-PH-10001677,Technology,Phones,"Nokia Office Telephone, Full Size",5943
TEC-PH-10002708,Technology,Phones,"Nokia Speaker Phone, with Caller ID",5978
TEC-MOT-10000851,Technology,Phones,"Motorola Headset, with Caller ID",6001
TEC-SAM-10002682,Technology,Phones,"Samsung Headset, Full Size",6002
TEC-PH-10001725,Technology,Phones,"Motorola Speaker Phone, Cordless",6017
TEC-PH-10004328,Technology,Phones,"Motorola Audio Dock, Cordless",6051
TEC-PH-10001424,Technology,Phones,"Nokia Signal Booster, Full Size",6052
TEC-PH-10002251,Technology,Phones,"Motorola Speaker Phone, Cordless",6053
TEC-PH-10001360,Technology,Phones,"Apple Smart Phone, Full Size",6110
TEC-PH-10000036,Technology,Phones,"Nokia Smart Phone, Full Size",6111
TEC-PH-10002695,Technology,Phones,"Samsung Headset, with Caller ID",6112
TEC-PH-10003400,Technology,Phones,"Motorola Signal Booster, VoIP",6119
TEC-PH-10004880,Technology,Phones,"Cisco Signal Booster, Cordless",6137
TEC-PH-10003157,Technology,Phones,"Nokia Speaker Phone, VoIP",6140
TEC-PH-10002867,Technology,Phones,"Cisco Smart Phone, with Caller ID",6153
TEC-PH-10002183,Technology,Phones,"Apple Audio Dock, with Caller ID",6157
TEC-PH-10002885,Technology,Phones,Apple iPhone 5,6186
TEC-PH-10004080,Technology,Phones,Avaya 5410 Digital phone,6187
TEC-PH-10004522,Technology,Phones,Dexim XPower Skin Super-Thin Power Case for iPhone 5 - Black,6188
TEC-PH-10000730,Technology,Phones,Samsung Galaxy S4 Active,6225
TEC-PH-10002715,Technology,Phones,"Cisco Audio Dock, VoIP",6233
TEC-PH-10000106,Technology,Phones,"Apple Smart Phone, Full Size",6238
TEC-PH-10001573,Technology,Phones,"Nokia Smart Phone, with Caller ID",6255
TEC-PH-10003877,Technology,Phones,"Samsung Office Telephone, Cordless",6266
TEC-PH-10001284,Technology,Phones,"Apple Smart Phone, Cordless",6308
TEC-PH-10003072,Technology,Phones,Panasonic KX-TG9541B DECT 6.0 Digital 2-Line Expandable Cordless Phone With Digital Answering System,6346
TEC-PH-10002538,Technology,Phones,Grandstream GXP1160 VoIP phone,6349
TEC-PH-10000369,Technology,Phones,HTC One Mini,6350
TEC-PH-10002310,Technology,Phones,Plantronics Calisto P620-M USB Wireless Speakerphone System,6392
TEC-PH-10001459,Technology,Phones,Samsung Galaxy Mega 6.3,6404
TEC-PH-10002447,Technology,Phones,AT&T CL83451 4-Handset Telephone,6409
TEC-PH-10000560,Technology,Phones,Samsung Galaxy S III - 16GB - pebble blue (T-Mobile),6412
TEC-PH-10001870,Technology,Phones,Lunatik TT5L-002 Taktik Strike Impact Protection System for iPhone 5,6414
TEC-PH-10001809,Technology,Phones,Panasonic KX T7736-B Digital phone,6415
TEC-PH-10001305,Technology,Phones,Panasonic KX TS208W Corded phone,6416
TEC-PH-10002293,Technology,Phones,Anker 36W 4-Port USB Wall Charger Travel Power Adapter for iPhone 5s 5c 5,6417
TEC-PH-10004348,Technology,Phones,OtterBox Defender Series Case - iPhone 5c,6418
TEC-PH-10003601,Technology,Phones,"Ativa D5772 2-Line 5.8GHz Digital Expandable Corded/Cordless Phone System with Answering & Caller ID/Call Waiting, Black/Silver",6463
TEC-PH-10002549,Technology,Phones,Polycom SoundPoint IP 450 VoIP phone,6477
TEC-CIS-10003017,Technology,Phones,"Cisco Signal Booster, with Caller ID",6492
TEC-PH-10002218,Technology,Phones,"Apple Speaker Phone, Cordless",6501
TEC-PH-10003215,Technology,Phones,Jackery Bar Premium Fast-charging Portable Charger,6510
TEC-PH-10000788,Technology,Phones,"Cisco Office Telephone, Full Size",6527
TEC-PH-10003361,Technology,Phones,"Samsung Signal Booster, with Caller ID",6528
TEC-PH-10000490,Technology,Phones,"Motorola Audio Dock, Full Size",6572
TEC-PH-10001574,Technology,Phones,"Nokia Audio Dock, Cordless",6573
TEC-PH-10004614,Technology,Phones,"Cisco Headset, Full Size",6574
TEC-PH-10003560,Technology,Phones,"Cisco Audio Dock, Cordless",6589
TEC-PH-10004182,Technology,Phones,"Motorola Smart Phone, Full Size",6590
TEC-PH-10002672,Technology,Phones,"Cisco Smart Phone, Full Size",6607
TEC-PH-10001917,Technology,Phones,"Motorola Speaker Phone, Full Size",6610
TEC-PH-10003416,Technology,Phones,"Samsung Office Telephone, with Caller ID",6654
TEC-PH-10003870,Technology,Phones,"Samsung Signal Booster, VoIP",6678
TEC-PH-10001590,Technology,Phones,"Motorola Headset, with Caller ID",6688
TEC-PH-10002570,Technology,Phones,"Samsung Headset, Full Size",6690
TEC-NOK-10001282,Technology,Phones,"Nokia Signal Booster, with Caller ID",6712
TEC-SAM-10001843,Technology,Phones,"Samsung Audio Dock, Full Size",6713
TEC-CIS-10000758,Technology,Phones,"Cisco Smart Phone, Full Size",6714
TEC-NOK-10001172,Technology,Phones,"Nokia Speaker Phone, VoIP",6719
TEC-PH-10004578,Technology,Phones,"Nokia Office Telephone, with Caller ID",6724
TEC-PH-10004922,Technology,Phones,RCA Visys Integrated PBX 8-Line Router,6744
TEC-PH-10003012,Technology,Phones,Nortel Meridian M3904 Professional Digital phone,6747
TEC-PH-10002085,Technology,Phones,Clarity 53712,6751
TEC-PH-10004908,Technology,Phones,Panasonic KX TS3282W Corded phone,6752
TEC-SAM-10004940,Technology,Phones,"Samsung Smart Phone, Full Size",6807
TEC-PH-10004028,Technology,Phones,"Apple Headset, Full Size",6812
TEC-PH-10000358,Technology,Phones,"Samsung Headset, with Caller ID",6824
TEC-PH-10004597,Technology,Phones,"Apple Signal Booster, with Caller ID",6835
TEC-APP-10002310,Technology,Phones,"Apple Office Telephone, Cordless",6844
TEC-PH-10002936,Technology,Phones,"Nokia Smart Phone, Full Size",6875
TEC-PH-10003062,Technology,Phones,"Apple Audio Dock, Full Size",6876
TEC-PH-10003823,Technology,Phones,"Apple Headset, Full Size",6882
TEC-PH-10004559,Technology,Phones,"Nokia Speaker Phone, with Caller ID",6883
TEC-PH-10004586,Technology,Phones,Wilson SignalBoost 841262 DB PRO Amplifier Kit,6887
TEC-PH-10004618,Technology,Phones,"Motorola Signal Booster, Cordless",6895
TEC-PH-10003535,Technology,Phones,RCA ViSYS 25423RE1 Corded phone,6906
TEC-PH-10001795,Technology,Phones,ClearOne CHATAttach 160 -?speaker phone,6910
TEC-PH-10002583,Technology,Phones,iOttie HLCRIO102 Car Mount,6914
TEC-PH-10000586,Technology,Phones,AT&T SB67148 SynJ,6916
TEC-PH-10001990,Technology,Phones,"Cisco Smart Phone, Full Size",6941
TEC-PH-10003652,Technology,Phones,"Motorola Headset, Cordless",6949
TEC-PH-10004614,Technology,Phones,AT&T 841000 Phone,6963
TEC-PH-10001750,Technology,Phones,Samsung Rugby III,6987
TEC-PH-10003691,Technology,Phones,BlackBerry Q10,6989
TEC-PH-10002923,Technology,Phones,"Logitech B530 USB?Headset?-?headset?- Full size, Binaural",6993
TEC-PH-10001079,Technology,Phones,Polycom SoundPoint Pro SE-225 Corded phone,6994
TEC-PH-10001336,Technology,Phones,Digium D40 VoIP phone,6999
TEC-PH-10001362,Technology,Phones,"Cisco Office Telephone, Cordless",7011
TEC-PH-10004825,Technology,Phones,"Cisco Headset, VoIP",7056
TEC-NOK-10003034,Technology,Phones,"Nokia Speaker Phone, Full Size",7085
TEC-PH-10000437,Technology,Phones,"Cisco Signal Booster, VoIP",7094
TEC-PH-10000800,Technology,Phones,"Cisco Smart Phone, Full Size",7110
TEC-PH-10000376,Technology,Phones,Square Credit Card Reader,7125
TEC-PH-10004879,Technology,Phones,"Nokia Headset, Cordless",7129
TEC-PH-10002807,Technology,Phones,Motorla HX550 Universal Bluetooth Headset,7134
TEC-PH-10001432,Technology,Phones,"Motorola Signal Booster, Cordless",7135
TEC-PH-10001187,Technology,Phones,"Cisco Signal Booster, with Caller ID",7147
TEC-PH-10001535,Technology,Phones,"Nokia Speaker Phone, Cordless",7150
TEC-PH-10001470,Technology,Phones,"Cisco Office Telephone, with Caller ID",7153
TEC-PH-10000458,Technology,Phones,"Nokia Office Telephone, Full Size",7154
TEC-PH-10004915,Technology,Phones,"Nokia Speaker Phone, Cordless",7156
TEC-PH-10002018,Technology,Phones,"Samsung Audio Dock, VoIP",7170
TEC-PH-10001700,Technology,Phones,Panasonic KX-TG6844B Expandable Digital Cordless Telephone,7176
TEC-PH-10003442,Technology,Phones,Samsung Replacement EH64AVFWE Premium Headset,7181
TEC-PH-10003885,Technology,Phones,Cisco SPA508G,7183
TEC-PH-10002645,Technology,Phones,"Motorola Signal Booster, with Caller ID",7185
TEC-PH-10004105,Technology,Phones,"Motorola Speaker Phone, VoIP",7186
TEC-PH-10000647,Technology,Phones,"Samsung Office Telephone, VoIP",7197
TEC-PH-10002491,Technology,Phones,"Samsung Office Telephone, Cordless",7199
TEC-PH-10003963,Technology,Phones,"Apple Signal Booster, Full Size",7200
TEC-PH-10003078,Technology,Phones,"Cisco Speaker Phone, with Caller ID",7208
TEC-PH-10001651,Technology,Phones,"Samsung Speaker Phone, VoIP",7234
TEC-PH-10003488,Technology,Phones,"Nokia Signal Booster, VoIP",7241
TEC-PH-10000822,Technology,Phones,"Apple Speaker Phone, Full Size",7242
TEC-PH-10004071,Technology,Phones,PayAnywhere Card Reader,7245
TEC-PH-10002033,Technology,Phones,Konftel 250 Conference?phone?- Charcoal black,7277
TEC-PH-10003487,Technology,Phones,"Motorola Office Telephone, with Caller ID",7281
TEC-PH-10000169,Technology,Phones,ARKON Windshield Dashboard Air Vent Car Mount Holder,7296
TEC-PH-10000577,Technology,Phones,"Samsung Headset, Cordless",7299
TEC-PH-10004358,Technology,Phones,"Cisco Audio Dock, VoIP",7305
TEC-PH-10003513,Technology,Phones,"Nokia Speaker Phone, VoIP",7315
TEC-PH-10002932,Technology,Phones,"Samsung Speaker Phone, VoIP",7316
TEC-PH-10004241,Technology,Phones,"Cisco Headset, Cordless",7335
TEC-PH-10000289,Technology,Phones,"Samsung Audio Dock, Full Size",7380
TEC-PH-10000004,Technology,Phones,Belkin iPhone and iPad Lightning Cable,7387
TEC-PH-10002415,Technology,Phones,Polycom VoiceStation 500 Conference?phone,7394
TEC-PH-10000439,Technology,Phones,GE DSL Phone Line Filter,7398
TEC-PH-10004875,Technology,Phones,PNY Rapid USB Car Charger - Black,7414
TEC-PH-10002350,Technology,Phones,Apple EarPods with Remote and Mic,7437
TEC-PH-10003153,Technology,Phones,"Samsung Signal Booster, with Caller ID",7443
TEC-PH-10001619,Technology,Phones,LG G3,7466
TEC-PH-10000292,Technology,Phones,"Samsung Office Telephone, Full Size",7468
TEC-PH-10002222,Technology,Phones,"Cisco Office Telephone, VoIP",7472
TEC-PH-10000160,Technology,Phones,"Motorola Smart Phone, with Caller ID",7473
TEC-PH-10000309,Technology,Phones,"Motorola Audio Dock, with Caller ID",7481
TEC-PH-10000412,Technology,Phones,"Cisco Office Telephone, Full Size",7487
TEC-PH-10002597,Technology,Phones,Xblue XB-1670-86 X16 Small?Office Telephone?- Titanium,7501
TEC-PH-10001817,Technology,Phones,Wilson Electronics DB Pro Signal Booster,7502
TEC-APP-10001851,Technology,Phones,"Apple Headset, Full Size",7512
TEC-PH-10000258,Technology,Phones,"Motorola Audio Dock, Cordless",7524
TEC-PH-10000193,Technology,Phones,Jensen SMPS-640 -?speaker phone,7530
TEC-PH-10001448,Technology,Phones,Anker Astro 15000mAh USB Portable Charger,7534
TEC-PH-10000215,Technology,Phones,Plantronics Cordless?Phone Headset?with In-line Volume - M214C,7535
TEC-PH-10002119,Technology,Phones,"Samsung Headset, Full Size",7547
TEC-PH-10000141,Technology,Phones,Clearsounds A400,7560
TEC-PH-10000303,Technology,Phones,"Samsung Smart Phone, VoIP",7569
TEC-PH-10003916,Technology,Phones,"Motorola Office Telephone, with Caller ID",7577
TEC-PH-10000455,Technology,Phones,GE 30522EE2,7578
TEC-NOK-10002555,Technology,Phones,"Nokia Audio Dock, VoIP",7579
TEC-PH-10002076,Technology,Phones,"Samsung Audio Dock, Full Size",7592
TEC-PH-10003636,Technology,Phones,"Samsung Speaker Phone, Cordless",7598
TEC-PH-10003954,Technology,Phones,"Cisco Signal Booster, Cordless",7647
TEC-PH-10002154,Technology,Phones,"Cisco Headset, Full Size",7655
TEC-PH-10003913,Technology,Phones,"Samsung Signal Booster, Cordless",7673
TEC-PH-10001708,Technology,Phones,"Cisco Audio Dock, with Caller ID",7699
TEC-PH-10000347,Technology,Phones,Cush Cases Heavy Duty Rugged Cover Case for Samsung Galaxy S5 - Purple,7714
TEC-PH-10002713,Technology,Phones,"Samsung Headset, Cordless",7729
TEC-PH-10000019,Technology,Phones,"Motorola Audio Dock, Full Size",7757
TEC-PH-10001289,Technology,Phones,"Motorola Smart Phone, Full Size",7759
TEC-PH-10000922,Technology,Phones,"Nokia Headset, with Caller ID",7768
TEC-PH-10003580,Technology,Phones,"Apple Speaker Phone, Full Size",7793
TEC-PH-10003856,Technology,Phones,"Motorola Smart Phone, with Caller ID",7807
TEC-PH-10003813,Technology,Phones,"Samsung Signal Booster, VoIP",7808
TEC-PH-10003713,Technology,Phones,"Nokia Smart Phone, Cordless",7810
TEC-PH-10004271,Technology,Phones,"Cisco Speaker Phone, VoIP",7816
TEC-PH-10001580,Technology,Phones,"Apple Office Telephone, VoIP",7828
TEC-PH-10004912,Technology,Phones,Cisco SPA112 2 Port Phone Adapter,7832
TEC-PH-10002483,Technology,Phones,Motorola Moto X,7847
TEC-PH-10001117,Technology,Phones,"Apple Smart Phone, Full Size",7856
TEC-PH-10004827,Technology,Phones,"Samsung Headset, Cordless",7857
TEC-PH-10002392,Technology,Phones,"Nokia Signal Booster, Cordless",7881
TEC-PH-10000774,Technology,Phones,"Motorola Signal Booster, VoIP",7890
TEC-PH-10003486,Technology,Phones,"Apple Audio Dock, Cordless",7930
TEC-PH-10003723,Technology,Phones,"Samsung Audio Dock, with Caller ID",7949
TEC-CIS-10001122,Technology,Phones,"Cisco Speaker Phone, VoIP",7957
TEC-PH-10000956,Technology,Phones,"Motorola Speaker Phone, with Caller ID",7968
TEC-MOT-10002260,Technology,Phones,"Motorola Office Telephone, Cordless",7984
TEC-PH-10002658,Technology,Phones,"Apple Signal Booster, with Caller ID",8013
TEC-PH-10001555,Technology,Phones,"Motorola Signal Booster, Full Size",8014
TEC-PH-10002641,Technology,Phones,"Motorola Office Telephone, Full Size",8023
TEC-PH-10003239,Technology,Phones,"Samsung Signal Booster, with Caller ID",8037
TEC-PH-10001396,Technology,Phones,"Nokia Smart Phone, Cordless",8066
TEC-PH-10004680,Technology,Phones,"Samsung Speaker Phone, with Caller ID",8085
TEC-PH-10004539,Technology,Phones,Wireless Extenders zBoost YX545 SOHO Signal Booster,8103
TEC-PH-10003011,Technology,Phones,"Cisco Audio Dock, Full Size",8121
TEC-PH-10002780,Technology,Phones,"Motorola Smart Phone, Cordless",8139
TEC-PH-10001640,Technology,Phones,"Motorola Office Telephone, Full Size",8150
TEC-PH-10001087,Technology,Phones,"Apple Signal Booster, Cordless",8174
TEC-PH-10004404,Technology,Phones,"Samsung Headset, VoIP",8193
TEC-PH-10003177,Technology,Phones,"Samsung Speaker Phone, with Caller ID",8195
TEC-APP-10001965,Technology,Phones,"Apple Office Telephone, Full Size",8210
TEC-PH-10000675,Technology,Phones,Panasonic KX TS3282B Corded phone,8290
TEC-PH-10002922,Technology,Phones,ShoreTel ShorePhone IP 230 VoIP phone,8291
TEC-PH-10001578,Technology,Phones,Polycom SoundStation2 EX Conference?phone,8292
TEC-PH-10001760,Technology,Phones,Bose SoundLink Bluetooth Speaker,8293
TEC-PH-10004896,Technology,Phones,Nokia Lumia 521 (T-Mobile),8294
TEC-PH-10003437,Technology,Phones,Blue Parrot B250XT Professional Grade Wireless Bluetooth?Headset?with,8295
TEC-PH-10004100,Technology,Phones,Griffin GC17055 Auxiliary Audio Cable,8296
TEC-PH-10000038,Technology,Phones,Jawbone MINI JAMBOX Wireless Bluetooth Speaker,8298
TEC-PH-10003555,Technology,Phones,Motorola HK250 Universal Bluetooth Headset,8300
TEC-PH-10001712,Technology,Phones,"Nokia Smart Phone, Full Size",8326
TEC-PH-10003752,Technology,Phones,"Nokia Office Telephone, VoIP",8344
TEC-PH-10002121,Technology,Phones,"Apple Headset, with Caller ID",8362
TEC-APP-10002321,Technology,Phones,"Apple Signal Booster, Full Size",8390
TEC-PH-10001413,Technology,Phones,"Motorola Audio Dock, with Caller ID",8401
TEC-PH-10001805,Technology,Phones,"Nokia Speaker Phone, Full Size",8423
TEC-PH-10003457,Technology,Phones,"Cisco Smart Phone, Full Size",8452
TEC-PH-10002312,Technology,Phones,"Samsung Audio Dock, with Caller ID",8464
TEC-CIS-10003103,Technology,Phones,"Cisco Office Telephone, VoIP",8470
TEC-SAM-10000345,Technology,Phones,"Samsung Audio Dock, with Caller ID",8524
TEC-MOT-10004136,Technology,Phones,"Motorola Signal Booster, Cordless",8534
TEC-APP-10004296,Technology,Phones,"Apple Speaker Phone, Full Size",8535
TEC-PH-10001494,Technology,Phones,Polycom CX600 IP Phone VoIP phone,8555
TEC-PH-10002680,Technology,Phones,Samsung Galaxy Note 3,8556
TEC-PH-10000148,Technology,Phones,Cyber Acoustics AC-202b Speech Recognition Stereo Headset,8557
TEC-PH-10003655,Technology,Phones,Sannysis Cute Owl Design Soft Skin Case Cover for Samsung Galaxy S4,8566
TEC-PH-10002824,Technology,Phones,Jabra SPEAK 410 Multidevice Speakerphone,8574
TEC-PH-10000576,Technology,Phones,AT&T 1080 Corded phone,8578
TEC-PH-10004094,Technology,Phones,Motorola L703CM,8579
TEC-PH-10001433,Technology,Phones,"Motorola Headset, Full Size",8618
TEC-PH-10004281,Technology,Phones,"Samsung Audio Dock, Cordless",8632
TEC-SAM-10003205,Technology,Phones,"Samsung Audio Dock, VoIP",8644
TEC-PH-10004221,Technology,Phones,"Samsung Speaker Phone, Cordless",8646
TEC-PH-10002652,Technology,Phones,"Cisco Smart Phone, Cordless",8660
TEC-SAM-10003520,Technology,Phones,"Samsung Headset, VoIP",8681
TEC-MOT-10002272,Technology,Phones,"Motorola Smart Phone, with Caller ID",8686
TEC-APP-10000308,Technology,Phones,"Apple Smart Phone, Full Size",8687
TEC-PH-10001924,Technology,Phones,iHome FM Clock Radio with Lightning Dock,8689
TEC-PH-10004554,Technology,Phones,"Samsung Audio Dock, VoIP",8723
TEC-PH-10001148,Technology,Phones,"Samsung Signal Booster, VoIP",8788
TEC-MOT-10004111,Technology,Phones,"Motorola Office Telephone, with Caller ID",8798
TEC-APP-10003032,Technology,Phones,"Apple Audio Dock, Cordless",8822
TEC-APP-10002829,Technology,Phones,"Apple Audio Dock, Full Size",8823
TEC-PH-10002624,Technology,Phones,Samsung Galaxy S4 Mini,8827
TEC-PH-10004327,Technology,Phones,"Motorola Smart Phone, Full Size",8857
TEC-PH-10000730,Technology,Phones,"Samsung Office Telephone, VoIP",8866
TEC-PH-10004235,Technology,Phones,"Nokia Signal Booster, VoIP",8888
TEC-PH-10002871,Technology,Phones,"Motorola Audio Dock, with Caller ID",8909
TEC-CIS-10004967,Technology,Phones,"Cisco Office Telephone, Full Size",8927
TEC-APP-10000530,Technology,Phones,"Apple Audio Dock, VoIP",8940
TEC-PH-10002115,Technology,Phones,Plantronics 81402,8971
TEC-PH-10004531,Technology,Phones,AT&T CL2909,8973
TEC-PH-10004162,Technology,Phones,"Samsung Speaker Phone, Cordless",8984
TEC-PH-10000984,Technology,Phones,Panasonic KX-TG9471B,9014
TEC-PH-10002898,Technology,Phones,"Samsung Smart Phone, Full Size",9020
TEC-PH-10003055,Technology,Phones,"Apple Audio Dock, Cordless",9024
TEC-PH-10003698,Technology,Phones,"Nokia Signal Booster, Full Size",9034
TEC-PH-10003356,Technology,Phones,"SmartStand Mobile Device Holder, Assorted Colors",9039
TEC-PH-10003784,Technology,Phones,"Motorola Signal Booster, Full Size",9059
TEC-PH-10003774,Technology,Phones,"Cisco Headset, with Caller ID",9071
TEC-PH-10000960,Technology,Phones,"Samsung Headset, with Caller ID",9095
TEC-PH-10000237,Technology,Phones,"Motorola Office Telephone, with Caller ID",9109
TEC-MOT-10001950,Technology,Phones,"Motorola Headset, Full Size",9128
TEC-PH-10003601,Technology,Phones,"Apple Office Telephone, with Caller ID",9147
TEC-PH-10000441,Technology,Phones,VTech DS6151,9218
TEC-PH-10002275,Technology,Phones,Mitel 5320 IP Phone VoIP phone,9219
TEC-PH-10001425,Technology,Phones,Mophie Juice Pack Helium for iPhone,9220
TEC-PH-10002398,Technology,Phones,AT&T 1070 Corded Phone,9221
TEC-PH-10001918,Technology,Phones,Nortel Business Series Terminal T7208 Digital phone,9222
TEC-PH-10001198,Technology,Phones,Avaya 4621SW VoIP phone,9223
TEC-PH-10003187,Technology,Phones,Anker Astro Mini 3000mAh Ultra-Compact Portable Charger,9224
TEC-PH-10003357,Technology,Phones,Grandstream GXP2100 Mainstream Business Phone,9225
TEC-PH-10002200,Technology,Phones,Samsung Galaxy Note 2,9226
TEC-PH-10001183,Technology,Phones,"Samsung Office Telephone, with Caller ID",9246
TEC-PH-10004553,Technology,Phones,"Cisco Audio Dock, VoIP",9248
TEC-MOT-10001178,Technology,Phones,"Motorola Signal Booster, with Caller ID",9256
TEC-NOK-10004339,Technology,Phones,"Nokia Smart Phone, Cordless",9277
TEC-PH-10003303,Technology,Phones,"Cisco Office Telephone, Cordless",9292
TEC-PH-10002602,Technology,Phones,"Nokia Headset, Cordless",9294
TEC-PH-10002935,Technology,Phones,"Samsung Smart Phone, VoIP",9311
TEC-PH-10003980,Technology,Phones,"Apple Signal Booster, VoIP",9372
TEC-PH-10004631,Technology,Phones,"Cisco Audio Dock, with Caller ID",9373
TEC-PH-10002815,Technology,Phones,"Samsung Smart Phone, VoIP",9374
TEC-PH-10004437,Technology,Phones,"Cisco Speaker Phone, with Caller ID",9375
TEC-PH-10000014,Technology,Phones,"Motorola Headset, VoIP",9376
TEC-PH-10002353,Technology,Phones,"Samsung Signal Booster, Full Size",9394
TEC-PH-10000365,Technology,Phones,"Cisco Office Telephone, with Caller ID",9409
TEC-PH-10002517,Technology,Phones,"Cisco Speaker Phone, Cordless",9435
TEC-PH-10000611,Technology,Phones,"Samsung Signal Booster, VoIP",9437
TEC-PH-10000160,Technology,Phones,"Motorola Signal Booster, Cordless",9464
TEC-PH-10001084,Technology,Phones,"Nokia Office Telephone, VoIP",9466
TEC-SAM-10001985,Technology,Phones,"Samsung Headset, Cordless",9502
TEC-PH-10004223,Technology,Phones,"Cisco Speaker Phone, Full Size",9522
TEC-PH-10003970,Technology,Phones,"Cisco Headset, Full Size",9574
TEC-PH-10003491,Technology,Phones,"Samsung Office Telephone, Full Size",9587
TEC-PH-10003885,Technology,Phones,"Cisco Headset, with Caller ID",9596
TEC-PH-10002332,Technology,Phones,"Motorola Audio Dock, VoIP",9634
TEC-PH-10000599,Technology,Phones,"Samsung Audio Dock, Cordless",9635
TEC-PH-10004272,Technology,Phones,"Nokia Headset, Cordless",9662
TEC-PH-10002262,Technology,Phones,LG Electronics Tone+ HBS-730 Bluetooth Headset,9669
TEC-PH-10004251,Technology,Phones,"Nokia Audio Dock, Full Size",9673
TEC-PH-10002352,Technology,Phones,Avaya IP Phone 1140E VoIP phone,9717
TEC-PH-10001557,Technology,Phones,"Apple Speaker Phone, VoIP",9720
TEC-PH-10001845,Technology,Phones,"Apple Speaker Phone, VoIP",9783
TEC-PH-10004992,Technology,Phones,"Apple Office Telephone, Full Size",9814
TEC-PH-10002075,Technology,Phones,AT&T EL51110 DECT,9870
TEC-PH-10000673,Technology,Phones,Plantronics Voyager Pro HD - Bluetooth Headset,9871
TEC-PH-10002310,Technology,Phones,Panasonic KX T7731-B Digital phone,9872
TEC-PH-10001795,Technology,Phones,RCA H5401RE1 DECT 6.0 4-Line Cordless Handset With Caller ID/Call Waiting,9873
TEC-PH-10002200,Technology,Phones,Aastra 6757i CT Wireless VoIP phone,9874
TEC-PH-10004774,Technology,Phones,Gear Head AU3700S Headset,9875
TEC-PH-10002114,Technology,Phones,Xiaomi Mi3,9876
TEC-PH-10003800,Technology,Phones,i.Sound Portable Power - 8000 mAh,9877
TEC-PH-10001468,Technology,Phones,Panasonic Business?Telephones?KX-T7736,9878
TEC-PH-10003994,Technology,Phones,"Apple Office Telephone, Full Size",9908
TEC-PH-10002699,Technology,Phones,"Cisco Signal Booster, Full Size",9909
TEC-PH-10003762,Technology,Phones,"Motorola Smart Phone, Full Size",9927
TEC-PH-10003811,Technology,Phones,Jabra Supreme Plus Driver Edition?Headset,9950
TEC-PH-10000562,Technology,Phones,Samsung Convoy 3,9951
TEC-PH-10004830,Technology,Phones,Pyle PRT45 Retro Home?Telephone,9954
TEC-PH-10003511,Technology,Phones,"Samsung Speaker Phone, Full Size",9982
TEC-PH-10001492,Technology,Phones,"Nokia Headset, VoIP",9983
TEC-PH-10004211,Technology,Phones,"Cisco Headset, Cordless",9995
TEC-PH-10004575,Technology,Phones,"Motorola Smart Phone, Cordless",10010
TEC-PH-10002645,Technology,Phones,LG G2,10048
TEC-PH-10000373,Technology,Phones,"Motorola Speaker Phone, with Caller ID",10083
TEC-PH-10001146,Technology,Phones,"Nokia Smart Phone, Full Size",10099
TEC-PH-10000841,Technology,Phones,"Nokia Signal Booster, VoIP",10136
TEC-CIS-10002544,Technology,Phones,"Cisco Headset, Full Size",10141
TEC-PH-10002867,Technology,Phones,"Apple Signal Booster, Cordless",10173
TEC-PH-10004057,Technology,Phones,"Motorola Smart Phone, with Caller ID",10192
TEC-CIS-10000351,Technology,Phones,"Cisco Signal Booster, Cordless",10204
TEC-PH-10000286,Technology,Phones,"Motorola Signal Booster, with Caller ID",10214
TEC-PH-10000879,Technology,Phones,"Cisco Smart Phone, Full Size",10232
TEC-PH-10001137,Technology,Phones,"Samsung Speaker Phone, with Caller ID",10234
TEC-PH-10004241,Technology,Phones,Nokia Lumia 1020,10261
TEC-MOT-10001244,Technology,Phones,"Motorola Audio Dock, with Caller ID",10289
TEC-PH-10003174,Technology,Phones,RCA ViSYS 25825 Wireless digital phone,10302
TEC-PH-10001949,Technology,Phones,Cisco SPA 501G IP Phone,10306
TEC-PH-10003368,Technology,Phones,"Samsung Signal Booster, Full Size",10327
TEC-PH-10001095,Technology,Phones,"Nokia Headset, with Caller ID",10344
TEC-PH-10001846,Technology,Phones,"Nokia Audio Dock, Cordless",10364
TEC-PH-10000912,Technology,Phones,Anker 24W Portable Micro USB Car Charger,10398
TEC-PH-10002916,Technology,Phones,"Apple Speaker Phone, with Caller ID",10399
TEC-MOT-10002855,Technology,Phones,"Motorola Speaker Phone, with Caller ID",10428
TEC-PH-10003646,Technology,Phones,"Nokia Audio Dock, Full Size",10460
TEC-PH-10004636,Technology,Phones,"Nokia Audio Dock, with Caller ID",10537
TEC-PH-10002799,Technology,Phones,"Apple Audio Dock, Full Size",10551
TEC-PH-10000571,Technology,Phones,"Apple Audio Dock, with Caller ID",10552
TEC-PH-10000298,Technology,Phones,"Nokia Speaker Phone, Cordless",10586
TEC-PH-10000038,Technology,Phones,"Nokia Speaker Phone, with Caller ID",10590
TEC-SAM-10000588,Technology,Phones,"Samsung Office Telephone, Full Size",10594
TEC-PH-10003220,Technology,Phones,"Cisco Headset, VoIP",10640
TEC-PH-10000004,Technology,Phones,"Cisco Headset, with Caller ID",10657
TEC-PH-10004626,Technology,Phones,"Cisco Smart Phone, with Caller ID",10711
TEC-PH-10004940,Technology,Phones,"Nokia Signal Booster, with Caller ID",10712
TEC-PH-10001071,Technology,Phones,"Nokia Headset, Full Size",10749
TEC-PH-10001824,Technology,Phones,"Samsung Speaker Phone, Cordless",10754
FUR-FU-10004483,Furniture,Furnishings,"Deflect-O Light Bulb, Durable",22
FUR-ADV-10004223,Furniture,Furnishings,"Advantus Clock, Black",43
FUR-TEN-10003871,Furniture,Furnishings,"Tenex Frame, Durable",55
FUR-TEN-10003923,Furniture,Furnishings,"Tenex Door Stop, Duo Pack",149
FUR-ADV-10001659,Furniture,Furnishings,"Advantus Light Bulb, Durable",150
FUR-RUB-10001380,Furniture,Furnishings,"Rubbermaid Photo Frame, Erganomic",151
FUR-DEF-10004141,Furniture,Furnishings,"Deflect-O Photo Frame, Durable",152
FUR-DEF-10000622,Furniture,Furnishings,"Deflect-O Light Bulb, Black",154
FUR-ELD-10000857,Furniture,Furnishings,"Eldon Door Stop, Erganomic",163
FUR-FU-10004960,Furniture,Furnishings,"Deflect-O Photo Frame, Durable",167
FUR-ADV-10002889,Furniture,Furnishings,"Advantus Clock, Durable",224
FUR-FU-10003283,Furniture,Furnishings,"Rubbermaid Stacking Tray, Durable",275
FUR-TEN-10000986,Furniture,Furnishings,"Tenex Frame, Duo Pack",284
FUR-RUB-10002067,Furniture,Furnishings,"Rubbermaid Frame, Erganomic",286
FUR-RUB-10001310,Furniture,Furnishings,"Rubbermaid Photo Frame, Black",311
FUR-DEF-10002865,Furniture,Furnishings,"Deflect-O Light Bulb, Erganomic",314
FUR-FU-10002890,Furniture,Furnishings,"Rubbermaid Frame, Durable",346
FUR-FU-10002803,Furniture,Furnishings,"Deflect-O Stacking Tray, Erganomic",359
FUR-FU-10002665,Furniture,Furnishings,"Advantus Light Bulb, Erganomic",376
FUR-FU-10001477,Furniture,Furnishings,"Rubbermaid Stacking Tray, Black",383
FUR-FU-10003939,Furniture,Furnishings,"Tenex Photo Frame, Duo Pack",405
FUR-FU-10002659,Furniture,Furnishings,"Eldon Clock, Black",412
FUR-FU-10000526,Furniture,Furnishings,"Deflect-O Frame, Durable",422
FUR-FU-10001130,Furniture,Furnishings,"Rubbermaid Stacking Tray, Erganomic",458
FUR-FU-10002069,Furniture,Furnishings,"Advantus Door Stop, Durable",472
FUR-FU-10000816,Furniture,Furnishings,"Tenex Clock, Erganomic",483
FUR-FU-10000735,Furniture,Furnishings,"Tenex Frame, Erganomic",535
FUR-FU-10001495,Furniture,Furnishings,"Eldon Door Stop, Durable",588
FUR-FU-10000308,Furniture,Furnishings,Deflect-o Glass Clear Studded Chair Mats,641
FUR-ADV-10004159,Furniture,Furnishings,"Advantus Frame, Durable",654
FUR-ELD-10004973,Furniture,Furnishings,"Eldon Clock, Black",657
FUR-RUB-10001094,Furniture,Furnishings,"Rubbermaid Door Stop, Duo Pack",683
FUR-ADV-10000847,Furniture,Furnishings,"Advantus Stacking Tray, Black",688
FUR-RUB-10003518,Furniture,Furnishings,"Rubbermaid Door Stop, Erganomic",711
FUR-FU-10000921,Furniture,Furnishings,"Advantus Door Stop, Erganomic",750
FUR-FU-10000368,Furniture,Furnishings,"Deflect-O Frame, Durable",761
FUR-RUB-10001484,Furniture,Furnishings,"Rubbermaid Clock, Durable",882
FUR-DEF-10002774,Furniture,Furnishings,"Deflect-O Clock, Durable",885
FUR-ELD-10000038,Furniture,Furnishings,"Eldon Photo Frame, Erganomic",887
FUR-FU-10001847,Furniture,Furnishings,Eldon Image Series Black Desk Accessories,896
FUR-FU-10004587,Furniture,Furnishings,"GE General Use Halogen Bulbs, 100 Watts, 1 Bulb per Pack",897
FUR-FU-10001473,Furniture,Furnishings,DAX Wood Document Frame,901
FUR-FU-10004289,Furniture,Furnishings,"Deflect-O Stacking Tray, Black",906
FUR-ELD-10003131,Furniture,Furnishings,"Eldon Frame, Durable",936
FUR-RUB-10003004,Furniture,Furnishings,"Rubbermaid Frame, Durable",937
FUR-RUB-10002817,Furniture,Furnishings,"Rubbermaid Door Stop, Durable",938
FUR-ELD-10000301,Furniture,Furnishings,"Eldon Frame, Duo Pack",941
FUR-FU-10004422,Furniture,Furnishings,"Advantus Photo Frame, Erganomic",949
FUR-FU-10000714,Furniture,Furnishings,"Tenex Light Bulb, Black",969
FUR-FU-10002456,Furniture,Furnishings,"Master Caster Door Stop, Large Neon Orange",992
FUR-FU-10004527,Furniture,Furnishings,"Advantus Frame, Duo Pack",1005
FUR-FU-10003069,Furniture,Furnishings,"Deflect-O Photo Frame, Durable",1037
FUR-FU-10003540,Furniture,Furnishings,"Deflect-O Stacking Tray, Erganomic",1038
FUR-FU-10000913,Furniture,Furnishings,"Rubbermaid Door Stop, Durable",1045
FUR-FU-10004270,Furniture,Furnishings,"Executive Impressions 13"" Clairmont Wall Clock",1052
FUR-FU-10001480,Furniture,Furnishings,"Advantus Door Stop, Black",1075
FUR-FU-10003362,Furniture,Furnishings,"Rubbermaid Stacking Tray, Erganomic",1076
FUR-ELD-10003479,Furniture,Furnishings,"Eldon Clock, Durable",1105
FUR-RUB-10003411,Furniture,Furnishings,"Rubbermaid Stacking Tray, Erganomic",1106
FUR-ELD-10001163,Furniture,Furnishings,"Eldon Frame, Erganomic",1109
FUR-FU-10000142,Furniture,Furnishings,"Tenex Stacking Tray, Erganomic",1135
FUR-FU-10001424,Furniture,Furnishings,"Eldon Photo Frame, Durable",1138
FUR-FU-10001438,Furniture,Furnishings,"Rubbermaid Frame, Duo Pack",1142
FUR-FU-10002549,Furniture,Furnishings,"Deflect-O Clock, Duo Pack",1159
FUR-ADV-10001855,Furniture,Furnishings,"Advantus Stacking Tray, Durable",1183
FUR-FU-10002379,Furniture,Furnishings,Eldon Econocleat Chair Mats for Low Pile Carpets,1197
FUR-FU-10004973,Furniture,Furnishings,Flat Face Poster Frame,1198
FUR-FU-10004018,Furniture,Furnishings,Tensor Computer Mounted Lamp,1199
FUR-FU-10002501,Furniture,Furnishings,Nu-Dell Executive Frame,1200
FUR-FU-10004503,Furniture,Furnishings,"Tenex Photo Frame, Black",1242
FUR-ELD-10004994,Furniture,Furnishings,"Eldon Clock, Duo Pack",1266
FUR-ELD-10000605,Furniture,Furnishings,"Eldon Stacking Tray, Duo Pack",1294
FUR-ELD-10004384,Furniture,Furnishings,"Eldon Frame, Black",1296
FUR-DEF-10000572,Furniture,Furnishings,"Deflect-O Photo Frame, Duo Pack",1342
FUR-FU-10001942,Furniture,Furnishings,"Eldon Frame, Duo Pack",1361
FUR-FU-10002598,Furniture,Furnishings,"Tenex Photo Frame, Durable",1369
FUR-FU-10004797,Furniture,Furnishings,"Tenex Stacking Tray, Erganomic",1371
FUR-ELD-10004559,Furniture,Furnishings,"Eldon Stacking Tray, Erganomic",1384
FUR-DEF-10000810,Furniture,Furnishings,"Deflect-O Stacking Tray, Black",1421
FUR-DEF-10000720,Furniture,Furnishings,"Deflect-O Door Stop, Duo Pack",1423
FUR-FU-10003370,Furniture,Furnishings,"Tenex Light Bulb, Durable",1445
FUR-ADV-10000571,Furniture,Furnishings,"Advantus Frame, Erganomic",1491
FUR-FU-10004313,Furniture,Furnishings,"Eldon Light Bulb, Duo Pack",1517
FUR-FU-10004015,Furniture,Furnishings,"Tenex Clock, Durable",1529
FUR-FU-10002751,Furniture,Furnishings,"Advantus Photo Frame, Durable",1561
FUR-FU-10003608,Furniture,Furnishings,"Advantus Light Bulb, Black",1563
FUR-FU-10003874,Furniture,Furnishings,"Advantus Door Stop, Erganomic",1611
FUR-FU-10004903,Furniture,Furnishings,"Eldon Light Bulb, Black",1612
FUR-FU-10002168,Furniture,Furnishings,"Eldon Photo Frame, Black",1614
FUR-FU-10004450,Furniture,Furnishings,"Eldon Light Bulb, Duo Pack",1615
FUR-FU-10001255,Furniture,Furnishings,"Advantus Light Bulb, Durable",1616
FUR-FU-10002422,Furniture,Furnishings,"Eldon Photo Frame, Duo Pack",1617
FUR-FU-10004598,Furniture,Furnishings,"Deflect-O Stacking Tray, Durable",1621
FUR-FU-10004787,Furniture,Furnishings,"Advantus Frame, Durable",1622
FUR-FU-10000776,Furniture,Furnishings,"Deflect-O Door Stop, Erganomic",1623
FUR-FU-10003622,Furniture,Furnishings,"Tenex Light Bulb, Erganomic",1624
FUR-FU-10003623,Furniture,Furnishings,"DataProducts Ampli Magnifier Task Lamp, Black,",1639
FUR-FU-10002485,Furniture,Furnishings,"Rubbermaid Photo Frame, Duo Pack",1660
FUR-FU-10002829,Furniture,Furnishings,"Deflect-O Photo Frame, Black",1666
FUR-TEN-10000525,Furniture,Furnishings,"Tenex Clock, Black",1686
FUR-FU-10003725,Furniture,Furnishings,"Advantus Light Bulb, Erganomic",1701
FUR-RUB-10002945,Furniture,Furnishings,"Rubbermaid Photo Frame, Duo Pack",1737
FUR-RUB-10001796,Furniture,Furnishings,"Rubbermaid Light Bulb, Erganomic",1757
FUR-ADV-10004395,Furniture,Furnishings,"Advantus Door Stop, Durable",1758
FUR-ELD-10003695,Furniture,Furnishings,"Eldon Light Bulb, Duo Pack",1759
FUR-FU-10002630,Furniture,Furnishings,"Tenex Clock, Erganomic",1790
FUR-FU-10003046,Furniture,Furnishings,"Advantus Photo Frame, Durable",1804
FUR-FU-10003464,Furniture,Furnishings,"Seth Thomas 8 1/2"" Cubicle Clock",1827
FUR-FU-10002554,Furniture,Furnishings,"Westinghouse Floor Lamp with Metal Mesh Shade, Black",1830
FUR-FU-10001731,Furniture,Furnishings,Acrylic Self-Standing Desk Frames,1831
FUR-FU-10000246,Furniture,Furnishings,Aluminum Document Frame,1835
FUR-FU-10000221,Furniture,Furnishings,"Master Caster Door Stop, Brown",1837
FUR-FU-10004415,Furniture,Furnishings,"Stacking Tray, Side-Loading, Legal, Smoke",1840
FUR-FU-10001095,Furniture,Furnishings,DAX Black Cherry Wood-Tone Poster Frame,1842
FUR-FU-10003736,Furniture,Furnishings,"Rubbermaid Frame, Duo Pack",1873
FUR-FU-10004288,Furniture,Furnishings,"Eldon Frame, Duo Pack",1918
FUR-RUB-10002507,Furniture,Furnishings,"Rubbermaid Stacking Tray, Black",1926
FUR-FU-10001918,Furniture,Furnishings,C-Line Cubicle Keepers Polyproplyene Holder With Velcro Backings,1928
FUR-FU-10001756,Furniture,Furnishings,"Eldon Expressions Desk Accessory, Wood Photo Frame, Mahogany",1929
FUR-FU-10001557,Furniture,Furnishings,"Advantus Clock, Duo Pack",1933
FUR-ADV-10001440,Furniture,Furnishings,"Advantus Door Stop, Black",1969
FUR-DEF-10003315,Furniture,Furnishings,"Deflect-O Clock, Erganomic",1971
FUR-RUB-10000501,Furniture,Furnishings,"Rubbermaid Clock, Black",1987
FUR-RUB-10001717,Furniture,Furnishings,"Rubbermaid Photo Frame, Durable",1999
FUR-FU-10000719,Furniture,Furnishings,"DAX Cubicle Frames, 8-1/2 x 11",2037
FUR-FU-10003975,Furniture,Furnishings,Eldon Advantage Chair Mats for Low to Medium Pile Carpets,2039
FUR-FU-10002933,Furniture,Furnishings,"Advantus Stacking Tray, Erganomic",2058
FUR-FU-10000422,Furniture,Furnishings,"Deflect-O Photo Frame, Black",2059
FUR-FU-10004270,Furniture,Furnishings,"Eldon Image Series Desk Accessories, Burgundy",2086
FUR-FU-10004071,Furniture,Furnishings,Luxo Professional Magnifying Clamp-On Fluorescent Lamps,2088
FUR-FU-10001601,Furniture,Furnishings,"Rubbermaid Frame, Erganomic",2097
FUR-FU-10003552,Furniture,Furnishings,"Tenex Door Stop, Duo Pack",2098
FUR-FU-10001541,Furniture,Furnishings,"Tenex Photo Frame, Black",2102
FUR-FU-10002019,Furniture,Furnishings,"Eldon Light Bulb, Durable",2105
FUR-FU-10003339,Furniture,Furnishings,"Tenex Clock, Black",2109
FUR-FU-10001902,Furniture,Furnishings,"Deflect-O Stacking Tray, Durable",2147
FUR-FU-10001254,Furniture,Furnishings,"Deflect-O Light Bulb, Black",2163
FUR-FU-10004907,Furniture,Furnishings,"Advantus Light Bulb, Durable",2184
FUR-FU-10002407,Furniture,Furnishings,"Deflect-O Light Bulb, Duo Pack",2193
FUR-FU-10003651,Furniture,Furnishings,"Deflect-O Stacking Tray, Erganomic",2204
FUR-FU-10001086,Furniture,Furnishings,"Advantus Frame, Black",2206
FUR-FU-10003394,Furniture,Furnishings,"Tenex ""The Solids"" Textured Chair Mats",2244
FUR-FU-10003806,Furniture,Furnishings,"Tenex Chairmat w/ Average Lip, 45"" x 53""",2247
FUR-FU-10004306,Furniture,Furnishings,Electrix Halogen Magnifier Lamp,2255
FUR-FU-10000073,Furniture,Furnishings,Deflect-O Glasstique Clear Desk Accessories,2267
FUR-FU-10002671,Furniture,Furnishings,Electrix 20W Halogen Replacement Bulb for Zoom-In Desk Lamp,2268
FUR-FU-10001617,Furniture,Furnishings,"Executive Impressions 8-1/2"" Career Panel/Partition Cubicle Clock",2270
FUR-FU-10004006,Furniture,Furnishings,"Deflect-o DuraMat Lighweight, Studded, Beveled Mat for Low Pile Carpeting",2278
FUR-FU-10001979,Furniture,Furnishings,Dana Halogen Swing-Arm Architect Lamp,2281
FUR-FU-10001967,Furniture,Furnishings,Telescoping Adjustable Floor Lamp,2299
FUR-FU-10002387,Furniture,Furnishings,"Rubbermaid Photo Frame, Durable",2371
FUR-FU-10000361,Furniture,Furnishings,"Deflect-O Photo Frame, Erganomic",2379
FUR-FU-10001617,Furniture,Furnishings,"Eldon Frame, Black",2395
FUR-FU-10001317,Furniture,Furnishings,"Eldon Photo Frame, Erganomic",2397
FUR-RUB-10003724,Furniture,Furnishings,"Rubbermaid Frame, Duo Pack",2407
FUR-DEF-10000065,Furniture,Furnishings,"Deflect-O Frame, Durable",2410
FUR-FU-10004158,Furniture,Furnishings,"Deflect-O Frame, Black",2413
FUR-FU-10000628,Furniture,Furnishings,"Rubbermaid Light Bulb, Black",2416
FUR-DEF-10001359,Furniture,Furnishings,"Deflect-O Frame, Erganomic",2455
FUR-ELD-10001413,Furniture,Furnishings,"Eldon Light Bulb, Black",2527
FUR-DEF-10000384,Furniture,Furnishings,"Deflect-O Door Stop, Black",2528
FUR-DEF-10000639,Furniture,Furnishings,"Deflect-O Photo Frame, Black",2529
FUR-TEN-10000407,Furniture,Furnishings,"Tenex Door Stop, Erganomic",2530
FUR-ADV-10000002,Furniture,Furnishings,"Advantus Photo Frame, Duo Pack",2531
FUR-RUB-10000958,Furniture,Furnishings,"Rubbermaid Light Bulb, Black",2532
FUR-ELD-10003179,Furniture,Furnishings,"Eldon Clock, Erganomic",2543
FUR-ADV-10000183,Furniture,Furnishings,"Advantus Photo Frame, Black",2544
FUR-FU-10003804,Furniture,Furnishings,"Rubbermaid Frame, Durable",2557
FUR-FU-10004182,Furniture,Furnishings,"Eldon Stacking Tray, Black",2568
FUR-FU-10000516,Furniture,Furnishings,"Advantus Clock, Duo Pack",2586
FUR-FU-10004848,Furniture,Furnishings,"Howard Miller 13-3/4"" Diameter Brushed Chrome Round Wall Clock",2598
FUR-TEN-10001809,Furniture,Furnishings,"Tenex Photo Frame, Erganomic",2616
FUR-FU-10003414,Furniture,Furnishings,"Tenex Clock, Duo Pack",2621
FUR-FU-10000783,Furniture,Furnishings,"Advantus Light Bulb, Durable",2633
FUR-FU-10002007,Furniture,Furnishings,"Rubbermaid Stacking Tray, Black",2666
FUR-FU-10002364,Furniture,Furnishings,"Eldon Expressions Wood Desk Accessories, Oak",2695
FUR-FU-10000965,Furniture,Furnishings,"Howard Miller 11-1/2"" Diameter Ridgewood Wall Clock",2696
FUR-FU-10003535,Furniture,Furnishings,Howard Miller Distant Time Traveler Alarm Clock,2697
FUR-FU-10000576,Furniture,Furnishings,Luxo Professional Fluorescent Magnifier Lamp with Clamp-Mount Base,2698
FUR-DEF-10000495,Furniture,Furnishings,"Deflect-O Clock, Black",2723
FUR-FU-10000889,Furniture,Furnishings,"Rubbermaid Clock, Black",2764
FUR-FU-10002292,Furniture,Furnishings,"Deflect-O Door Stop, Duo Pack",2772
FUR-FU-10001343,Furniture,Furnishings,"Eldon Stacking Tray, Erganomic",2799
FUR-FU-10001351,Furniture,Furnishings,"Rubbermaid Photo Frame, Black",2839
FUR-FU-10000666,Furniture,Furnishings,"Rubbermaid Frame, Black",2840
FUR-FU-10001770,Furniture,Furnishings,"Deflect-O Clock, Erganomic",2849
FUR-FU-10003012,Furniture,Furnishings,"Rubbermaid Stacking Tray, Durable",2853
FUR-FU-10001640,Furniture,Furnishings,"Eldon Photo Frame, Black",2856
FUR-FU-10001410,Furniture,Furnishings,"Tenex Clock, Durable",2858
FUR-FU-10003451,Furniture,Furnishings,"Eldon Frame, Black",2863
FUR-FU-10004778,Furniture,Furnishings,"Deflect-O Light Bulb, Duo Pack",2864
FUR-FU-10001045,Furniture,Furnishings,"Eldon Photo Frame, Durable",2865
FUR-FU-10004283,Furniture,Furnishings,"Tenex Door Stop, Duo Pack",2949
FUR-FU-10002459,Furniture,Furnishings,"Rubbermaid Door Stop, Duo Pack",2950
FUR-FU-10001933,Furniture,Furnishings,"Tenex Stacking Tray, Black",2962
FUR-FU-10000606,Furniture,Furnishings,"Deflect-O Photo Frame, Durable",2963
FUR-FU-10002699,Furniture,Furnishings,"Eldon Photo Frame, Erganomic",2994
FUR-FU-10003427,Furniture,Furnishings,"Rubbermaid Frame, Erganomic",2995
FUR-FU-10000541,Furniture,Furnishings,"Advantus Frame, Duo Pack",3006
FUR-FU-10001129,Furniture,Furnishings,"Deflect-O Stacking Tray, Black",3009
FUR-FU-10000944,Furniture,Furnishings,"Tenex Door Stop, Black",3026
FUR-FU-10004952,Furniture,Furnishings,"C-Line Cubicle Keepers Polyproplyene Holder w/Velcro Back, 8-1/2x11, 25/Bx",3039
FUR-FU-10003507,Furniture,Furnishings,"Deflect-O Stacking Tray, Erganomic",3046
FUR-FU-10002539,Furniture,Furnishings,"Tenex Clock, Erganomic",3110
FUR-FU-10003264,Furniture,Furnishings,"Rubbermaid Clock, Black",3115
FUR-FU-10000612,Furniture,Furnishings,"Tenex Frame, Black",3154
FUR-FU-10004516,Furniture,Furnishings,"Deflect-O Frame, Black",3170
FUR-FU-10004458,Furniture,Furnishings,"Rubbermaid Door Stop, Black",3175
FUR-FU-10004790,Furniture,Furnishings,"Advantus Photo Frame, Erganomic",3176
FUR-FU-10000065,Furniture,Furnishings,"Rubbermaid Frame, Black",3188
FUR-FU-10002834,Furniture,Furnishings,"Deflect-O Light Bulb, Erganomic",3202
FUR-TEN-10004549,Furniture,Furnishings,"Tenex Light Bulb, Durable",3258
FUR-ELD-10003802,Furniture,Furnishings,"Eldon Door Stop, Duo Pack",3263
FUR-DEF-10000346,Furniture,Furnishings,"Deflect-O Frame, Duo Pack",3279
FUR-FU-10003419,Furniture,Furnishings,"Eldon Clock, Erganomic",3301
FUR-FU-10004117,Furniture,Furnishings,"Eldon Door Stop, Black",3302
FUR-FU-10000743,Furniture,Furnishings,"Eldon Frame, Erganomic",3321
FUR-FU-10001950,Furniture,Furnishings,"Eldon Door Stop, Black",3329
FUR-FU-10001706,Furniture,Furnishings,Longer-Life Soft White Bulbs,3338
FUR-FU-10001096,Furniture,Furnishings,"Advantus Clock, Black",3434
FUR-FU-10001861,Furniture,Furnishings,"Floodlight Indoor Halogen Bulbs, 1 Bulb per Pack, 60 Watts",3467
FUR-FU-10003849,Furniture,Furnishings,"DAX Metal Frame, Desktop, Stepped-Edge",3471
FUR-FU-10001583,Furniture,Furnishings,"Deflect-O Light Bulb, Black",3477
FUR-FU-10003408,Furniture,Furnishings,"Rubbermaid Stacking Tray, Erganomic",3488
FUR-DEF-10003551,Furniture,Furnishings,"Deflect-O Photo Frame, Erganomic",3537
FUR-FU-10002937,Furniture,Furnishings,"Rubbermaid Light Bulb, Durable",3551
FUR-FU-10001890,Furniture,Furnishings,"Eldon Clock, Durable",3576
FUR-FU-10004955,Furniture,Furnishings,"Tenex Door Stop, Durable",3590
FUR-FU-10004608,Furniture,Furnishings,"Advantus Door Stop, Erganomic",3606
FUR-FU-10001915,Furniture,Furnishings,"Rubbermaid Stacking Tray, Black",3607
FUR-FU-10002502,Furniture,Furnishings,"Eldon Light Bulb, Durable",3608
FUR-FU-10001063,Furniture,Furnishings,"Eldon Light Bulb, Black",3640
FUR-FU-10000267,Furniture,Furnishings,"Advantus Clock, Durable",3667
FUR-FU-10003325,Furniture,Furnishings,"Tenex Door Stop, Duo Pack",3669
FUR-FU-10000907,Furniture,Furnishings,"Eldon Clock, Duo Pack",3687
FUR-FU-10000605,Furniture,Furnishings,"Rubbermaid Light Bulb, Black",3695
FUR-FU-10003512,Furniture,Furnishings,"Eldon Stacking Tray, Erganomic",3697
FUR-FU-10003247,Furniture,Furnishings,36X48 HARDFLOOR CHAIRMAT,3735
FUR-FU-10004954,Furniture,Furnishings,"Tenex Clock, Duo Pack",3773
FUR-FU-10002223,Furniture,Furnishings,"Deflect-O Stacking Tray, Durable",3776
FUR-FU-10001452,Furniture,Furnishings,"Rubbermaid Door Stop, Black",3780
FUR-FU-10004730,Furniture,Furnishings,"Rubbermaid Light Bulb, Erganomic",3796
FUR-FU-10001674,Furniture,Furnishings,"Deflect-O Clock, Duo Pack",3803
FUR-FU-10004619,Furniture,Furnishings,"Tenex Stacking Tray, Erganomic",3804
FUR-FU-10004064,Furniture,Furnishings,"Rubbermaid Door Stop, Erganomic",3810
FUR-TEN-10004388,Furniture,Furnishings,"Tenex Door Stop, Black",3815
FUR-FU-10003052,Furniture,Furnishings,"Advantus Photo Frame, Duo Pack",3835
FUR-FU-10003214,Furniture,Furnishings,"Eldon Stacking Tray, Durable",3841
FUR-FU-10003540,Furniture,Furnishings,"Deflect-O Light Bulb, Erganomic",3844
FUR-FU-10002525,Furniture,Furnishings,"Deflect-O Door Stop, Erganomic",3848
FUR-FU-10000339,Furniture,Furnishings,"Tenex Frame, Black",3851
FUR-FU-10000135,Furniture,Furnishings,"Tenex Photo Frame, Black",3861
FUR-FU-10000620,Furniture,Furnishings,"Advantus Clock, Black",3862
FUR-FU-10001410,Furniture,Furnishings,"Tenex Frame, Black",3878
FUR-FU-10004421,Furniture,Furnishings,"Tenex Clock, Durable",3901
FUR-FU-10000502,Furniture,Furnishings,"Deflect-O Clock, Black",3902
FUR-FU-10002655,Furniture,Furnishings,"Deflect-O Door Stop, Black",3936
FUR-FU-10000567,Furniture,Furnishings,"Rubbermaid Light Bulb, Erganomic",3937
FUR-FU-10000361,Furniture,Furnishings,"Eldon Stacking Tray, Duo Pack",3938
FUR-FU-10000366,Furniture,Furnishings,"Deflect-O Door Stop, Durable",3949
FUR-FU-10001260,Furniture,Furnishings,"Rubbermaid Light Bulb, Erganomic",3950
FUR-DEF-10003676,Furniture,Furnishings,"Deflect-O Stacking Tray, Erganomic",3951
FUR-FU-10000350,Furniture,Furnishings,"Rubbermaid Light Bulb, Duo Pack",3963
FUR-FU-10004842,Furniture,Furnishings,"Advantus Light Bulb, Erganomic",3973
FUR-FU-10002648,Furniture,Furnishings,"Rubbermaid Stacking Tray, Erganomic",4015
FUR-FU-10002818,Furniture,Furnishings,"Advantus Stacking Tray, Black",4084
FUR-FU-10002800,Furniture,Furnishings,"Tenex Photo Frame, Erganomic",4088
FUR-FU-10000885,Furniture,Furnishings,"Eldon Light Bulb, Durable",4093
FUR-FU-10000295,Furniture,Furnishings,"Advantus Light Bulb, Black",4133
FUR-FU-10001760,Furniture,Furnishings,"Tenex Light Bulb, Black",4147
FUR-FU-10000444,Furniture,Furnishings,"Advantus Stacking Tray, Erganomic",4193
FUR-ADV-10000600,Furniture,Furnishings,"Advantus Clock, Duo Pack",4217
FUR-FU-10000193,Furniture,Furnishings,Tenex Chairmats For Use with Hard Floors,4223
FUR-FU-10000039,Furniture,Furnishings,"Tenex Light Bulb, Duo Pack",4228
FUR-RUB-10003699,Furniture,Furnishings,"Rubbermaid Light Bulb, Duo Pack",4233
FUR-DEF-10004936,Furniture,Furnishings,"Deflect-O Light Bulb, Durable",4234
FUR-FU-10000076,Furniture,Furnishings,24-Hour Round Wall Clock,4268
FUR-FU-10003268,Furniture,Furnishings,Eldon Radial Chair Mat for Low to Medium Pile Carpets,4269
FUR-FU-10003553,Furniture,Furnishings,"Howard Miller 13-1/2"" Diameter Rosebrook Wall Clock",4270
FUR-FU-10001775,Furniture,Furnishings,"Deflect-O Stacking Tray, Durable",4288
FUR-FU-10000946,Furniture,Furnishings,"Advantus Stacking Tray, Durable",4306
FUR-FU-10004998,Furniture,Furnishings,"Eldon Stacking Tray, Erganomic",4329
FUR-FU-10000242,Furniture,Furnishings,"Deflect-O Frame, Durable",4332
FUR-FU-10001175,Furniture,Furnishings,"Advantus Door Stop, Durable",4333
FUR-FU-10004152,Furniture,Furnishings,"Eldon Photo Frame, Erganomic",4353
FUR-FU-10000950,Furniture,Furnishings,"Deflect-O Door Stop, Durable",4365
FUR-FU-10004579,Furniture,Furnishings,"Deflect-O Door Stop, Duo Pack",4366
FUR-FU-10001940,Furniture,Furnishings,Staples,4388
FUR-FU-10003462,Furniture,Furnishings,"Rubbermaid Photo Frame, Black",4402
FUR-FU-10000936,Furniture,Furnishings,"Eldon Photo Frame, Durable",4419
FUR-FU-10000110,Furniture,Furnishings,"Deflect-O Door Stop, Black",4420
FUR-FU-10003658,Furniture,Furnishings,"Tenex Light Bulb, Duo Pack",4438
FUR-FU-10001477,Furniture,Furnishings,"Deflect-O Frame, Erganomic",4451
FUR-FU-10003608,Furniture,Furnishings,"Tenex Light Bulb, Erganomic",4463
FUR-FU-10000482,Furniture,Furnishings,"Eldon Photo Frame, Duo Pack",4486
FUR-FU-10002972,Furniture,Furnishings,"Advantus Light Bulb, Duo Pack",4494
FUR-ELD-10003802,Furniture,Furnishings,"Eldon Photo Frame, Durable",4604
FUR-FU-10004888,Furniture,Furnishings,"Tenex Stacking Tray, Erganomic",4617
FUR-FU-10004139,Furniture,Furnishings,"Tenex Photo Frame, Duo Pack",4623
FUR-FU-10004427,Furniture,Furnishings,"Advantus Stacking Tray, Erganomic",4670
FUR-FU-10004845,Furniture,Furnishings,"Deflect-o EconoMat Nonstudded, No Bevel Mat",4731
FUR-DEF-10000349,Furniture,Furnishings,"Deflect-O Stacking Tray, Durable",4740
FUR-ADV-10004718,Furniture,Furnishings,"Advantus Light Bulb, Duo Pack",4744
FUR-DEF-10001477,Furniture,Furnishings,"Deflect-O Door Stop, Erganomic",4750
FUR-FU-10002088,Furniture,Furnishings,Nu-Dell Float Frame 11 x 14 1/2,4751
FUR-FU-10002829,Furniture,Furnishings,"Deflect-O Clock, Black",4779
FUR-FU-10004597,Furniture,Furnishings,Eldon Cleatmat Chair Mats for Medium Pile Carpets,4786
FUR-ELD-10003828,Furniture,Furnishings,"Eldon Light Bulb, Erganomic",4824
FUR-FU-10001447,Furniture,Furnishings,"Eldon Stacking Tray, Duo Pack",4836
FUR-FU-10000850,Furniture,Furnishings,"Rubbermaid Clock, Black",4862
FUR-FU-10003036,Furniture,Furnishings,"Eldon Door Stop, Durable",4865
FUR-FU-10001746,Furniture,Furnishings,"Advantus Stacking Tray, Durable",4879
FUR-FU-10000507,Furniture,Furnishings,"Tenex Photo Frame, Duo Pack",4897
FUR-TEN-10003648,Furniture,Furnishings,"Tenex Stacking Tray, Erganomic",4965
FUR-ELD-10002511,Furniture,Furnishings,"Eldon Photo Frame, Duo Pack",4966
FUR-RUB-10001190,Furniture,Furnishings,"Rubbermaid Clock, Erganomic",4974
FUR-TEN-10003050,Furniture,Furnishings,"Tenex Photo Frame, Black",4975
FUR-ELD-10004727,Furniture,Furnishings,"Eldon Stacking Tray, Black",4976
FUR-TEN-10002448,Furniture,Furnishings,"Tenex Stacking Tray, Erganomic",4983
FUR-FU-10001008,Furniture,Furnishings,"Rubbermaid Light Bulb, Durable",5005
FUR-FU-10000256,Furniture,Furnishings,"Rubbermaid Photo Frame, Duo Pack",5008
FUR-FU-10004074,Furniture,Furnishings,"Advantus Stacking Tray, Erganomic",5016
FUR-FU-10003235,Furniture,Furnishings,"Eldon Frame, Durable",5057
FUR-FU-10002848,Furniture,Furnishings,"Advantus Stacking Tray, Black",5063
FUR-FU-10003273,Furniture,Furnishings,"Tenex Frame, Duo Pack",5102
FUR-FU-10001379,Furniture,Furnishings,"Executive Impressions 16-1/2"" Circular Wall Clock",5119
FUR-FU-10002637,Furniture,Furnishings,"Deflect-O Stacking Tray, Erganomic",5128
FUR-FU-10001135,Furniture,Furnishings,"Eldon Door Stop, Duo Pack",5130
FUR-FU-10000514,Furniture,Furnishings,"Deflect-O Photo Frame, Erganomic",5167
FUR-FU-10004704,Furniture,Furnishings,"Deflect-O Door Stop, Black",5173
FUR-FU-10001619,Furniture,Furnishings,"Advantus Clock, Erganomic",5182
FUR-FU-10003694,Furniture,Furnishings,"Rubbermaid Clock, Duo Pack",5232
FUR-FU-10003347,Furniture,Furnishings,Coloredge Poster Frame,5235
FUR-RUB-10004633,Furniture,Furnishings,"Rubbermaid Stacking Tray, Durable",5253
FUR-ELD-10000963,Furniture,Furnishings,"Eldon Stacking Tray, Durable",5256
FUR-FU-10004462,Furniture,Furnishings,"Advantus Stacking Tray, Black",5323
FUR-FU-10000342,Furniture,Furnishings,"Deflect-O Light Bulb, Durable",5325
FUR-FU-10001765,Furniture,Furnishings,"Eldon Clock, Durable",5359
FUR-FU-10001324,Furniture,Furnishings,"Deflect-O Clock, Duo Pack",5366
FUR-FU-10004800,Furniture,Furnishings,"Eldon Stacking Tray, Black",5369
FUR-FU-10000298,Furniture,Furnishings,"Eldon Photo Frame, Duo Pack",5393
FUR-ADV-10000108,Furniture,Furnishings,"Advantus Clock, Erganomic",5422
FUR-TEN-10003552,Furniture,Furnishings,"Tenex Clock, Durable",5493
FUR-FU-10001692,Furniture,Furnishings,"Deflect-O Clock, Durable",5495
FUR-FU-10004904,Furniture,Furnishings,"Eldon ""L"" Workstation Diamond Chairmat",5514
FUR-FU-10001471,Furniture,Furnishings,"Eldon Door Stop, Durable",5537
FUR-FU-10002335,Furniture,Furnishings,"Rubbermaid Light Bulb, Durable",5547
FUR-FU-10003918,Furniture,Furnishings,"Advantus Photo Frame, Black",5550
FUR-FU-10002017,Furniture,Furnishings,"Rubbermaid Door Stop, Duo Pack",5566
FUR-FU-10000629,Furniture,Furnishings,9-3/4 Diameter Round Wall Clock,5588
FUR-FU-10003829,Furniture,Furnishings,Stackable Trays,5595
FUR-FU-10000820,Furniture,Furnishings,Tensor Brushed Steel Torchiere Floor Lamp,5604
FUR-FU-10000723,Furniture,Furnishings,"Deflect-o EconoMat Studded, No Bevel Mat for Low Pile Carpeting",5608
FUR-FU-10004017,Furniture,Furnishings,"Executive Impressions 13"" Chairman Wall Clock",5612
FUR-FU-10002928,Furniture,Furnishings,"Rubbermaid Clock, Durable",5638
FUR-FU-10000918,Furniture,Furnishings,"Deflect-O Photo Frame, Duo Pack",5654
FUR-FU-10003724,Furniture,Furnishings,Westinghouse Clip-On Gooseneck Lamps,5689
FUR-FU-10000060,Furniture,Furnishings,"Advantus Light Bulb, Duo Pack",5696
FUR-FU-10003219,Furniture,Furnishings,"Eldon Frame, Erganomic",5697
FUR-FU-10000023,Furniture,Furnishings,Eldon Wave Desk Accessories,5703
FUR-FU-10002703,Furniture,Furnishings,"Tenex Traditional Chairmats for Hard Floors, Average Lip, 36"" x 48""",5704
FUR-FU-10001025,Furniture,Furnishings,"Eldon Image Series Desk Accessories, Clear",5707
FUR-FU-10002505,Furniture,Furnishings,Eldon 100 Class Desk Accessories,5711
FUR-FU-10004351,Furniture,Furnishings,Staples,5712
FUR-FU-10000277,Furniture,Furnishings,Deflect-o DuraMat Antistatic Studded Beveled Mat for Medium Pile Carpeting,5715
FUR-FU-10001037,Furniture,Furnishings,"DAX Charcoal/Nickel-Tone Document Frame, 5 x 7",5716
FUR-FU-10003799,Furniture,Furnishings,"Seth Thomas 13 1/2"" Wall Clock",5723
FUR-FU-10002553,Furniture,Furnishings,"Electrix Incandescent Magnifying Lamp, Black",5730
FUR-FU-10000175,Furniture,Furnishings,DAX Wood Document Frame.,5732
FUR-FU-10003930,Furniture,Furnishings,Howard Miller 12-3/4 Diameter Accuwave DS  Wall Clock,5737
FUR-FU-10001546,Furniture,Furnishings,Dana Swing-Arm Lamps,5738
FUR-FU-10001215,Furniture,Furnishings,"Howard Miller 11-1/2"" Diameter Brentwood Wall Clock",5742
FUR-FU-10003773,Furniture,Furnishings,Eldon Cleatmat Plus Chair Mats for High Pile Carpets,5747
FUR-FU-10002191,Furniture,Furnishings,G.E. Halogen Desk Lamp Bulbs,5755
FUR-FU-10001196,Furniture,Furnishings,DAX Cubicle Frames - 8x10,5762
FUR-FU-10002759,Furniture,Furnishings,12-1/2 Diameter Round Wall Clock,5768
FUR-FU-10001475,Furniture,Furnishings,"Contract Clock, 14"", Brown",5771
FUR-FU-10000222,Furniture,Furnishings,"Seth Thomas 16"" Steel Case Clock",5774
FUR-FU-10004909,Furniture,Furnishings,Contemporary Wood/Metal Frame,5780
FUR-FU-10002963,Furniture,Furnishings,"Master Caster Door Stop, Gray",5782
FUR-FU-10004666,Furniture,Furnishings,DAX Clear Channel Poster Frame,5897
FUR-FU-10000718,Furniture,Furnishings,"Tenex Stacking Tray, Erganomic",5901
FUR-FU-10004915,Furniture,Furnishings,"Rubbermaid Frame, Durable",5921
FUR-FU-10003150,Furniture,Furnishings,"Eldon Door Stop, Erganomic",5935
FUR-FU-10002412,Furniture,Furnishings,"Tenex Clock, Duo Pack",5936
FUR-FU-10003237,Furniture,Furnishings,"Eldon Stacking Tray, Durable",5939
FUR-RUB-10001704,Furniture,Furnishings,"Rubbermaid Frame, Black",5946
FUR-FU-10001126,Furniture,Furnishings,"Rubbermaid Clock, Erganomic",5981
FUR-FU-10004181,Furniture,Furnishings,"Rubbermaid Photo Frame, Black",5982
FUR-FU-10000815,Furniture,Furnishings,"Eldon Door Stop, Black",6014
FUR-FU-10002696,Furniture,Furnishings,"Eldon Frame, Durable",6043
FUR-FU-10000499,Furniture,Furnishings,"Tenex Light Bulb, Duo Pack",6049
FUR-FU-10004339,Furniture,Furnishings,"Deflect-O Frame, Black",6066
FUR-FU-10001977,Furniture,Furnishings,"Deflect-O Frame, Erganomic",6118
FUR-FU-10002298,Furniture,Furnishings,"Rubbermaid ClusterMat Chairmats, Mat Size- 66"" x 60"", Lip 20"" x 11"" -90 Degree Angle",6127
FUR-FU-10002937,Furniture,Furnishings,"GE 48"" Fluorescent Tube, Cool White Energy Saver, 34 Watts, 30/Box",6164
FUR-FU-10001194,Furniture,Furnishings,"Rubbermaid Light Bulb, Duo Pack",6174
FUR-FU-10003986,Furniture,Furnishings,"Rubbermaid Door Stop, Black",6182
FUR-FU-10001436,Furniture,Furnishings,"Advantus Clock, Duo Pack",6183
FUR-FU-10003096,Furniture,Furnishings,"Master Giant Foot Doorstop, Safety Yellow",6192
FUR-FU-10002960,Furniture,Furnishings,"Eldon 200 Class Desk Accessories, Burgundy",6207
FUR-FU-10003879,Furniture,Furnishings,"Advantus Frame, Erganomic",6211
FUR-FU-10000225,Furniture,Furnishings,"Rubbermaid Photo Frame, Durable",6212
FUR-FU-10001986,Furniture,Furnishings,"Dana Fluorescent Magnifying Lamp, White, 36""",6215
FUR-FU-10002918,Furniture,Furnishings,Eldon ClusterMat Chair Mat with Cordless Antistatic Protection,6226
FUR-FU-10003274,Furniture,Furnishings,Regeneration Desk Collection,6227
FUR-FU-10003217,Furniture,Furnishings,"Tenex Frame, Durable",6251
FUR-FU-10004811,Furniture,Furnishings,"Eldon Door Stop, Erganomic",6252
FUR-FU-10000188,Furniture,Furnishings,"Tenex Frame, Duo Pack",6276
FUR-FU-10004049,Furniture,Furnishings,"Eldon Light Bulb, Erganomic",6288
FUR-FU-10003500,Furniture,Furnishings,"Rubbermaid Photo Frame, Duo Pack",6289
FUR-FU-10004013,Furniture,Furnishings,"Tenex Stacking Tray, Erganomic",6303
FUR-FU-10004460,Furniture,Furnishings,"Tenex Clock, Black",6309
FUR-FU-10004338,Furniture,Furnishings,"Tenex Light Bulb, Black",6310
FUR-FU-10004091,Furniture,Furnishings,"Howard Miller 13"" Diameter Goldtone Round Wall Clock",6317
FUR-FU-10000794,Furniture,Furnishings,"Eldon Stackable Tray, Side-Load, Legal, Smoke",6343
FUR-FU-10003976,Furniture,Furnishings,"DAX Executive Solid Wood Document Frame, Desktop or Hang, Mahogany, 5 x 7",6344
FUR-FU-10004960,Furniture,Furnishings,"Seth Thomas 12"" Clock w/ Goldtone Case",6345
FUR-FU-10003798,Furniture,Furnishings,"Ultra Door Kickplate, 8""H x 34""W",6357
FUR-FU-10000206,Furniture,Furnishings,"GE General Purpose, Extra Long Life, Showcase & Floodlight Incandescent Bulbs",6391
FUR-FU-10003981,Furniture,Furnishings,Eldon Wave Desk Accessories,6393
FUR-FU-10003708,Furniture,Furnishings,"Tenex Traditional Chairmats for Medium Pile Carpet, Standard Lip, 36"" x 48""",6394
FUR-FU-10000747,Furniture,Furnishings,Tenex B1-RE Series Chair Mats for Low Pile Carpets,6395
FUR-FU-10004053,Furniture,Furnishings,DAX Two-Tone Silver Metal Document Frame,6397
FUR-FU-10003731,Furniture,Furnishings,"Eldon Expressions Wood and Plastic Desk Accessories, Oak",6398
FUR-FU-10000755,Furniture,Furnishings,Eldon Expressions Mahogany Wood Desk Collection,6400
FUR-FU-10002157,Furniture,Furnishings,Artistic Insta-Plaque,6403
FUR-FU-10000771,Furniture,Furnishings,"Eldon 200 Class Desk Accessories, Smoke",6407
FUR-FU-10002506,Furniture,Furnishings,"Tensor ""Hersey Kiss"" Styled Floor Lamp",6435
FUR-FU-10002268,Furniture,Furnishings,Ultra Door Push Plate,6439
FUR-FU-10004020,Furniture,Furnishings,Advantus Panel Wall Acrylic Frame,6440
FUR-FU-10002107,Furniture,Furnishings,Eldon Pizzaz Desk Accessories,6441
FUR-FU-10001876,Furniture,Furnishings,"Computer Room Manger, 14""",6444
FUR-FU-10003601,Furniture,Furnishings,"Deflect-o RollaMat Studded, Beveled Mat for Medium Pile Carpeting",6448
FUR-FU-10003424,Furniture,Furnishings,Nu-Dell Oak Frame,6449
FUR-FU-10004604,Furniture,Furnishings,"Deflect-O Clock, Erganomic",6457
FUR-FU-10004017,Furniture,Furnishings,"Tenex Contemporary Contur Chairmats for Low and Medium Pile Carpet, Computer, 39"" x 49""",6464
FUR-FU-10001185,Furniture,Furnishings,"Advantus Employee of the Month Certificate Frame, 11 x 13-1/2",6465
FUR-FU-10004188,Furniture,Furnishings,Luxo Professional Combination Clamp-On Lamps,6466
FUR-FU-10003374,Furniture,Furnishings,Electrix Fluorescent Magnifier Lamps & Weighted Base,6471
FUR-FU-10002885,Furniture,Furnishings,Magna Visual Magnetic Picture Hangers,6513
FUR-FU-10000686,Furniture,Furnishings,"Rubbermaid Door Stop, Durable",6526
FUR-FU-10000550,Furniture,Furnishings,Stacking Trays by OIC,6541
FUR-FU-10001588,Furniture,Furnishings,"Deflect-o SuperTray Unbreakable Stackable Tray, Letter, Black",6542
FUR-FU-10004864,Furniture,Furnishings,"Howard Miller 14-1/2"" Diameter Chrome Round Wall Clock",6552
FUR-FU-10004095,Furniture,Furnishings,"Eldon Frame, Durable",6558
FUR-FU-10003832,Furniture,Furnishings,"Eldon Expressions Punched Metal & Wood Desk Accessories, Black & Cherry",6578
FUR-FU-10004963,Furniture,Furnishings,"Eldon 400 Class Desk Accessories, Black Carbon",6600
FUR-FU-10000975,Furniture,Furnishings,"Eldon Clock, Black",6663
FUR-FU-10001161,Furniture,Furnishings,"Deflect-O Photo Frame, Duo Pack",6665
FUR-FU-10000488,Furniture,Furnishings,"Rubbermaid Light Bulb, Erganomic",6680
FUR-FU-10001852,Furniture,Furnishings,"Eldon Regeneration Recycled Desk Accessories, Smoke",6685
FUR-ADV-10003147,Furniture,Furnishings,"Advantus Stacking Tray, Erganomic",6717
FUR-FU-10000758,Furniture,Furnishings,DAX Natural Wood-Tone Poster Frame,6725
FUR-FU-10002030,Furniture,Furnishings,"Executive Impressions 14"" Contract Wall Clock with Quartz Movement",6728
FUR-FU-10004622,Furniture,Furnishings,Eldon Advantage Foldable Chair Mats for Low Pile Carpets,6734
FUR-FU-10003878,Furniture,Furnishings,"Linden 10"" Round Wall Clock, Black",6735
FUR-FU-10002508,Furniture,Furnishings,Document Clip Frames,6791
FUR-FU-10003094,Furniture,Furnishings,"Eldon Clock, Erganomic",6811
FUR-FU-10003664,Furniture,Furnishings,"Tenex Frame, Erganomic",6813
FUR-FU-10000718,Furniture,Furnishings,"Rubbermaid Stacking Tray, Black",6815
FUR-FU-10004245,Furniture,Furnishings,"Career Cubicle Clock, 8 1/4"", Black",6848
FUR-FU-10002486,Furniture,Furnishings,"Advantus Clock, Durable",6866
FUR-FU-10001200,Furniture,Furnishings,"Tenex Photo Frame, Erganomic",6885
FUR-FU-10003026,Furniture,Furnishings,"Eldon Regeneration Recycled Desk Accessories, Black",6911
FUR-FU-10001488,Furniture,Furnishings,"Tenex 46"" x 60"" Computer Anti-Static Chairmat, Rectangular Shaped",6917
FUR-FU-10000496,Furniture,Furnishings,"Eldon Clock, Duo Pack",6919
FUR-FU-10004509,Furniture,Furnishings,"Advantus Door Stop, Duo Pack",6950
FUR-FU-10002597,Furniture,Furnishings,"C-Line Magnetic Cubicle Keepers, Clear Polypropylene",6962
FUR-FU-10002116,Furniture,Furnishings,"Tenex Carpeted, Granite-Look or Clear Contemporary Contour Shape Chair Mats",6991
FUR-FU-10000732,Furniture,Furnishings,Eldon 200 Class Desk Accessories,6998
FUR-FU-10003855,Furniture,Furnishings,"Rubbermaid Clock, Erganomic",7012
FUR-FU-10003447,Furniture,Furnishings,"Eldon Light Bulb, Duo Pack",7036
FUR-FU-10002250,Furniture,Furnishings,"Advantus Photo Frame, Durable",7037
FUR-FU-10000556,Furniture,Furnishings,"Tenex Light Bulb, Durable",7038
FUR-FU-10001246,Furniture,Furnishings,"Advantus Frame, Durable",7039
FUR-FU-10000729,Furniture,Furnishings,"Eldon Clock, Durable",7042
FUR-FU-10001366,Furniture,Furnishings,"Advantus Photo Frame, Duo Pack",7052
FUR-TEN-10000325,Furniture,Furnishings,"Tenex Light Bulb, Erganomic",7071
FUR-FU-10003662,Furniture,Furnishings,"Tenex Door Stop, Erganomic",7083
FUR-FU-10002557,Furniture,Furnishings,"Rubbermaid Stacking Tray, Erganomic",7097
FUR-FU-10002521,Furniture,Furnishings,"Tenex Stacking Tray, Black",7108
FUR-FU-10001718,Furniture,Furnishings,"Eldon Door Stop, Duo Pack",7109
FUR-FU-10000905,Furniture,Furnishings,"Eldon Door Stop, Erganomic",7121
FUR-FU-10000010,Furniture,Furnishings,"DAX Value U-Channel Document Frames, Easel Back",7126
FUR-FU-10002396,Furniture,Furnishings,"DAX Copper Panel Document Frame, 5 x 7 Size",7133
FUR-FU-10000432,Furniture,Furnishings,"Eldon Clock, Black",7140
FUR-FU-10004995,Furniture,Furnishings,"Deflect-O Light Bulb, Durable",7148
FUR-FU-10002305,Furniture,Furnishings,"Advantus Door Stop, Black",7151
FUR-FU-10000468,Furniture,Furnishings,"Advantus Frame, Durable",7152
FUR-FU-10000087,Furniture,Furnishings,"Executive Impressions 14"" Two-Color Numerals Wall Clock",7177
FUR-FU-10001717,Furniture,Furnishings,"Rubbermaid Stacking Tray, Erganomic",7190
FUR-FU-10003336,Furniture,Furnishings,"Eldon Door Stop, Erganomic",7206
FUR-FU-10004013,Furniture,Furnishings,"Deflect-O Clock, Durable",7230
FUR-FU-10002659,Furniture,Furnishings,"Tenex Door Stop, Erganomic",7231
FUR-FU-10000790,Furniture,Furnishings,"Rubbermaid Light Bulb, Black",7235
FUR-FU-10002957,Furniture,Furnishings,"Tenex Stacking Tray, Durable",7253
FUR-FU-10004097,Furniture,Furnishings,"Advantus Door Stop, Duo Pack",7270
FUR-FU-10004093,Furniture,Furnishings,Hand-Finished Solid Wood Document Frame,7276
FUR-TEN-10003900,Furniture,Furnishings,"Tenex Stacking Tray, Durable",7280
FUR-FU-10004236,Furniture,Furnishings,"Deflect-O Light Bulb, Black",7282
FUR-FU-10003414,Furniture,Furnishings,"Deflect-O Light Bulb, Erganomic",7300
FUR-FU-10003970,Furniture,Furnishings,"Rubbermaid Clock, Durable",7314
FUR-RUB-10002021,Furniture,Furnishings,"Rubbermaid Light Bulb, Durable",7328
FUR-FU-10001252,Furniture,Furnishings,"Eldon Frame, Duo Pack",7332
FUR-TEN-10004147,Furniture,Furnishings,"Tenex Clock, Erganomic",7341
FUR-FU-10001142,Furniture,Furnishings,"Deflect-O Clock, Black",7351
FUR-FU-10002210,Furniture,Furnishings,"Tenex Clock, Black",7424
FUR-FU-10004671,Furniture,Furnishings,"Executive Impressions 12"" Wall Clock",7438
FUR-RUB-10004036,Furniture,Furnishings,"Rubbermaid Stacking Tray, Erganomic",7454
FUR-FU-10001691,Furniture,Furnishings,"Deflect-O Photo Frame, Black",7479
FUR-FU-10002878,Furniture,Furnishings,"Seth Thomas 14"" Day/Date Wall Clock",7496
FUR-FU-10002104,Furniture,Furnishings,"Advantus Photo Frame, Black",7509
FUR-FU-10002045,Furniture,Furnishings,"Executive Impressions 14""",7532
FUR-FU-10001424,Furniture,Furnishings,Dax Clear Box Frame,7542
FUR-FU-10002614,Furniture,Furnishings,"Tenex Door Stop, Black",7546
FUR-FU-10002813,Furniture,Furnishings,"DAX Contemporary Wood Frame with Silver Metal Mat, Desktop, 11 x 14 Size",7558
FUR-FU-10003198,Furniture,Furnishings,"Rubbermaid Photo Frame, Erganomic",7570
FUR-FU-10004780,Furniture,Furnishings,"Deflect-O Frame, Duo Pack",7572
FUR-FU-10001144,Furniture,Furnishings,"Rubbermaid Photo Frame, Erganomic",7608
FUR-ADV-10003326,Furniture,Furnishings,"Advantus Light Bulb, Black",7613
FUR-FU-10002804,Furniture,Furnishings,"Advantus Clock, Duo Pack",7624
FUR-FU-10000669,Furniture,Furnishings,"Eldon Stacking Tray, Duo Pack",7636
FUR-FU-10004241,Furniture,Furnishings,"Deflect-O Light Bulb, Black",7643
FUR-FU-10001252,Furniture,Furnishings,"Eldon Clock, Erganomic",7659
FUR-FU-10001078,Furniture,Furnishings,"Advantus Clock, Durable",7676
FUR-FU-10000163,Furniture,Furnishings,"Deflect-O Frame, Duo Pack",7685
FUR-FU-10002253,Furniture,Furnishings,"Howard Miller 13"" Diameter Pewter Finish Round Wall Clock",7687
FUR-FU-10002979,Furniture,Furnishings,"Eldon Frame, Black",7698
FUR-FU-10001290,Furniture,Furnishings,Executive Impressions Supervisor Wall Clock,7701
FUR-FU-10003619,Furniture,Furnishings,"Tenex Clock, Black",7710
FUR-FU-10001602,Furniture,Furnishings,"Eldon Delta Triangular Chair Mat, 52"" x 58"", Clear",7712
FUR-FU-10000305,Furniture,Furnishings,"Tenex V2T-RE Standard Weight Series Chair Mat, 45"" x 53"", Lip 25"" x 12""",7713
FUR-FU-10003297,Furniture,Furnishings,"Rubbermaid Frame, Erganomic",7715
FUR-FU-10004497,Furniture,Furnishings,"Tenex Door Stop, Erganomic",7726
FUR-FU-10001091,Furniture,Furnishings,"Eldon Photo Frame, Erganomic",7739
FUR-FU-10004876,Furniture,Furnishings,"Eldon Frame, Erganomic",7786
FUR-FU-10000159,Furniture,Furnishings,"Advantus Frame, Erganomic",7796
FUR-FU-10004820,Furniture,Furnishings,"Advantus Photo Frame, Erganomic",7806
FUR-FU-10003910,Furniture,Furnishings,"Rubbermaid Stacking Tray, Durable",7814
FUR-FU-10000251,Furniture,Furnishings,"Deflect-O Door Stop, Duo Pack",7818
FUR-FU-10002019,Furniture,Furnishings,"Eldon Photo Frame, Black",7838
FUR-FU-10002919,Furniture,Furnishings,"Rubbermaid Frame, Erganomic",7839
FUR-FU-10002445,Furniture,Furnishings,"DAX Two-Tone Rosewood/Black Document Frame, Desktop, 5 x 7",7845
FUR-FU-10000585,Furniture,Furnishings,"Deflect-O Light Bulb, Duo Pack",7885
FUR-FU-10004596,Furniture,Furnishings,"Tenex Door Stop, Black",7917
FUR-FU-10002122,Furniture,Furnishings,"Rubbermaid Frame, Duo Pack",7919
FUR-FU-10001791,Furniture,Furnishings,"Tenex Photo Frame, Durable",7925
FUR-FU-10002698,Furniture,Furnishings,"Deflect-O Clock, Erganomic",7929
FUR-FU-10004019,Furniture,Furnishings,"Rubbermaid Door Stop, Erganomic",7933
FUR-FU-10001169,Furniture,Furnishings,"Rubbermaid Clock, Duo Pack",7942
FUR-FU-10003691,Furniture,Furnishings,"Eldon Image Series Desk Accessories, Ebony",7952
FUR-FU-10002928,Furniture,Furnishings,"Eldon Light Bulb, Erganomic",7956
FUR-FU-10000394,Furniture,Furnishings,"Rubbermaid Photo Frame, Durable",7975
FUR-FU-10004689,Furniture,Furnishings,"Advantus Light Bulb, Duo Pack",7996
FUR-FU-10002170,Furniture,Furnishings,"Eldon Stacking Tray, Durable",7997
FUR-FU-10000657,Furniture,Furnishings,"Eldon Door Stop, Black",8020
FUR-FU-10004464,Furniture,Furnishings,"Deflect-O Clock, Durable",8035
FUR-FU-10001774,Furniture,Furnishings,"Eldon Door Stop, Durable",8075
FUR-FU-10001893,Furniture,Furnishings,"Deflect-O Photo Frame, Durable",8076
FUR-FU-10003862,Furniture,Furnishings,"Advantus Photo Frame, Black",8081
FUR-FU-10004460,Furniture,Furnishings,"Howard Miller 12"" Round Wall Clock",8102
FUR-FU-10001591,Furniture,Furnishings,Advantus Panel Wall Certificate Holder - 8.5x11,8104
FUR-FU-10004665,Furniture,Furnishings,"3M Polarizing Task Lamp with Clamp Arm, Light Gray",8105
FUR-FU-10004459,Furniture,Furnishings,"Deflect-O Door Stop, Erganomic",8111
FUR-FU-10002362,Furniture,Furnishings,"Advantus Door Stop, Black",8155
FUR-FU-10000762,Furniture,Furnishings,"Advantus Light Bulb, Black",8165
FUR-FU-10001393,Furniture,Furnishings,"Deflect-O Stacking Tray, Erganomic",8177
FUR-FU-10000705,Furniture,Furnishings,"Advantus Frame, Black",8192
FUR-DEF-10002814,Furniture,Furnishings,"Deflect-O Stacking Tray, Erganomic",8202
FUR-TEN-10003349,Furniture,Furnishings,"Tenex Photo Frame, Durable",8211
FUR-FU-10004586,Furniture,Furnishings,G.E. Longer-Life Indoor Recessed Floodlight Bulbs,8234
FUR-FU-10003194,Furniture,Furnishings,"Eldon Expressions Desk Accessory, Wood Pencil Holder, Oak",8236
FUR-FU-10001085,Furniture,Furnishings,3M Polarizing Light Filter Sleeves,8237
FUR-FU-10001473,Furniture,Furnishings,"Eldon Executive Woodline II Desk Accessories, Mahogany",8238
FUR-FU-10002240,Furniture,Furnishings,Nu-Dell EZ-Mount Plastic Wall Frames,8239
FUR-FU-10004748,Furniture,Furnishings,"Howard Miller 16"" Diameter Gallery Wall Clock",8242
FUR-FU-10003919,Furniture,Furnishings,Eldon Executive Woodline II Cherry Finish Desk Accessories,8243
FUR-FU-10000320,Furniture,Furnishings,OIC Stacking Trays,8244
FUR-FU-10000260,Furniture,Furnishings,"6"" Cubicle Wall Clock, Black",8250
FUR-DEF-10001763,Furniture,Furnishings,"Deflect-O Door Stop, Durable",8315
FUR-FU-10004224,Furniture,Furnishings,"Deflect-O Photo Frame, Erganomic",8325
FUR-FU-10003605,Furniture,Furnishings,"Eldon Light Bulb, Durable",8361
FUR-ADV-10002601,Furniture,Furnishings,"Advantus Photo Frame, Erganomic",8370
FUR-TEN-10000296,Furniture,Furnishings,"Tenex Door Stop, Durable",8372
FUR-FU-10000483,Furniture,Furnishings,"Tenex Clock, Durable",8408
FUR-FU-10003717,Furniture,Furnishings,"Deflect-O Light Bulb, Black",8415
FUR-FU-10004640,Furniture,Furnishings,"Tenex Light Bulb, Durable",8428
FUR-RUB-10004285,Furniture,Furnishings,"Rubbermaid Clock, Duo Pack",8488
FUR-TEN-10003879,Furniture,Furnishings,"Tenex Light Bulb, Black",8502
FUR-TEN-10002418,Furniture,Furnishings,"Tenex Clock, Duo Pack",8505
FUR-ADV-10000188,Furniture,Furnishings,"Advantus Stacking Tray, Erganomic",8526
FUR-FU-10001468,Furniture,Furnishings,Tenex Antistatic Computer Chair Mats,8568
FUR-FU-10004090,Furniture,Furnishings,"Executive Impressions 14"" Contract Wall Clock",8570
FUR-FU-10003039,Furniture,Furnishings,"Howard Miller 11-1/2"" Diameter Grantwood Wall Clock",8576
FUR-FU-10001667,Furniture,Furnishings,"Rubbermaid Stacking Tray, Black",8584
FUR-FU-10000548,Furniture,Furnishings,"Tenex Stacking Tray, Durable",8590
FUR-FU-10002246,Furniture,Furnishings,"Tenex Frame, Duo Pack",8596
FUR-FU-10000647,Furniture,Furnishings,"Tenex Door Stop, Erganomic",8615
FUR-FU-10004549,Furniture,Furnishings,"Advantus Frame, Erganomic",8617
FUR-FU-10004579,Furniture,Furnishings,"Rubbermaid Door Stop, Durable",8628
FUR-FU-10004617,Furniture,Furnishings,"Eldon Stacking Tray, Duo Pack",8635
FUR-FU-10001507,Furniture,Furnishings,"Rubbermaid Light Bulb, Duo Pack",8647
FUR-FU-10002837,Furniture,Furnishings,"Advantus Frame, Duo Pack",8708
FUR-FU-10001657,Furniture,Furnishings,"Deflect-O Frame, Erganomic",8710
FUR-FU-10001692,Furniture,Furnishings,"Eldon Clock, Duo Pack",8714
FUR-FU-10001711,Furniture,Furnishings,"Tenex Frame, Erganomic",8715
FUR-FU-10003960,Furniture,Furnishings,"Deflect-O Stacking Tray, Erganomic",8735
FUR-FU-10000072,Furniture,Furnishings,"Advantus Light Bulb, Erganomic",8761
FUR-ELD-10003843,Furniture,Furnishings,"Eldon Photo Frame, Black",8774
FUR-ADV-10002329,Furniture,Furnishings,"Advantus Light Bulb, Erganomic",8778
FUR-ADV-10004499,Furniture,Furnishings,"Advantus Photo Frame, Durable",8784
FUR-TEN-10001349,Furniture,Furnishings,"Tenex Frame, Black",8796
FUR-FU-10004864,Furniture,Furnishings,Eldon 500 Class Desk Accessories,8834
FUR-TEN-10000558,Furniture,Furnishings,"Tenex Frame, Erganomic",8840
FUR-FU-10001132,Furniture,Furnishings,"Deflect-O Frame, Erganomic",8858
FUR-ELD-10000335,Furniture,Furnishings,"Eldon Door Stop, Durable",8863
FUR-FU-10002004,Furniture,Furnishings,"Tenex Stacking Tray, Durable",8895
FUR-FU-10000293,Furniture,Furnishings,Eldon Antistatic Chair Mats for Low to Medium Pile Carpets,8897
FUR-FU-10002094,Furniture,Furnishings,"Rubbermaid Photo Frame, Erganomic",8898
FUR-FU-10000295,Furniture,Furnishings,"Advantus Light Bulb, Durable",8899
FUR-FU-10001371,Furniture,Furnishings,"Deflect-O Stacking Tray, Black",8908
FUR-ADV-10001283,Furniture,Furnishings,"Advantus Frame, Black",8935
FUR-DEF-10003140,Furniture,Furnishings,"Deflect-O Light Bulb, Duo Pack",8942
FUR-FU-10003577,Furniture,Furnishings,Nu-Dell Leatherette Frames,8974
FUR-FU-10004816,Furniture,Furnishings,"Advantus Door Stop, Duo Pack",9001
FUR-FU-10002722,Furniture,Furnishings,"Tenex Photo Frame, Erganomic",9005
FUR-FU-10004712,Furniture,Furnishings,"Westinghouse Mesh Shade Clip-On Gooseneck Lamp, Black",9015
FUR-FU-10004096,Furniture,Furnishings,"Deflect-O Light Bulb, Erganomic",9029
FUR-FU-10000306,Furniture,Furnishings,"Rubbermaid Clock, Duo Pack",9068
FUR-FU-10003826,Furniture,Furnishings,"Eldon Door Stop, Duo Pack",9074
FUR-FU-10000140,Furniture,Furnishings,"Advantus Clock, Black",9096
FUR-FU-10001935,Furniture,Furnishings,3M Hangers With Command Adhesive,9123
FUR-ELD-10004515,Furniture,Furnishings,"Eldon Door Stop, Black",9127
FUR-FU-10003142,Furniture,Furnishings,"Master Big Foot Doorstop, Beige",9158
FUR-FU-10004848,Furniture,Furnishings,DAX Solid Wood Frames,9163
FUR-FU-10001487,Furniture,Furnishings,"Eldon Expressions Wood and Plastic Desk Accessories, Cherry Wood",9190
FUR-FU-10000409,Furniture,Furnishings,"GE 4 Foot Flourescent Tube, 40 Watt",9192
FUR-FU-10000397,Furniture,Furnishings,Luxo Economy Swing Arm Lamp,9197
FUR-FU-10002111,Furniture,Furnishings,"Master Caster Door Stop, Large Brown",9198
FUR-FU-10000672,Furniture,Furnishings,"Executive Impressions 10"" Spectator Wall Clock",9199
FUR-FU-10001889,Furniture,Furnishings,Ultra Door Pull Handle,9200
FUR-FU-10000448,Furniture,Furnishings,Tenex Chairmats For Use With Carpeted Floors,9202
FUR-FU-10002685,Furniture,Furnishings,"Executive Impressions 13-1/2"" Indoor/Outdoor Wall Clock",9203
FUR-DEF-10004355,Furniture,Furnishings,"Deflect-O Clock, Duo Pack",9257
FUR-FU-10000388,Furniture,Furnishings,"Rubbermaid Door Stop, Erganomic",9308
FUR-FU-10000668,Furniture,Furnishings,"Tenex Frame, Durable",9309
FUR-FU-10000972,Furniture,Furnishings,"Rubbermaid Clock, Erganomic",9310
FUR-FU-10001090,Furniture,Furnishings,"Advantus Stacking Tray, Erganomic",9314
FUR-FU-10000204,Furniture,Furnishings,"Advantus Door Stop, Durable",9325
FUR-DEF-10004555,Furniture,Furnishings,"Deflect-O Frame, Black",9333
FUR-FU-10003886,Furniture,Furnishings,"Tenex Photo Frame, Black",9370
FUR-FU-10000641,Furniture,Furnishings,"Deflect-O Door Stop, Durable",9371
FUR-FU-10002709,Furniture,Furnishings,"Advantus Clock, Erganomic",9388
FUR-FU-10003420,Furniture,Furnishings,"Deflect-O Door Stop, Durable",9415
FUR-FU-10000980,Furniture,Furnishings,"Advantus Photo Frame, Duo Pack",9431
FUR-FU-10001933,Furniture,Furnishings,"Deflect-O Door Stop, Duo Pack",9460
FUR-FU-10000674,Furniture,Furnishings,"Rubbermaid Photo Frame, Erganomic",9500
FUR-FU-10000490,Furniture,Furnishings,"Eldon Light Bulb, Erganomic",9512
FUR-FU-10002874,Furniture,Furnishings,Ultra Commercial Grade Dual Valve Door Closer,9513
FUR-FU-10004474,Furniture,Furnishings,"Rubbermaid Door Stop, Duo Pack",9526
FUR-TEN-10000002,Furniture,Furnishings,"Tenex Stacking Tray, Black",9540
FUR-ADV-10002632,Furniture,Furnishings,"Advantus Door Stop, Duo Pack",9602
FUR-FU-10003066,Furniture,Furnishings,"Deflect-O Frame, Duo Pack",9616
FUR-FU-10003384,Furniture,Furnishings,"Advantus Photo Frame, Duo Pack",9647
FUR-FU-10001057,Furniture,Furnishings,Tensor Track Tree Floor Lamp,9671
FUR-FU-10000012,Furniture,Furnishings,"Tenex Stacking Tray, Black",9686
FUR-RUB-10004420,Furniture,Furnishings,"Rubbermaid Door Stop, Black",9698
FUR-FU-10004823,Furniture,Furnishings,"Advantus Clock, Erganomic",9710
FUR-FU-10001934,Furniture,Furnishings,Magnifier Swing Arm Lamp,9728
FUR-FU-10000955,Furniture,Furnishings,"Advantus Stacking Tray, Durable",9796
FUR-FU-10001015,Furniture,Furnishings,"Eldon Stacking Tray, Black",9797
FUR-FU-10000067,Furniture,Furnishings,"Rubbermaid Photo Frame, Duo Pack",9805
FUR-FU-10003609,Furniture,Furnishings,"Rubbermaid Frame, Duo Pack",9810
FUR-FU-10001098,Furniture,Furnishings,"Deflect-O Door Stop, Black",9826
FUR-FU-10000521,Furniture,Furnishings,"Seth Thomas 14"" Putty-Colored Wall Clock",9867
FUR-FU-10004091,Furniture,Furnishings,"Eldon 200 Class Desk Accessories, Black",9868
FUR-FU-10003192,Furniture,Furnishings,Luxo Adjustable Task Clamp Lamp,9869
FUR-FU-10003546,Furniture,Furnishings,"Advantus Clock, Durable",9912
FUR-FU-10003664,Furniture,Furnishings,"Electrix Architect's Clamp-On Swing Arm Lamp, Black",9955
FUR-FU-10002185,Furniture,Furnishings,"Eldon Photo Frame, Durable",9981
FUR-FU-10003112,Furniture,Furnishings,"Tenex Frame, Durable",9986
FUR-FU-10004281,Furniture,Furnishings,"Eldon Light Bulb, Erganomic",10013
FUR-FU-10004137,Furniture,Furnishings,"Tenex Light Bulb, Erganomic",10018
FUR-FU-10002055,Furniture,Furnishings,"Eldon Light Bulb, Black",10026
FUR-FU-10001867,Furniture,Furnishings,"Eldon Expressions Punched Metal & Wood Desk Accessories, Pewter & Cherry",10054
FUR-FU-10002784,Furniture,Furnishings,"Advantus Photo Frame, Duo Pack",10087
FUR-FU-10000546,Furniture,Furnishings,"Eldon Door Stop, Erganomic",10115
FUR-FU-10003276,Furniture,Furnishings,"Rubbermaid Light Bulb, Durable",10132
FUR-FU-10001935,Furniture,Furnishings,"Eldon Light Bulb, Black",10133
FUR-FU-10000069,Furniture,Furnishings,"Tenex Door Stop, Durable",10146
FUR-FU-10000640,Furniture,Furnishings,"Tenex Light Bulb, Duo Pack",10162
FUR-FU-10002170,Furniture,Furnishings,"Deflect-O Frame, Duo Pack",10166
FUR-FU-10004923,Furniture,Furnishings,"Advantus Stacking Tray, Durable",10196
FUR-FU-10000481,Furniture,Furnishings,"Rubbermaid Clock, Durable",10202
FUR-FU-10000287,Furniture,Furnishings,"Eldon Stacking Tray, Black",10245
FUR-FU-10003326,Furniture,Furnishings,"Eldon Photo Frame, Duo Pack",10273
FUR-FU-10004164,Furniture,Furnishings,"Eldon 300 Class Desk Accessories, Black",10304
FUR-FU-10003489,Furniture,Furnishings,Contemporary Borderless Frame,10305
FUR-FU-10003901,Furniture,Furnishings,"Advantus Stacking Tray, Erganomic",10326
FUR-ADV-10004971,Furniture,Furnishings,"Advantus Door Stop, Erganomic",10387
FUR-FU-10003095,Furniture,Furnishings,"Linden 12"" Wall Clock With Oak Frame",10395
FUR-FU-10002930,Furniture,Furnishings,"Eldon Door Stop, Duo Pack",10458
FUR-FU-10001764,Furniture,Furnishings,"Deflect-O Clock, Black",10466
FUR-FU-10002838,Furniture,Furnishings,"Advantus Frame, Black",10483
FUR-FU-10000813,Furniture,Furnishings,"Tenex Door Stop, Durable",10523
FUR-FU-10002304,Furniture,Furnishings,"Tenex Photo Frame, Duo Pack",10545
FUR-FU-10004960,Furniture,Furnishings,"Deflect-O Photo Frame, Duo Pack",10591
FUR-FU-10000944,Furniture,Furnishings,"Advantus Light Bulb, Black",10628
FUR-FU-10004614,Furniture,Furnishings,"Rubbermaid Frame, Black",10631
FUR-TEN-10000377,Furniture,Furnishings,"Tenex Light Bulb, Duo Pack",10649
FUR-ADV-10000190,Furniture,Furnishings,"Advantus Frame, Duo Pack",10650
FUR-FU-10001933,Furniture,Furnishings,"Rubbermaid Stacking Tray, Erganomic",10659
FUR-FU-10000018,Furniture,Furnishings,"Eldon Clock, Erganomic",10671
FUR-FU-10001322,Furniture,Furnishings,"Deflect-O Clock, Durable",10675
FUR-FU-10000702,Furniture,Furnishings,"Tenex Frame, Black",10702
FUR-FU-10002546,Furniture,Furnishings,"Deflect-O Light Bulb, Durable",10703
FUR-FU-10004031,Furniture,Furnishings,"Advantus Frame, Durable",10710
FUR-FU-10001843,Furniture,Furnishings,"Advantus Door Stop, Durable",10732
FUR-HON-10002570,Furniture,Chairs,"Hon Chairmat, Set of Two",24
FUR-HON-10001627,Furniture,Chairs,"Hon Swivel Stool, Adjustable",25
FUR-NOV-10002911,Furniture,Chairs,"Novimex Steel Folding Chair, Set of Two",54
FUR-SAF-10000565,Furniture,Chairs,"SAFCO Bag Chairs, Adjustable",57
FUR-HON-10000029,Furniture,Chairs,"Hon Bag Chairs, Black",85
FUR-HAR-10002873,Furniture,Chairs,"Harbour Creations Executive Leather Armchair, Adjustable",147
FUR-HAR-10002288,Furniture,Chairs,"Harbour Creations Rocking Chair, Red",148
FUR-HAR-10004086,Furniture,Chairs,"Harbour Creations Steel Folding Chair, Black",155
FUR-CH-10004010,Furniture,Chairs,"SAFCO Bag Chairs, Red",176
FUR-HON-10002424,Furniture,Chairs,"Hon Steel Folding Chair, Red",228
FUR-OFF-10002542,Furniture,Chairs,"Office Star Executive Leather Armchair, Adjustable",230
FUR-CH-10002924,Furniture,Chairs,"Novimex Steel Folding Chair, Set of Two",253
FUR-CH-10003696,Furniture,Chairs,"Novimex Bag Chairs, Black",254
FUR-CH-10004062,Furniture,Chairs,"Office Star Rocking Chair, Adjustable",255
FUR-CH-10000920,Furniture,Chairs,"Novimex Executive Leather Armchair, Adjustable",260
FUR-CH-10001810,Furniture,Chairs,"Harbour Creations Chairmat, Red",273
FUR-CH-10001423,Furniture,Chairs,"Harbour Creations Rocking Chair, Black",274
FUR-CH-10000343,Furniture,Chairs,"Hon Executive Leather Armchair, Black",276
FUR-OFF-10001224,Furniture,Chairs,"Office Star Swivel Stool, Red",287
FUR-OFF-10001552,Furniture,Chairs,"Office Star Bag Chairs, Set of Two",288
FUR-SAF-10000593,Furniture,Chairs,"SAFCO Chairmat, Adjustable",298
FUR-SAF-10002112,Furniture,Chairs,"SAFCO Executive Leather Armchair, Set of Two",299
FUR-SAF-10003402,Furniture,Chairs,"SAFCO Bag Chairs, Black",300
FUR-HAR-10001089,Furniture,Chairs,"Harbour Creations Rocking Chair, Black",318
FUR-NOV-10004003,Furniture,Chairs,"Novimex Steel Folding Chair, Red",325
FUR-CH-10000432,Furniture,Chairs,"Harbour Creations Swivel Stool, Adjustable",343
FUR-CH-10000187,Furniture,Chairs,"Hon Chairmat, Red",369
FUR-CH-10000974,Furniture,Chairs,"Harbour Creations Executive Leather Armchair, Black",377
FUR-CH-10001382,Furniture,Chairs,"Office Star Chairmat, Red",382
FUR-CH-10000117,Furniture,Chairs,"Novimex Steel Folding Chair, Black",392
FUR-CH-10002631,Furniture,Chairs,"Office Star Bag Chairs, Black",421
FUR-CH-10002213,Furniture,Chairs,"Hon Executive Leather Armchair, Black",438
FUR-CH-10004694,Furniture,Chairs,"Office Star Rocking Chair, Black",439
FUR-CH-10004339,Furniture,Chairs,"SAFCO Steel Folding Chair, Red",440
FUR-CH-10002966,Furniture,Chairs,"Harbour Creations Swivel Stool, Red",451
FUR-CH-10004365,Furniture,Chairs,"Novimex Rocking Chair, Black",454
FUR-CH-10002468,Furniture,Chairs,"Hon Rocking Chair, Adjustable",457
FUR-CH-10001207,Furniture,Chairs,"Hon Executive Leather Armchair, Red",532
FUR-CH-10004196,Furniture,Chairs,"Novimex Swivel Stool, Red",533
FUR-CH-10001895,Furniture,Chairs,"Hon Chairmat, Adjustable",536
FUR-CH-10003760,Furniture,Chairs,"Office Star Bag Chairs, Set of Two",537
FUR-CH-10001797,Furniture,Chairs,"Harbour Creations Bag Chairs, Adjustable",538
FUR-SAF-10003745,Furniture,Chairs,"SAFCO Rocking Chair, Set of Two",565
FUR-CH-10002498,Furniture,Chairs,"Harbour Creations Steel Folding Chair, Red",591
FUR-CH-10002890,Furniture,Chairs,"Office Star Chairmat, Adjustable",618
FUR-CH-10004163,Furniture,Chairs,"Novimex Steel Folding Chair, Adjustable",619
FUR-CH-10003354,Furniture,Chairs,"Novimex Bag Chairs, Black",620
FUR-CH-10001397,Furniture,Chairs,"SAFCO Chairmat, Set of Two",621
FUR-CH-10004600,Furniture,Chairs,"Harbour Creations Chairmat, Red",631
FUR-OFF-10000344,Furniture,Chairs,"Office Star Bag Chairs, Adjustable",672
FUR-HAR-10002546,Furniture,Chairs,"Harbour Creations Chairmat, Black",673
FUR-HON-10003533,Furniture,Chairs,"Hon Executive Leather Armchair, Adjustable",699
FUR-NOV-10002791,Furniture,Chairs,"Novimex Swivel Stool, Set of Two",700
FUR-HAR-10004726,Furniture,Chairs,"Harbour Creations Steel Folding Chair, Adjustable",719
FUR-HAR-10000334,Furniture,Chairs,"Harbour Creations Swivel Stool, Red",723
FUR-CH-10002247,Furniture,Chairs,"Hon Executive Leather Armchair, Adjustable",739
FUR-CH-10003581,Furniture,Chairs,"Hon Executive Leather Armchair, Adjustable",744
FUR-CH-10003965,Furniture,Chairs,"Hon Rocking Chair, Red",751
FUR-CH-10003540,Furniture,Chairs,"Office Star Bag Chairs, Set of Two",764
FUR-HAR-10002632,Furniture,Chairs,"Harbour Creations Chairmat, Adjustable",888
FUR-OFF-10003703,Furniture,Chairs,"Office Star Chairmat, Set of Two",889
FUR-HON-10001558,Furniture,Chairs,"Hon Swivel Stool, Black",890
FUR-SAF-10002121,Furniture,Chairs,"SAFCO Rocking Chair, Black",934
FUR-HAR-10003548,Furniture,Chairs,"Harbour Creations Bag Chairs, Set of Two",935
FUR-HAR-10002178,Furniture,Chairs,"Harbour Creations Rocking Chair, Set of Two",942
FUR-HON-10002599,Furniture,Chairs,"Hon Chairmat, Adjustable",943
FUR-HON-10001776,Furniture,Chairs,"Hon Bag Chairs, Red",944
FUR-CH-10003692,Furniture,Chairs,"SAFCO Swivel Stool, Set of Two",970
FUR-CH-10002060,Furniture,Chairs,"SAFCO Rocking Chair, Adjustable",978
FUR-CH-10000351,Furniture,Chairs,"Novimex Chairmat, Set of Two",979
FUR-CH-10000583,Furniture,Chairs,"Novimex Swivel Stool, Set of Two",983
FUR-CH-10004746,Furniture,Chairs,"Office Star Executive Leather Armchair, Adjustable",1024
FUR-CH-10000603,Furniture,Chairs,"Hon Bag Chairs, Red",1048
FUR-CH-10002024,Furniture,Chairs,HON 5400 Series Task Chairs for Big and Tall,1051
FUR-CH-10003298,Furniture,Chairs,"Office Star - Contemporary Task Swivel chair with Loop Arms, Charcoal",1053
FUR-CH-10002542,Furniture,Chairs,"Office Star Steel Folding Chair, Set of Two",1077
FUR-CH-10001374,Furniture,Chairs,"Novimex Steel Folding Chair, Black",1086
FUR-CH-10000430,Furniture,Chairs,"SAFCO Rocking Chair, Set of Two",1087
FUR-CH-10002207,Furniture,Chairs,"Hon Chairmat, Set of Two",1120
FUR-CH-10002510,Furniture,Chairs,"Office Star Steel Folding Chair, Adjustable",1122
FUR-CH-10002752,Furniture,Chairs,"Harbour Creations Bag Chairs, Set of Two",1132
FUR-CH-10000745,Furniture,Chairs,"Hon Chairmat, Adjustable",1137
FUR-CH-10004592,Furniture,Chairs,"Hon Rocking Chair, Set of Two",1141
FUR-CH-10000013,Furniture,Chairs,"Hon Steel Folding Chair, Black",1176
FUR-CH-10000155,Furniture,Chairs,Global Comet Stacking Armless Chair,1201
FUR-CH-10003774,Furniture,Chairs,"Global Wood Trimmed Manager's Task Chair, Khaki",1203
FUR-CH-10000265,Furniture,Chairs,"Office Star Chairmat, Adjustable",1221
FUR-CH-10002647,Furniture,Chairs,"Situations Contoured Folding Chairs, 4/Set",1233
FUR-CH-10002743,Furniture,Chairs,"Novimex Chairmat, Adjustable",1241
FUR-CH-10000966,Furniture,Chairs,"Harbour Creations Chairmat, Set of Two",1252
FUR-NOV-10002453,Furniture,Chairs,"Novimex Rocking Chair, Black",1292
FUR-HON-10001504,Furniture,Chairs,"Hon Rocking Chair, Black",1295
FUR-OFF-10003688,Furniture,Chairs,"Office Star Rocking Chair, Black",1307
FUR-CH-10004331,Furniture,Chairs,"SAFCO Rocking Chair, Red",1376
FUR-OFF-10004214,Furniture,Chairs,"Office Star Executive Leather Armchair, Red",1391
FUR-HAR-10000100,Furniture,Chairs,"Harbour Creations Swivel Stool, Adjustable",1398
FUR-SAF-10002314,Furniture,Chairs,"SAFCO Swivel Stool, Black",1424
FUR-CH-10000399,Furniture,Chairs,"Hon Swivel Stool, Set of Two",1432
FUR-CH-10003354,Furniture,Chairs,"Harbour Creations Swivel Stool, Red",1444
FUR-CH-10002061,Furniture,Chairs,"Harbour Creations Executive Leather Armchair, Red",1458
FUR-CH-10002626,Furniture,Chairs,"Hon Steel Folding Chair, Adjustable",1459
FUR-CH-10004774,Furniture,Chairs,"Novimex Executive Leather Armchair, Red",1486
FUR-CH-10004506,Furniture,Chairs,"Novimex Steel Folding Chair, Set of Two",1516
FUR-CH-10000333,Furniture,Chairs,"SAFCO Swivel Stool, Black",1520
FUR-CH-10002846,Furniture,Chairs,"Hon Steel Folding Chair, Black",1533
FUR-CH-10002088,Furniture,Chairs,"Novimex Steel Folding Chair, Set of Two",1559
FUR-CH-10001975,Furniture,Chairs,"Hon Swivel Stool, Red",1560
FUR-CH-10000892,Furniture,Chairs,"SAFCO Executive Leather Armchair, Red",1562
FUR-CH-10001819,Furniture,Chairs,"Office Star Chairmat, Set of Two",1608
FUR-CH-10004669,Furniture,Chairs,"Novimex Executive Leather Armchair, Black",1609
FUR-CH-10003514,Furniture,Chairs,"Harbour Creations Rocking Chair, Set of Two",1610
FUR-CH-10000836,Furniture,Chairs,"SAFCO Swivel Stool, Adjustable",1618
FUR-CH-10001455,Furniture,Chairs,"Office Star Swivel Stool, Adjustable",1625
FUR-CH-10001708,Furniture,Chairs,Office Star - Contemporary Swivel Chair with Padded Adjustable Arms and Flex Back,1649
FUR-CH-10001914,Furniture,Chairs,"Harbour Creations Bag Chairs, Black",1667
FUR-CH-10002653,Furniture,Chairs,"Office Star Rocking Chair, Adjustable",1681
FUR-OFF-10001125,Furniture,Chairs,"Office Star Rocking Chair, Adjustable",1687
FUR-CH-10004547,Furniture,Chairs,"Office Star Bag Chairs, Black",1693
FUR-OFF-10002511,Furniture,Chairs,"Office Star Steel Folding Chair, Black",1732
FUR-HON-10000103,Furniture,Chairs,"Hon Swivel Stool, Red",1735
FUR-OFF-10001132,Furniture,Chairs,"Office Star Swivel Stool, Adjustable",1740
FUR-NOV-10004563,Furniture,Chairs,"Novimex Bag Chairs, Black",1756
FUR-CH-10003362,Furniture,Chairs,"Office Star Swivel Stool, Adjustable",1771
FUR-CH-10000807,Furniture,Chairs,"Hon Rocking Chair, Adjustable",1780
FUR-CH-10003746,Furniture,Chairs,Hon 4070 Series Pagoda Round Back Stacking Chairs,1833
FUR-CH-10003535,Furniture,Chairs,"Global Armless Task Chair, Royal Blue",1841
FUR-CH-10000891,Furniture,Chairs,"Harbour Creations Executive Leather Armchair, Black",1899
FUR-CH-10004086,Furniture,Chairs,Hon 4070 Series Pagoda Armless Upholstered Stacking Chairs,1927
FUR-CH-10000294,Furniture,Chairs,"Office Star Swivel Stool, Red",1934
FUR-CH-10003248,Furniture,Chairs,"SAFCO Bag Chairs, Black",1942
FUR-OFF-10002486,Furniture,Chairs,"Office Star Bag Chairs, Black",2000
FUR-CH-10000553,Furniture,Chairs,"Metal Folding Chairs, Beige, 4/Carton",2036
FUR-CH-10002547,Furniture,Chairs,"Office Star Steel Folding Chair, Red",2054
FUR-CH-10003054,Furniture,Chairs,"Novimex Executive Leather Armchair, Adjustable",2061
FUR-CH-10001854,Furniture,Chairs,Office Star - Professional Matrix Back Chair with 2-to-1 Synchro Tilt and Mesh Fabric Seat,2085
FUR-CH-10002045,Furniture,Chairs,"SAFCO Bag Chairs, Red",2091
FUR-CH-10000438,Furniture,Chairs,"Novimex Chairmat, Adjustable",2095
FUR-CH-10004199,Furniture,Chairs,"SAFCO Executive Leather Armchair, Adjustable",2096
FUR-CH-10000051,Furniture,Chairs,"Harbour Creations Executive Leather Armchair, Black",2099
FUR-CH-10000005,Furniture,Chairs,"Office Star Executive Leather Armchair, Adjustable",2101
FUR-CH-10002435,Furniture,Chairs,"Novimex Executive Leather Armchair, Black",2104
FUR-CH-10003948,Furniture,Chairs,"Harbour Creations Swivel Stool, Set of Two",2145
FUR-CH-10002410,Furniture,Chairs,"Office Star Rocking Chair, Red",2164
FUR-CH-10002362,Furniture,Chairs,"Hon Bag Chairs, Red",2181
FUR-CH-10002417,Furniture,Chairs,"Hon Rocking Chair, Red",2188
FUR-CH-10002228,Furniture,Chairs,"Harbour Creations Steel Folding Chair, Set of Two",2192
FUR-CH-10001429,Furniture,Chairs,"SAFCO Executive Leather Armchair, Adjustable",2209
FUR-CH-10002647,Furniture,Chairs,"Novimex Rocking Chair, Red",2210
FUR-CH-10002212,Furniture,Chairs,"Novimex Swivel Stool, Adjustable",2221
FUR-CH-10004387,Furniture,Chairs,"Office Star Bag Chairs, Red",2235
FUR-CH-10003950,Furniture,Chairs,"Novimex Executive Leather Armchair, Black",2236
FUR-CH-10000785,Furniture,Chairs,Global Ergonomic Managers Chair,2243
FUR-CH-10001215,Furniture,Chairs,Global Troy Executive Leather Low-Back Tilter,2245
FUR-CH-10001545,Furniture,Chairs,Hon Comfortask Task/Swivel Chairs,2253
FUR-CH-10003973,Furniture,Chairs,GuestStacker Chair with Chrome Finish Legs,2254
FUR-CH-10003981,Furniture,Chairs,Global Commerce Series Low-Back Swivel/Tilt Chairs,2298
FUR-CH-10002378,Furniture,Chairs,"Harbour Creations Swivel Stool, Black",2347
FUR-CH-10002610,Furniture,Chairs,"Novimex Swivel Stool, Black",2360
FUR-CH-10004095,Furniture,Chairs,"SAFCO Executive Leather Armchair, Adjustable",2369
FUR-CH-10004993,Furniture,Chairs,"Hon Swivel Stool, Black",2394
FUR-SAF-10002529,Furniture,Chairs,"SAFCO Chairmat, Red",2401
FUR-CH-10002573,Furniture,Chairs,"Office Star Executive Leather Armchair, Adjustable",2412
FUR-CH-10001203,Furniture,Chairs,"Novimex Steel Folding Chair, Set of Two",2431
FUR-CH-10004312,Furniture,Chairs,"Hon Bag Chairs, Set of Two",2435
FUR-CH-10002116,Furniture,Chairs,"SAFCO Rocking Chair, Black",2440
FUR-HON-10000339,Furniture,Chairs,"Hon Bag Chairs, Set of Two",2451
FUR-OFF-10001798,Furniture,Chairs,"Office Star Steel Folding Chair, Red",2454
FUR-NOV-10003257,Furniture,Chairs,"Novimex Chairmat, Adjustable",2458
FUR-SAF-10001870,Furniture,Chairs,"SAFCO Chairmat, Set of Two",2461
FUR-NOV-10001972,Furniture,Chairs,"Novimex Swivel Stool, Red",2526
FUR-SAF-10001793,Furniture,Chairs,"SAFCO Executive Leather Armchair, Black",2537
FUR-HON-10004137,Furniture,Chairs,"Hon Rocking Chair, Set of Two",2545
FUR-NOV-10002333,Furniture,Chairs,"Novimex Steel Folding Chair, Black",2546
FUR-CH-10000488,Furniture,Chairs,"SAFCO Steel Folding Chair, Black",2558
FUR-CH-10000423,Furniture,Chairs,"Hon Chairmat, Set of Two",2559
FUR-CH-10002085,Furniture,Chairs,"Novimex Steel Folding Chair, Red",2563
FUR-CH-10000258,Furniture,Chairs,"Office Star Steel Folding Chair, Red",2564
FUR-CH-10000391,Furniture,Chairs,"Novimex Bag Chairs, Red",2565
FUR-CH-10003846,Furniture,Chairs,"Office Star Swivel Stool, Set of Two",2575
FUR-CH-10002961,Furniture,Chairs,"Leather Task Chair, Black",2601
FUR-HON-10001847,Furniture,Chairs,"Hon Executive Leather Armchair, Adjustable",2617
FUR-CH-10000953,Furniture,Chairs,"Harbour Creations Swivel Stool, Black",2667
FUR-CH-10004853,Furniture,Chairs,"Global Manager's Adjustable Task Chair, Storm",2690
FUR-CH-10004218,Furniture,Chairs,"Global Fabric Manager's Chair, Dark Gray",2694
FUR-HAR-10004593,Furniture,Chairs,"Harbour Creations Executive Leather Armchair, Black",2722
FUR-CH-10001756,Furniture,Chairs,"Novimex Bag Chairs, Adjustable",2729
FUR-CH-10001147,Furniture,Chairs,"Hon Swivel Stool, Adjustable",2733
FUR-CH-10003580,Furniture,Chairs,"Harbour Creations Bag Chairs, Black",2737
FUR-CH-10002412,Furniture,Chairs,"Hon Bag Chairs, Black",2741
FUR-CH-10003836,Furniture,Chairs,"Harbour Creations Rocking Chair, Red",2742
FUR-CH-10003336,Furniture,Chairs,"SAFCO Chairmat, Adjustable",2777
FUR-CH-10004447,Furniture,Chairs,"Harbour Creations Rocking Chair, Set of Two",2802
FUR-CH-10001465,Furniture,Chairs,"Hon Swivel Stool, Red",2837
FUR-CH-10004826,Furniture,Chairs,"Hon Steel Folding Chair, Set of Two",2838
FUR-CH-10004913,Furniture,Chairs,"Office Star Rocking Chair, Red",2841
FUR-CH-10001477,Furniture,Chairs,"Novimex Chairmat, Black",2842
FUR-CH-10002932,Furniture,Chairs,"Harbour Creations Rocking Chair, Adjustable",2843
FUR-CH-10000026,Furniture,Chairs,"SAFCO Rocking Chair, Black",2848
FUR-CH-10000608,Furniture,Chairs,"Office Star Chairmat, Set of Two",2854
FUR-CH-10003861,Furniture,Chairs,"Novimex Rocking Chair, Set of Two",2866
FUR-CH-10002872,Furniture,Chairs,"SAFCO Executive Leather Armchair, Adjustable",2948
FUR-CH-10001204,Furniture,Chairs,"Harbour Creations Steel Folding Chair, Red",2953
FUR-CH-10004584,Furniture,Chairs,"Office Star Steel Folding Chair, Set of Two",2956
FUR-CH-10002188,Furniture,Chairs,"SAFCO Steel Folding Chair, Set of Two",2983
FUR-CH-10004863,Furniture,Chairs,"SAFCO Swivel Stool, Black",2987
FUR-CH-10003841,Furniture,Chairs,"Harbour Creations Swivel Stool, Black",3012
FUR-CH-10000414,Furniture,Chairs,"Novimex Chairmat, Black",3044
FUR-CH-10004462,Furniture,Chairs,"Hon Executive Leather Armchair, Adjustable",3123
FUR-CH-10002030,Furniture,Chairs,"Office Star Swivel Stool, Red",3133
FUR-CH-10002203,Furniture,Chairs,"SAFCO Executive Leather Armchair, Black",3137
FUR-CH-10004810,Furniture,Chairs,"Hon Swivel Stool, Set of Two",3143
FUR-CH-10001582,Furniture,Chairs,"Office Star Executive Leather Armchair, Black",3164
FUR-SAF-10003160,Furniture,Chairs,"SAFCO Rocking Chair, Adjustable",3255
FUR-NOV-10000123,Furniture,Chairs,"Novimex Rocking Chair, Red",3256
FUR-OFF-10001661,Furniture,Chairs,"Office Star Chairmat, Red",3257
FUR-NOV-10000847,Furniture,Chairs,"Novimex Executive Leather Armchair, Adjustable",3262
FUR-OFF-10000303,Furniture,Chairs,"Office Star Rocking Chair, Set of Two",3275
FUR-CH-10000667,Furniture,Chairs,"Novimex Chairmat, Black",3278
FUR-CH-10004219,Furniture,Chairs,"Office Star Bag Chairs, Red",3300
FUR-CH-10001343,Furniture,Chairs,"SAFCO Swivel Stool, Set of Two",3303
FUR-CH-10002297,Furniture,Chairs,"Novimex Bag Chairs, Set of Two",3304
FUR-CH-10001784,Furniture,Chairs,"SAFCO Steel Folding Chair, Set of Two",3305
FUR-CH-10004755,Furniture,Chairs,"Novimex Swivel Stool, Red",3322
FUR-CH-10002830,Furniture,Chairs,"Office Star Rocking Chair, Red",3333
FUR-CH-10001553,Furniture,Chairs,"Hon Bag Chairs, Adjustable",3337
FUR-CH-10001684,Furniture,Chairs,"Office Star Rocking Chair, Adjustable",3383
FUR-CH-10000602,Furniture,Chairs,"Novimex Executive Leather Armchair, Red",3390
FUR-HAR-10001792,Furniture,Chairs,"Harbour Creations Bag Chairs, Red",3400
FUR-HON-10001851,Furniture,Chairs,"Hon Executive Leather Armchair, Black",3405
FUR-CH-10002250,Furniture,Chairs,"Office Star Executive Leather Armchair, Black",3408
FUR-CH-10003123,Furniture,Chairs,"Hon Chairmat, Black",3426
FUR-HAR-10000441,Furniture,Chairs,"Harbour Creations Rocking Chair, Adjustable",3458
FUR-CH-10000528,Furniture,Chairs,"Novimex Steel Folding Chair, Adjustable",3476
FUR-CH-10001675,Furniture,Chairs,"Office Star Steel Folding Chair, Adjustable",3482
FUR-CH-10004652,Furniture,Chairs,"Hon Bag Chairs, Black",3487
FUR-CH-10003551,Furniture,Chairs,"Hon Swivel Stool, Black",3501
FUR-CH-10001664,Furniture,Chairs,"Novimex Swivel Stool, Black",3511
FUR-CH-10004676,Furniture,Chairs,"Office Star Rocking Chair, Black",3524
FUR-NOV-10000283,Furniture,Chairs,"Novimex Chairmat, Black",3536
FUR-SAF-10002616,Furniture,Chairs,"SAFCO Steel Folding Chair, Adjustable",3565
FUR-CH-10001802,Furniture,Chairs,"Novimex Rocking Chair, Black",3583
FUR-CH-10002335,Furniture,Chairs,"Hon Steel Folding Chair, Red",3593
FUR-CH-10003114,Furniture,Chairs,"Harbour Creations Swivel Stool, Red",3594
FUR-CH-10003772,Furniture,Chairs,"Office Star Chairmat, Red",3595
FUR-CH-10001153,Furniture,Chairs,"Harbour Creations Bag Chairs, Adjustable",3643
FUR-CH-10000568,Furniture,Chairs,"Hon Bag Chairs, Black",3648
FUR-CH-10004101,Furniture,Chairs,"SAFCO Swivel Stool, Adjustable",3652
FUR-CH-10001150,Furniture,Chairs,"SAFCO Steel Folding Chair, Red",3653
FUR-CH-10004047,Furniture,Chairs,"SAFCO Rocking Chair, Adjustable",3714
FUR-CH-10002782,Furniture,Chairs,"Office Star Executive Leather Armchair, Adjustable",3716
FUR-CH-10004194,Furniture,Chairs,"Novimex Bag Chairs, Red",3727
FUR-CH-10003249,Furniture,Chairs,"Office Star Steel Folding Chair, Black",3827
FUR-OFF-10003713,Furniture,Chairs,"Office Star Chairmat, Adjustable",3832
FUR-CH-10001138,Furniture,Chairs,"Office Star Swivel Stool, Black",3834
FUR-CH-10003009,Furniture,Chairs,"Novimex Swivel Stool, Adjustable",3837
FUR-CH-10000994,Furniture,Chairs,"Harbour Creations Rocking Chair, Black",3847
FUR-CH-10000969,Furniture,Chairs,"Hon Executive Leather Armchair, Red",3865
FUR-CH-10004790,Furniture,Chairs,"Office Star Bag Chairs, Black",3913
FUR-CH-10002927,Furniture,Chairs,"Office Star Swivel Stool, Black",3919
FUR-CH-10001490,Furniture,Chairs,"Novimex Executive Leather Armchair, Red",3968
FUR-CH-10002288,Furniture,Chairs,"SAFCO Bag Chairs, Red",3999
FUR-CH-10002117,Furniture,Chairs,"Hon Steel Folding Chair, Red",4026
FUR-CH-10000656,Furniture,Chairs,"Hon Swivel Stool, Adjustable",4079
FUR-CH-10001634,Furniture,Chairs,"Novimex Rocking Chair, Adjustable",4080
FUR-CH-10001114,Furniture,Chairs,"Hon Chairmat, Set of Two",4081
FUR-CH-10001282,Furniture,Chairs,"Hon Bag Chairs, Adjustable",4082
FUR-CH-10001658,Furniture,Chairs,"SAFCO Chairmat, Adjustable",4083
FUR-CH-10002727,Furniture,Chairs,"SAFCO Bag Chairs, Set of Two",4087
FUR-CH-10002132,Furniture,Chairs,"Hon Rocking Chair, Black",4094
FUR-CH-10002093,Furniture,Chairs,"Harbour Creations Rocking Chair, Adjustable",4095
FUR-CH-10001130,Furniture,Chairs,"Harbour Creations Swivel Stool, Set of Two",4096
FUR-CH-10004685,Furniture,Chairs,"Harbour Creations Swivel Stool, Set of Two",4135
FUR-CH-10004801,Furniture,Chairs,"Office Star Bag Chairs, Set of Two",4149
FUR-CH-10001701,Furniture,Chairs,"Hon Chairmat, Set of Two",4153
FUR-CH-10002438,Furniture,Chairs,"SAFCO Executive Leather Armchair, Red",4157
FUR-CH-10002090,Furniture,Chairs,"Hon Swivel Stool, Adjustable",4181
FUR-CH-10004606,Furniture,Chairs,"Hon Rocking Chair, Red",4183
FUR-CH-10003249,Furniture,Chairs,"Novimex Chairmat, Adjustable",4205
FUR-SAF-10004252,Furniture,Chairs,"SAFCO Executive Leather Armchair, Adjustable",4208
FUR-NOV-10000222,Furniture,Chairs,"Novimex Steel Folding Chair, Adjustable",4212
FUR-CH-10001039,Furniture,Chairs,"Harbour Creations Rocking Chair, Adjustable",4244
FUR-CH-10002991,Furniture,Chairs,"Novimex Steel Folding Chair, Adjustable",4245
FUR-CH-10000988,Furniture,Chairs,Hon Olson Stacker Stools,4259
FUR-CH-10003817,Furniture,Chairs,"Global Value Steno Chair, Gray",4271
FUR-CH-10000885,Furniture,Chairs,"Hon Executive Leather Armchair, Adjustable",4331
FUR-CH-10004920,Furniture,Chairs,"Office Star Chairmat, Red",4334
FUR-CH-10002555,Furniture,Chairs,"Novimex Rocking Chair, Black",4335
FUR-NOV-10003195,Furniture,Chairs,"Novimex Chairmat, Red",4343
FUR-CH-10001051,Furniture,Chairs,"Hon Chairmat, Red",4373
FUR-CH-10001237,Furniture,Chairs,"Hon Swivel Stool, Black",4374
FUR-CH-10002010,Furniture,Chairs,"Office Star Bag Chairs, Adjustable",4421
FUR-CH-10004792,Furniture,Chairs,"SAFCO Swivel Stool, Set of Two",4427
FUR-CH-10000825,Furniture,Chairs,"SAFCO Chairmat, Red",4461
FUR-CH-10003910,Furniture,Chairs,"Harbour Creations Chairmat, Adjustable",4468
FUR-CH-10001752,Furniture,Chairs,"Harbour Creations Steel Folding Chair, Black",4475
FUR-CH-10004576,Furniture,Chairs,"Hon Bag Chairs, Adjustable",4479
FUR-CH-10001913,Furniture,Chairs,"Office Star Swivel Stool, Adjustable",4509
FUR-CH-10003597,Furniture,Chairs,"SAFCO Executive Leather Armchair, Set of Two",4510
FUR-CH-10000373,Furniture,Chairs,"Hon Steel Folding Chair, Set of Two",4534
FUR-CH-10004287,Furniture,Chairs,SAFCO Arco Folding Chair,4539
FUR-CH-10002304,Furniture,Chairs,"Global Stack Chair without Arms, Black",4541
FUR-CH-10004151,Furniture,Chairs,"Harbour Creations Steel Folding Chair, Red",4548
FUR-CH-10001347,Furniture,Chairs,"SAFCO Steel Folding Chair, Black",4549
FUR-CH-10004992,Furniture,Chairs,"Hon Bag Chairs, Red",4551
FUR-CH-10002481,Furniture,Chairs,"Hon Executive Leather Armchair, Adjustable",4563
FUR-CH-10000863,Furniture,Chairs,Novimex Swivel Fabric Task Chair,4567
FUR-OFF-10002330,Furniture,Chairs,"Office Star Executive Leather Armchair, Black",4573
FUR-CH-10004242,Furniture,Chairs,"Office Star Steel Folding Chair, Black",4582
FUR-CH-10004054,Furniture,Chairs,"Hon Rocking Chair, Set of Two",4620
FUR-CH-10004899,Furniture,Chairs,"SAFCO Rocking Chair, Adjustable",4621
FUR-CH-10003697,Furniture,Chairs,"Novimex Chairmat, Adjustable",4625
FUR-CH-10002291,Furniture,Chairs,"Hon Bag Chairs, Set of Two",4661
FUR-CH-10003982,Furniture,Chairs,"Harbour Creations Swivel Stool, Adjustable",4721
FUR-CH-10004997,Furniture,Chairs,Hon Every-Day Series Multi-Task Chairs,4733
FUR-CH-10001871,Furniture,Chairs,"Harbour Creations Steel Folding Chair, Set of Two",4757
FUR-CH-10001317,Furniture,Chairs,"Harbour Creations Rocking Chair, Red",4766
FUR-CH-10000660,Furniture,Chairs,"Novimex Executive Leather Armchair, Adjustable",4773
FUR-CH-10000595,Furniture,Chairs,Safco Contoured Stacking Chairs,4799
FUR-SAF-10004525,Furniture,Chairs,"SAFCO Swivel Stool, Red",4825
FUR-SAF-10001949,Furniture,Chairs,"SAFCO Bag Chairs, Red",4826
FUR-CH-10002938,Furniture,Chairs,"Novimex Chairmat, Red",4899
FUR-CH-10001220,Furniture,Chairs,"Harbour Creations Chairmat, Set of Two",4904
FUR-CH-10002944,Furniture,Chairs,"Office Star Steel Folding Chair, Black",4905
FUR-CH-10001191,Furniture,Chairs,"Hon Bag Chairs, Adjustable",4907
FUR-HON-10003137,Furniture,Chairs,"Hon Steel Folding Chair, Set of Two",4964
FUR-NOV-10000669,Furniture,Chairs,"Novimex Chairmat, Set of Two",4984
FUR-CH-10003559,Furniture,Chairs,"Office Star Chairmat, Black",4991
FUR-CH-10004082,Furniture,Chairs,"Office Star Chairmat, Black",5061
FUR-CH-10004827,Furniture,Chairs,"SAFCO Chairmat, Black",5095
FUR-CH-10001021,Furniture,Chairs,"Office Star Rocking Chair, Red",5098
FUR-CH-10000233,Furniture,Chairs,"SAFCO Chairmat, Red",5103
FUR-CH-10004495,Furniture,Chairs,"Global Leather and Oak Executive Chair, Black",5107
FUR-CH-10003833,Furniture,Chairs,Novimex Fabric Task Chair,5108
FUR-CH-10000685,Furniture,Chairs,"Hon Executive Leather Armchair, Black",5117
FUR-CH-10000336,Furniture,Chairs,"SAFCO Chairmat, Set of Two",5129
FUR-CH-10000843,Furniture,Chairs,"SAFCO Executive Leather Armchair, Set of Two",5135
FUR-OFF-10004824,Furniture,Chairs,"Office Star Swivel Stool, Set of Two",5142
FUR-CH-10002923,Furniture,Chairs,"SAFCO Rocking Chair, Set of Two",5157
FUR-CH-10003771,Furniture,Chairs,"Harbour Creations Steel Folding Chair, Black",5159
FUR-CH-10000994,Furniture,Chairs,"Office Star Steel Folding Chair, Red",5160
FUR-CH-10004306,Furniture,Chairs,"SAFCO Bag Chairs, Red",5193
FUR-CH-10003419,Furniture,Chairs,"Hon Steel Folding Chair, Black",5202
FUR-CH-10002749,Furniture,Chairs,"SAFCO Chairmat, Black",5207
FUR-CH-10001795,Furniture,Chairs,"SAFCO Steel Folding Chair, Red",5222
FUR-HON-10000344,Furniture,Chairs,"Hon Rocking Chair, Red",5251
FUR-OFF-10001187,Furniture,Chairs,"Office Star Chairmat, Black",5252
FUR-HAR-10003770,Furniture,Chairs,"Harbour Creations Steel Folding Chair, Set of Two",5257
FUR-HAR-10002697,Furniture,Chairs,"Harbour Creations Executive Leather Armchair, Adjustable",5258
FUR-CH-10004478,Furniture,Chairs,"Hon Steel Folding Chair, Adjustable",5328
FUR-CH-10004011,Furniture,Chairs,"SAFCO Executive Leather Armchair, Black",5329
FUR-CH-10001270,Furniture,Chairs,"SAFCO Rocking Chair, Black",5332
FUR-CH-10001944,Furniture,Chairs,"Harbour Creations Rocking Chair, Red",5334
FUR-CH-10003485,Furniture,Chairs,"Hon Swivel Stool, Set of Two",5365
FUR-SAF-10001136,Furniture,Chairs,"SAFCO Swivel Stool, Adjustable",5431
FUR-CH-10001278,Furniture,Chairs,"SAFCO Chairmat, Black",5448
FUR-CH-10003365,Furniture,Chairs,"Office Star Executive Leather Armchair, Adjustable",5452
FUR-CH-10000068,Furniture,Chairs,"Office Star Steel Folding Chair, Red",5506
FUR-CH-10003440,Furniture,Chairs,"Harbour Creations Steel Folding Chair, Set of Two",5518
FUR-CH-10001394,Furniture,Chairs,Global Leather Executive Chair,5527
FUR-CH-10003512,Furniture,Chairs,"Novimex Bag Chairs, Set of Two",5533
FUR-CH-10002816,Furniture,Chairs,"Harbour Creations Swivel Stool, Adjustable",5567
FUR-CH-10000454,Furniture,Chairs,"Hon Deluxe Fabric Upholstered Stacking Chairs, Rounded Back",5611
FUR-HAR-10001374,Furniture,Chairs,"Harbour Creations Executive Leather Armchair, Red",5626
FUR-CH-10003379,Furniture,Chairs,Global Commerce Series High-Back Swivel/Tilt Chairs,5672
FUR-CH-10003846,Furniture,Chairs,Hon Valutask Swivel Chairs,5676
FUR-CH-10004698,Furniture,Chairs,"Padded Folding Chairs, Black, 4/Carton",5682
FUR-CH-10004477,Furniture,Chairs,"Global Push Button Manager's Chair, Indigo",5705
FUR-CH-10002965,Furniture,Chairs,"Global Leather Highback Executive Chair with Pneumatic Height Adjustment, Black",5709
FUR-CH-10003606,Furniture,Chairs,SAFCO Folding Chair Trolley,5718
FUR-CH-10001146,Furniture,Chairs,"Global Task Chair, Black",5720
FUR-CH-10004289,Furniture,Chairs,Global Super Steno Chair,5721
FUR-CH-10000229,Furniture,Chairs,Global Enterprise Series Seating High-Back Swivel/Tilt Chairs,5722
FUR-CH-10001146,Furniture,Chairs,"Global Value Mid-Back Manager's Chair, Gray",5740
FUR-CH-10004754,Furniture,Chairs,"Global Stack Chair with Arms, Black",5745
FUR-CH-10000665,Furniture,Chairs,"Global Airflow Leather Mesh Back Chair, Black",5750
FUR-CH-10004540,Furniture,Chairs,Global Chrome Stack Chair,5763
FUR-CH-10002602,Furniture,Chairs,DMI Arturo Collection Mission-style Design Wood Chair,5766
FUR-CH-10000513,Furniture,Chairs,High-Back Leather Manager's Chair,5767
FUR-CH-10000422,Furniture,Chairs,Global Highback Leather Tilter in Burgundy,5779
FUR-CH-10004063,Furniture,Chairs,Global Deluxe High-Back Manager's Chair,5898
FUR-CH-10001190,Furniture,Chairs,Global Deluxe High-Back Office Chair in Storm,5899
FUR-CH-10004725,Furniture,Chairs,"Office Star Bag Chairs, Set of Two",5918
FUR-CH-10003195,Furniture,Chairs,"Hon Rocking Chair, Red",5920
FUR-CH-10004783,Furniture,Chairs,"Novimex Chairmat, Red",5924
FUR-CH-10001647,Furniture,Chairs,"Novimex Swivel Stool, Black",5940
FUR-CH-10002374,Furniture,Chairs,"SAFCO Bag Chairs, Black",5966
FUR-HON-10001689,Furniture,Chairs,"Hon Executive Leather Armchair, Red",5990
FUR-HON-10001622,Furniture,Chairs,"Hon Chairmat, Red",6000
FUR-CH-10000694,Furniture,Chairs,"Novimex Steel Folding Chair, Red",6015
FUR-CH-10004491,Furniture,Chairs,"SAFCO Swivel Stool, Adjustable",6016
FUR-CH-10002002,Furniture,Chairs,"Hon Rocking Chair, Black",6027
FUR-CH-10001674,Furniture,Chairs,"Office Star Chairmat, Adjustable",6028
FUR-CH-10001044,Furniture,Chairs,"Harbour Creations Steel Folding Chair, Adjustable",6030
FUR-CH-10002780,Furniture,Chairs,"Office Star Executive Leather Armchair, Black",6035
FUR-CH-10001262,Furniture,Chairs,"Novimex Bag Chairs, Red",6039
FUR-CH-10004572,Furniture,Chairs,"Office Star Executive Leather Armchair, Adjustable",6062
FUR-CH-10002989,Furniture,Chairs,"SAFCO Bag Chairs, Adjustable",6117
FUR-CH-10003875,Furniture,Chairs,"Office Star Swivel Stool, Set of Two",6121
FUR-CH-10004007,Furniture,Chairs,"SAFCO Steel Folding Chair, Set of Two",6122
FUR-CH-10000677,Furniture,Chairs,"Hon Steel Folding Chair, Red",6139
FUR-CH-10003107,Furniture,Chairs,"Office Star Swivel Stool, Red",6155
FUR-CH-10003392,Furniture,Chairs,"Novimex Steel Folding Chair, Red",6156
FUR-SAF-10002557,Furniture,Chairs,"SAFCO Steel Folding Chair, Red",6231
FUR-CH-10003883,Furniture,Chairs,"Office Star Swivel Stool, Set of Two",6240
FUR-CH-10000133,Furniture,Chairs,"Harbour Creations Steel Folding Chair, Black",6259
FUR-CH-10002585,Furniture,Chairs,"Harbour Creations Executive Leather Armchair, Black",6262
FUR-CH-10001607,Furniture,Chairs,"Novimex Swivel Stool, Set of Two",6268
FUR-CH-10001973,Furniture,Chairs,Office Star Flex Back Scooter Chair with White Frame,6269
FUR-CH-10004255,Furniture,Chairs,"SAFCO Executive Leather Armchair, Red",6277
FUR-CH-10002477,Furniture,Chairs,"Harbour Creations Executive Leather Armchair, Red",6291
FUR-CH-10002891,Furniture,Chairs,"Hon Executive Leather Armchair, Adjustable",6292
FUR-CH-10001695,Furniture,Chairs,"Harbour Creations Chairmat, Set of Two",6298
FUR-CH-10002970,Furniture,Chairs,"Harbour Creations Chairmat, Black",6302
FUR-CH-10001891,Furniture,Chairs,Global Deluxe Office Fabric Chairs,6316
FUR-CH-10002331,Furniture,Chairs,Hon 4700 Series Mobuis Mid-Back Task Chairs with Adjustable Arms,6341
FUR-CH-10000309,Furniture,Chairs,Global Comet Stacking Arm Chair,6348
FUR-CH-10004860,Furniture,Chairs,Global Low Back Tilter Chair,6358
FUR-CH-10000015,Furniture,Chairs,Hon Multipurpose Stacking Arm Chairs,6390
FUR-CH-10002084,Furniture,Chairs,Hon Mobius Operator's Chair,6402
FUR-CH-10000847,Furniture,Chairs,Global Executive Mid-Back Manager's Chair,6410
FUR-CH-10003199,Furniture,Chairs,Office Star - Contemporary Task Swivel Chair,6411
FUR-CH-10000225,Furniture,Chairs,"Global Geo Office Task Chair, Gray",6475
FUR-CH-10003077,Furniture,Chairs,"SAFCO Bag Chairs, Adjustable",6525
FUR-CH-10000852,Furniture,Chairs,"Novimex Chairmat, Set of Two",6530
FUR-CH-10001897,Furniture,Chairs,"Hon Executive Leather Armchair, Adjustable",6531
FUR-CH-10004309,Furniture,Chairs,"SAFCO Steel Folding Chair, Adjustable",6568
FUR-CH-10004795,Furniture,Chairs,"SAFCO Swivel Stool, Red",6593
FUR-CH-10003941,Furniture,Chairs,"Novimex Executive Leather Armchair, Adjustable",6595
FUR-CH-10002320,Furniture,Chairs,Hon Pagoda Stacking Chairs,6599
FUR-CH-10000105,Furniture,Chairs,"Novimex Bag Chairs, Black",6606
FUR-CH-10004387,Furniture,Chairs,"Hon Chairmat, Red",6632
FUR-CH-10000932,Furniture,Chairs,"Harbour Creations Executive Leather Armchair, Red",6643
FUR-CH-10003109,Furniture,Chairs,"Office Star Rocking Chair, Set of Two",6659
FUR-CH-10000171,Furniture,Chairs,"SAFCO Steel Folding Chair, Adjustable",6679
FUR-CH-10002344,Furniture,Chairs,"Novimex Rocking Chair, Adjustable",6694
FUR-NOV-10003754,Furniture,Chairs,"Novimex Rocking Chair, Set of Two",6786
FUR-CH-10003853,Furniture,Chairs,"Harbour Creations Steel Folding Chair, Red",6837
FUR-CH-10002017,Furniture,Chairs,SAFCO Optional Arm Kit for Workspace Cribbage Stacking Chair,6856
FUR-CH-10002209,Furniture,Chairs,"Novimex Chairmat, Red",6880
FUR-CH-10003822,Furniture,Chairs,"SAFCO Steel Folding Chair, Adjustable",6881
FUR-CH-10002439,Furniture,Chairs,"Iceberg Nesting Folding Chair, 19w x 6d x 43h",6888
FUR-CH-10002335,Furniture,Chairs,Hon GuestStacker Chair,6912
FUR-CH-10004049,Furniture,Chairs,"SAFCO Bag Chairs, Set of Two",6933
FUR-CH-10003232,Furniture,Chairs,"Harbour Creations Executive Leather Armchair, Adjustable",6935
FUR-CH-10004580,Furniture,Chairs,"Office Star Bag Chairs, Adjustable",6947
FUR-CH-10001322,Furniture,Chairs,"Harbour Creations Executive Leather Armchair, Adjustable",6948
FUR-CH-10003061,Furniture,Chairs,"Global Leather Task Chair, Black",6965
FUR-CH-10002880,Furniture,Chairs,"Global High-Back Leather Tilter, Burgundy",6988
FUR-CH-10004875,Furniture,Chairs,Harbour Creations 67200 Series Stacking Chairs,6990
FUR-CH-10002372,Furniture,Chairs,Office Star - Ergonomically Designed Knee Chair,6997
FUR-CH-10001262,Furniture,Chairs,"Office Star Rocking Chair, Set of Two",7007
FUR-CH-10000027,Furniture,Chairs,"SAFCO Executive Leather Armchair, Black",7008
FUR-CH-10004009,Furniture,Chairs,"SAFCO Rocking Chair, Set of Two",7035
FUR-CH-10000479,Furniture,Chairs,"Harbour Creations Executive Leather Armchair, Adjustable",7054
FUR-OFF-10003104,Furniture,Chairs,"Office Star Bag Chairs, Red",7066
FUR-HAR-10000870,Furniture,Chairs,"Harbour Creations Bag Chairs, Black",7076
FUR-CH-10001726,Furniture,Chairs,"Office Star Steel Folding Chair, Adjustable",7098
FUR-CH-10003355,Furniture,Chairs,"Harbour Creations Chairmat, Adjustable",7113
FUR-CH-10003842,Furniture,Chairs,"Harbour Creations Chairmat, Red",7115
FUR-CH-10001832,Furniture,Chairs,"Novimex Rocking Chair, Red",7203
FUR-NOV-10004602,Furniture,Chairs,"Novimex Executive Leather Armchair, Red",7254
FUR-CH-10003062,Furniture,Chairs,"Novimex Chairmat, Red",7268
FUR-HON-10003593,Furniture,Chairs,"Hon Steel Folding Chair, Adjustable",7285
FUR-CH-10001802,Furniture,Chairs,Hon Every-Day Chair Series Swivel Task Chairs,7286
FUR-CH-10001270,Furniture,Chairs,Harbour Creations Steel Folding Chair,7289
FUR-CH-10004675,Furniture,Chairs,"Lifetime Advantage Folding Chairs, 4/Carton",7290
FUR-CH-10001831,Furniture,Chairs,"Novimex Rocking Chair, Set of Two",7334
FUR-CH-10002053,Furniture,Chairs,"Novimex Chairmat, Set of Two",7363
FUR-CH-10000749,Furniture,Chairs,Office Star - Ergonomic Mid Back Chair with 2-Way Adjustable Arms,7392
FUR-CH-10002091,Furniture,Chairs,"Harbour Creations Swivel Stool, Set of Two",7423
FUR-SAF-10004664,Furniture,Chairs,"SAFCO Steel Folding Chair, Set of Two",7427
FUR-CH-10003423,Furniture,Chairs,"Novimex Rocking Chair, Set of Two",7447
FUR-CH-10000214,Furniture,Chairs,"Harbour Creations Bag Chairs, Black",7451
FUR-NOV-10004925,Furniture,Chairs,"Novimex Executive Leather Armchair, Black",7455
FUR-CH-10004467,Furniture,Chairs,"Harbour Creations Chairmat, Set of Two",7471
FUR-CH-10003168,Furniture,Chairs,"Office Star Swivel Stool, Set of Two",7477
FUR-CH-10001482,Furniture,Chairs,Office Star - Mesh Screen back chair with Vinyl seat,7533
FUR-CH-10003848,Furniture,Chairs,"Office Star Rocking Chair, Adjustable",7566
FUR-OFF-10002740,Furniture,Chairs,"Office Star Steel Folding Chair, Set of Two",7581
FUR-HAR-10002223,Furniture,Chairs,"Harbour Creations Chairmat, Set of Two",7614
FUR-CH-10003702,Furniture,Chairs,"Office Star Rocking Chair, Adjustable",7623
FUR-CH-10003608,Furniture,Chairs,"SAFCO Chairmat, Set of Two",7630
FUR-CH-10002940,Furniture,Chairs,"Harbour Creations Chairmat, Black",7642
FUR-CH-10000430,Furniture,Chairs,"SAFCO Swivel Stool, Red",7654
FUR-CH-10004751,Furniture,Chairs,"Hon Steel Folding Chair, Black",7718
FUR-CH-10002980,Furniture,Chairs,"Hon Executive Leather Armchair, Red",7735
FUR-CH-10004026,Furniture,Chairs,"SAFCO Rocking Chair, Adjustable",7736
FUR-CH-10002793,Furniture,Chairs,"Office Star Bag Chairs, Adjustable",7744
FUR-CH-10003097,Furniture,Chairs,"Hon Rocking Chair, Black",7762
FUR-CH-10000546,Furniture,Chairs,"Harbour Creations Executive Leather Armchair, Adjustable",7815
FUR-SAF-10003819,Furniture,Chairs,"SAFCO Swivel Stool, Set of Two",7837
FUR-CH-10001037,Furniture,Chairs,"SAFCO Chairmat, Adjustable",7840
FUR-CH-10003733,Furniture,Chairs,"Hon Steel Folding Chair, Set of Two",7884
FUR-CH-10003844,Furniture,Chairs,"Office Star Rocking Chair, Black",7888
FUR-CH-10001492,Furniture,Chairs,"Novimex Executive Leather Armchair, Adjustable",7892
FUR-CH-10001332,Furniture,Chairs,"Office Star Executive Leather Armchair, Red",7916
FUR-CH-10004736,Furniture,Chairs,"Novimex Bag Chairs, Adjustable",7926
FUR-CH-10000025,Furniture,Chairs,"Office Star Rocking Chair, Set of Two",7955
FUR-HON-10000722,Furniture,Chairs,"Hon Rocking Chair, Adjustable",7973
FUR-CH-10000848,Furniture,Chairs,"SAFCO Executive Leather Armchair, Set of Two",7999
FUR-CH-10004536,Furniture,Chairs,"Novimex Bag Chairs, Set of Two",8000
FUR-CH-10004040,Furniture,Chairs,"Office Star Steel Folding Chair, Set of Two",8001
FUR-CH-10002819,Furniture,Chairs,"SAFCO Chairmat, Red",8003
FUR-CH-10004969,Furniture,Chairs,"Office Star Bag Chairs, Red",8005
FUR-CH-10004441,Furniture,Chairs,"SAFCO Bag Chairs, Black",8018
FUR-CH-10000790,Furniture,Chairs,"Hon Chairmat, Adjustable",8019
FUR-CH-10000527,Furniture,Chairs,"Office Star Executive Leather Armchair, Adjustable",8022
FUR-CH-10001797,Furniture,Chairs,"Safco Chair Connectors, 6/Carton",8029
FUR-CH-10002224,Furniture,Chairs,"Hon Rocking Chair, Set of Two",8041
FUR-CH-10002316,Furniture,Chairs,"Harbour Creations Bag Chairs, Red",8074
FUR-CH-10003341,Furniture,Chairs,"Office Star Chairmat, Red",8077
FUR-CH-10002974,Furniture,Chairs,"SAFCO Rocking Chair, Red",8090
FUR-CH-10003706,Furniture,Chairs,"Harbour Creations Chairmat, Black",8123
FUR-CH-10002574,Furniture,Chairs,"Office Star Chairmat, Black",8143
FUR-CH-10003616,Furniture,Chairs,"Novimex Executive Leather Armchair, Adjustable",8153
FUR-CH-10003396,Furniture,Chairs,Global Deluxe Steno Chair,8230
FUR-CH-10002758,Furniture,Chairs,"Hon Deluxe Fabric Upholstered Stacking Chairs, Squared Back",8235
FUR-CH-10002044,Furniture,Chairs,"Office Star - Contemporary Task Swivel chair with 2-way adjustable arms, Plum",8241
FUR-CH-10001714,Furniture,Chairs,"Global Leather & Oak Executive Chair, Burgundy",8247
FUR-CH-10002126,Furniture,Chairs,Hon Deluxe Fabric Upholstered Stacking Chairs,8249
FUR-HAR-10004129,Furniture,Chairs,"Harbour Creations Swivel Stool, Set of Two",8314
FUR-CH-10002543,Furniture,Chairs,"SAFCO Steel Folding Chair, Set of Two",8321
FUR-CH-10004572,Furniture,Chairs,"Harbour Creations Bag Chairs, Red",8342
FUR-CH-10001415,Furniture,Chairs,"Office Star Executive Leather Armchair, Red",8343
FUR-HAR-10001144,Furniture,Chairs,"Harbour Creations Bag Chairs, Adjustable",8354
FUR-HON-10003653,Furniture,Chairs,"Hon Steel Folding Chair, Black",8371
FUR-CH-10003623,Furniture,Chairs,"SAFCO Steel Folding Chair, Black",8387
FUR-CH-10004338,Furniture,Chairs,"Hon Bag Chairs, Red",8388
FUR-SAF-10001873,Furniture,Chairs,"SAFCO Bag Chairs, Set of Two",8393
FUR-CH-10002693,Furniture,Chairs,"Harbour Creations Swivel Stool, Set of Two",8397
FUR-CH-10004886,Furniture,Chairs,Bevis Steel Folding Chairs,8427
FUR-CH-10003312,Furniture,Chairs,"SAFCO Swivel Stool, Adjustable",8440
FUR-CH-10002212,Furniture,Chairs,"Hon Chairmat, Black",8446
FUR-CH-10004277,Furniture,Chairs,"SAFCO Swivel Stool, Black",8449
FUR-CH-10001784,Furniture,Chairs,"SAFCO Bag Chairs, Adjustable",8466
FUR-OFF-10004495,Furniture,Chairs,"Office Star Swivel Stool, Black",8495
FUR-HAR-10002328,Furniture,Chairs,"Harbour Creations Swivel Stool, Black",8509
FUR-CH-10004626,Furniture,Chairs,Office Star Flex Back Scooter Chair with Aluminum Finish Frame,8554
FUR-CH-10004089,Furniture,Chairs,"Harbour Creations Bag Chairs, Set of Two",8605
FUR-CH-10004065,Furniture,Chairs,"SAFCO Bag Chairs, Adjustable",8633
FUR-CH-10001271,Furniture,Chairs,"SAFCO Executive Leather Armchair, Red",8675
FUR-SAF-10002180,Furniture,Chairs,"SAFCO Executive Leather Armchair, Red",8684
FUR-CH-10000777,Furniture,Chairs,"Harbour Creations Executive Leather Armchair, Adjustable",8691
FUR-CH-10000326,Furniture,Chairs,"SAFCO Rocking Chair, Red",8718
FUR-CH-10000788,Furniture,Chairs,"Hon Rocking Chair, Adjustable",8719
FUR-HON-10002941,Furniture,Chairs,"Hon Swivel Stool, Set of Two",8792
FUR-CH-10000110,Furniture,Chairs,"Hon Bag Chairs, Red",8843
FUR-HON-10000191,Furniture,Chairs,"Hon Bag Chairs, Adjustable",8851
FUR-CH-10000302,Furniture,Chairs,"Novimex Rocking Chair, Red",8885
FUR-CH-10002882,Furniture,Chairs,"Harbour Creations Bag Chairs, Adjustable",8887
FUR-CH-10003448,Furniture,Chairs,"Harbour Creations Bag Chairs, Set of Two",8907
FUR-HAR-10003124,Furniture,Chairs,"Harbour Creations Chairmat, Red",8937
FUR-NOV-10002939,Furniture,Chairs,"Novimex Swivel Stool, Black",8948
FUR-CH-10003312,Furniture,Chairs,Hon 2090 ?Pillow Soft? Series Mid Back Swivel/Tilt Chairs,8967
FUR-CH-10001043,Furniture,Chairs,"Harbour Creations Bag Chairs, Red",8982
FUR-CH-10003499,Furniture,Chairs,"SAFCO Swivel Stool, Red",8985
FUR-NOV-10003053,Furniture,Chairs,"Novimex Bag Chairs, Set of Two",8988
FUR-CH-10001313,Furniture,Chairs,"SAFCO Steel Folding Chair, Black",8993
FUR-CH-10002768,Furniture,Chairs,"Office Star Swivel Stool, Black",9002
FUR-CH-10004095,Furniture,Chairs,"Novimex Steel Folding Chair, Black",9025
FUR-CH-10000663,Furniture,Chairs,"Hon Steel Folding Chair, Adjustable",9042
FUR-CH-10001972,Furniture,Chairs,"Hon Chairmat, Adjustable",9058
FUR-CH-10001616,Furniture,Chairs,"Harbour Creations Bag Chairs, Red",9082
FUR-CH-10003750,Furniture,Chairs,"Harbour Creations Rocking Chair, Red",9113
FUR-CH-10003033,Furniture,Chairs,"Novimex Rocking Chair, Adjustable",9119
FUR-CH-10004355,Furniture,Chairs,"Harbour Creations Rocking Chair, Set of Two",9138
FUR-CH-10004983,Furniture,Chairs,Office Star - Mid Back Dual function Ergonomic High Back Chair with 2-Way Adjustable Arms,9159
FUR-CH-10003968,Furniture,Chairs,Novimex Turbo Task Chair,9161
FUR-CH-10002774,Furniture,Chairs,"Global Deluxe Stacking Chair, Gray",9207
FUR-CH-10003761,Furniture,Chairs,Global Italian Leather Office Chair,9239
FUR-NOV-10004962,Furniture,Chairs,"Novimex Bag Chairs, Adjustable",9259
FUR-CH-10000213,Furniture,Chairs,"Hon Swivel Stool, Red",9281
FUR-CH-10000996,Furniture,Chairs,"Harbour Creations Steel Folding Chair, Black",9287
FUR-CH-10000857,Furniture,Chairs,"Harbour Creations Rocking Chair, Black",9326
FUR-OFF-10002395,Furniture,Chairs,"Office Star Rocking Chair, Red",9328
FUR-NOV-10002655,Furniture,Chairs,"Novimex Swivel Stool, Adjustable",9329
FUR-CH-10003558,Furniture,Chairs,"Hon Swivel Stool, Black",9391
FUR-CH-10004609,Furniture,Chairs,"Harbour Creations Steel Folding Chair, Adjustable",9395
FUR-CH-10000689,Furniture,Chairs,"SAFCO Chairmat, Red",9432
FUR-CH-10004448,Furniture,Chairs,"Hon Chairmat, Set of Two",9463
FUR-CH-10002273,Furniture,Chairs,"Harbour Creations Rocking Chair, Black",9481
FUR-HON-10004632,Furniture,Chairs,"Hon Chairmat, Black",9529
FUR-CH-10001414,Furniture,Chairs,"Hon Chairmat, Red",9534
FUR-CH-10002073,Furniture,Chairs,Hon Olson Stacker Chairs,9591
FUR-CH-10004194,Furniture,Chairs,"Harbour Creations Steel Folding Chair, Set of Two",9614
FUR-CH-10002033,Furniture,Chairs,"Harbour Creations Executive Leather Armchair, Adjustable",9615
FUR-CH-10004844,Furniture,Chairs,"Novimex Swivel Stool, Adjustable",9640
FUR-CH-10001588,Furniture,Chairs,"Hon Executive Leather Armchair, Red",9646
FUR-CH-10000727,Furniture,Chairs,"Office Star Chairmat, Set of Two",9675
FUR-CH-10001332,Furniture,Chairs,"Hon Chairmat, Black",9709
FUR-CH-10002152,Furniture,Chairs,"Hon Bag Chairs, Set of Two",9791
FUR-CH-10002589,Furniture,Chairs,"SAFCO Steel Folding Chair, Red",9825
FUR-CH-10004705,Furniture,Chairs,"Hon Executive Leather Armchair, Black",9828
FUR-CH-10002780,Furniture,Chairs,Office Star - Task Chair with Contemporary Loop Arms,9881
FUR-CH-10001187,Furniture,Chairs,"Novimex Chairmat, Set of Two",9910
FUR-CH-10002335,Furniture,Chairs,"Hon Bag Chairs, Set of Two",9913
FUR-CH-10001536,Furniture,Chairs,"Harbour Creations Chairmat, Red",9914
FUR-CH-10003026,Furniture,Chairs,"Novimex Bag Chairs, Adjustable",9925
FUR-CH-10000105,Furniture,Chairs,"Hon Steel Folding Chair, Set of Two",9926
FUR-CH-10002373,Furniture,Chairs,"Office Star Rocking Chair, Set of Two",9932
FUR-CH-10003956,Furniture,Chairs,Novimex High-Tech Fabric Mesh Task Chair,9943
FUR-CH-10001663,Furniture,Chairs,"SAFCO Chairmat, Set of Two",9958
FUR-CH-10000214,Furniture,Chairs,"Hon Rocking Chair, Set of Two",10000
FUR-CH-10000666,Furniture,Chairs,"SAFCO Chairmat, Black",10001
FUR-CH-10000068,Furniture,Chairs,"SAFCO Rocking Chair, Black",10012
FUR-CH-10000182,Furniture,Chairs,"Office Star Bag Chairs, Adjustable",10076
FUR-CH-10003874,Furniture,Chairs,"Hon Chairmat, Red",10089
FUR-CH-10004910,Furniture,Chairs,"Office Star Executive Leather Armchair, Red",10097
FUR-CH-10001191,Furniture,Chairs,"Office Star Steel Folding Chair, Red",10109
FUR-CH-10004050,Furniture,Chairs,"Novimex Executive Leather Armchair, Adjustable",10135
FUR-CH-10003353,Furniture,Chairs,"Hon Executive Leather Armchair, Black",10156
FUR-CH-10000604,Furniture,Chairs,"Office Star Rocking Chair, Set of Two",10157
FUR-CH-10000089,Furniture,Chairs,"Hon Rocking Chair, Black",10161
FUR-CH-10002226,Furniture,Chairs,"Hon Steel Folding Chair, Black",10220
FUR-CH-10000783,Furniture,Chairs,"Office Star Executive Leather Armchair, Adjustable",10223
FUR-CH-10000690,Furniture,Chairs,"Novimex Bag Chairs, Black",10228
FUR-CH-10000136,Furniture,Chairs,"Harbour Creations Steel Folding Chair, Set of Two",10236
FUR-CH-10002275,Furniture,Chairs,"Novimex Executive Leather Armchair, Adjustable",10244
FUR-SAF-10000351,Furniture,Chairs,"SAFCO Chairmat, Black",10251
FUR-SAF-10002757,Furniture,Chairs,"SAFCO Rocking Chair, Red",10257
FUR-CH-10003794,Furniture,Chairs,"SAFCO Bag Chairs, Set of Two",10267
FUR-CH-10001919,Furniture,Chairs,"Harbour Creations Steel Folding Chair, Red",10274
FUR-CH-10003621,Furniture,Chairs,"Harbour Creations Chairmat, Adjustable",10350
FUR-CH-10003155,Furniture,Chairs,"Harbour Creations Bag Chairs, Red",10377
FUR-CH-10001536,Furniture,Chairs,"Harbour Creations Swivel Stool, Red",10378
FUR-CH-10003282,Furniture,Chairs,"SAFCO Bag Chairs, Black",10405
FUR-CH-10004943,Furniture,Chairs,"Office Star Bag Chairs, Adjustable",10452
FUR-CH-10000774,Furniture,Chairs,"SAFCO Rocking Chair, Set of Two",10454
FUR-CH-10002817,Furniture,Chairs,"Harbour Creations Chairmat, Set of Two",10467
FUR-CH-10004642,Furniture,Chairs,"Hon Steel Folding Chair, Set of Two",10469
FUR-CH-10000981,Furniture,Chairs,"Novimex Swivel Stool, Set of Two",10484
FUR-CH-10000042,Furniture,Chairs,"Harbour Creations Swivel Stool, Black",10519
FUR-CH-10003508,Furniture,Chairs,"Novimex Swivel Stool, Set of Two",10550
FUR-CH-10000470,Furniture,Chairs,"Novimex Executive Leather Armchair, Red",10587
FUR-NOV-10000323,Furniture,Chairs,"Novimex Executive Leather Armchair, Adjustable",10595
FUR-CH-10003894,Furniture,Chairs,"Harbour Creations Steel Folding Chair, Adjustable",10601
FUR-CH-10003808,Furniture,Chairs,"Harbour Creations Steel Folding Chair, Adjustable",10603
FUR-OFF-10003019,Furniture,Chairs,"Office Star Steel Folding Chair, Adjustable",10609
FUR-CH-10003180,Furniture,Chairs,"Novimex Steel Folding Chair, Adjustable",10611
FUR-CH-10003746,Furniture,Chairs,"Novimex Executive Leather Armchair, Black",10643
FUR-CH-10003618,Furniture,Chairs,"SAFCO Rocking Chair, Red",10661
FUR-CH-10003143,Furniture,Chairs,"Harbour Creations Bag Chairs, Black",10700
FUR-CH-10001805,Furniture,Chairs,"Office Star Chairmat, Set of Two",10701
FUR-CH-10002317,Furniture,Chairs,Global Enterprise Series Seating Low-Back Swivel/Tilt Chairs,10715
FUR-CH-10003355,Furniture,Chairs,"Harbour Creations Swivel Stool, Red",10729
FUR-CH-10001559,Furniture,Chairs,"SAFCO Executive Leather Armchair, Black",10733
FUR-NOV-10002107,Furniture,Chairs,"Novimex Rocking Chair, Adjustable",10763
FUR-BO-10001834,Furniture,Bookcases,"Ikea 3-Shelf Cabinet, Mobile",15
FUR-BO-10002781,Furniture,Bookcases,"Sauder Floating Shelf Set, Traditional",17
FUR-BO-10004388,Furniture,Bookcases,"Ikea Library with Doors, Metal",18
FUR-DAN-10003011,Furniture,Bookcases,"Dania Corner Shelving, Metal",23
FUR-BO-10000596,Furniture,Bookcases,"Sauder Classic Bookcase, Mobile",79
FUR-SAF-10000213,Furniture,Bookcases,"Safco Classic Bookcase, Mobile",143
FUR-DAN-10002028,Furniture,Bookcases,"Dania Classic Bookcase, Mobile",144
FUR-SAU-10002714,Furniture,Bookcases,"Sauder Corner Shelving, Pine",145
FUR-SAF-10004426,Furniture,Bookcases,"Safco 3-Shelf Cabinet, Traditional",146
FUR-IKE-10001301,Furniture,Bookcases,"Ikea Stackable Bookrack, Pine",222
FUR-SAF-10000265,Furniture,Bookcases,"Safco Library with Doors, Metal",223
FUR-SAU-10004137,Furniture,Bookcases,"Sauder Floating Shelf Set, Traditional",227
FUR-SAU-10000637,Furniture,Bookcases,"Sauder Library with Doors, Metal",283
FUR-BUS-10002040,Furniture,Bookcases,"Bush Library with Doors, Mobile",285
FUR-BUS-10002639,Furniture,Bookcases,"Bush Corner Shelving, Mobile",317
FUR-BO-10004911,Furniture,Bookcases,"Ikea Corner Shelving, Mobile",348
FUR-BO-10003549,Furniture,Bookcases,"Sauder Floating Shelf Set, Metal",366
FUR-BO-10001192,Furniture,Bookcases,"Bush Library with Doors, Mobile",372
FUR-BO-10004806,Furniture,Bookcases,"Safco Corner Shelving, Traditional",404
FUR-BO-10003046,Furniture,Bookcases,"Safco Library with Doors, Mobile",415
FUR-BO-10001147,Furniture,Bookcases,"Bush Floating Shelf Set, Metal",466
FUR-IKE-10001539,Furniture,Bookcases,"Ikea Classic Bookcase, Pine",484
FUR-SAF-10004530,Furniture,Bookcases,"Safco Floating Shelf Set, Traditional",485
FUR-SAF-10000085,Furniture,Bookcases,"Safco Library with Doors, Pine",486
FUR-BO-10003408,Furniture,Bookcases,"Ikea 3-Shelf Cabinet, Metal",491
FUR-BO-10000961,Furniture,Bookcases,"Bush Stackable Bookrack, Pine",531
FUR-BO-10004699,Furniture,Bookcases,"Dania 3-Shelf Cabinet, Mobile",534
FUR-IKE-10004815,Furniture,Bookcases,"Ikea Stackable Bookrack, Mobile",568
FUR-SAU-10000209,Furniture,Bookcases,"Sauder Corner Shelving, Metal",572
FUR-BO-10001010,Furniture,Bookcases,"Dania Corner Shelving, Mobile",596
FUR-BO-10001212,Furniture,Bookcases,"Safco Classic Bookcase, Mobile",617
FUR-SAU-10000745,Furniture,Bookcases,"Sauder 3-Shelf Cabinet, Pine",681
FUR-BUS-10004622,Furniture,Bookcases,"Bush Corner Shelving, Pine",710
FUR-SAU-10000893,Furniture,Bookcases,"Sauder Stackable Bookrack, Mobile",712
FUR-DAN-10002631,Furniture,Bookcases,"Dania 3-Shelf Cabinet, Pine",722
FUR-BO-10001668,Furniture,Bookcases,"Ikea Floating Shelf Set, Pine",738
FUR-BO-10000699,Furniture,Bookcases,"Sauder 3-Shelf Cabinet, Traditional",749
FUR-SAU-10002331,Furniture,Bookcases,"Sauder Library with Doors, Traditional",881
FUR-DAN-10001993,Furniture,Bookcases,"Dania 3-Shelf Cabinet, Mobile",884
FUR-SAF-10003469,Furniture,Bookcases,"Safco Classic Bookcase, Traditional",886
FUR-BO-10002936,Furniture,Bookcases,"Ikea Stackable Bookrack, Pine",907
FUR-DAN-10004510,Furniture,Bookcases,"Dania Library with Doors, Metal",939
FUR-IKE-10003642,Furniture,Bookcases,"Ikea 3-Shelf Cabinet, Pine",940
FUR-SAF-10002360,Furniture,Bookcases,"Safco Stackable Bookrack, Pine",997
FUR-BO-10004709,Furniture,Bookcases,"Bush Classic Bookcase, Pine",1029
FUR-BO-10001039,Furniture,Bookcases,"Dania Classic Bookcase, Traditional",1036
FUR-BO-10002892,Furniture,Bookcases,"Safco Classic Bookcase, Mobile",1044
FUR-BO-10002824,Furniture,Bookcases,Bush Mission Pointe Library,1054
FUR-DAN-10002846,Furniture,Bookcases,"Dania Floating Shelf Set, Mobile",1107
FUR-SAF-10000949,Furniture,Bookcases,"Safco Floating Shelf Set, Pine",1108
FUR-SAF-10000881,Furniture,Bookcases,"Safco 3-Shelf Cabinet, Metal",1114
FUR-BO-10003887,Furniture,Bookcases,"Ikea Floating Shelf Set, Traditional",1119
FUR-BO-10002510,Furniture,Bookcases,"Safco 3-Shelf Cabinet, Traditional",1121
FUR-BO-10002680,Furniture,Bookcases,"Sauder 3-Shelf Cabinet, Traditional",1178
FUR-BO-10001739,Furniture,Bookcases,"Dania Classic Bookcase, Mobile",1220
FUR-BO-10004852,Furniture,Bookcases,"Sauder Classic Bookcase, Traditional",1240
FUR-BO-10003881,Furniture,Bookcases,"Sauder Floating Shelf Set, Mobile",1253
FUR-DAN-10004625,Furniture,Bookcases,"Dania Stackable Bookrack, Mobile",1263
FUR-BUS-10000332,Furniture,Bookcases,"Bush Library with Doors, Traditional",1309
FUR-BUS-10001187,Furniture,Bookcases,"Bush Classic Bookcase, Metal",1310
FUR-BO-10003541,Furniture,Bookcases,"Bush Classic Bookcase, Metal",1352
FUR-BO-10000071,Furniture,Bookcases,"Safco 3-Shelf Cabinet, Metal",1360
FUR-BO-10002031,Furniture,Bookcases,"Sauder Classic Bookcase, Pine",1374
FUR-BO-10002990,Furniture,Bookcases,"Dania Library with Doors, Traditional",1375
FUR-BUS-10004882,Furniture,Bookcases,"Bush Floating Shelf Set, Metal",1388
FUR-SAU-10004653,Furniture,Bookcases,"Sauder Classic Bookcase, Traditional",1419
FUR-DAN-10001584,Furniture,Bookcases,"Dania Stackable Bookrack, Pine",1420
FUR-IKE-10004160,Furniture,Bookcases,"Ikea Stackable Bookrack, Traditional",1426
FUR-BO-10004567,Furniture,Bookcases,"Bush Floating Shelf Set, Mobile",1446
FUR-BO-10002738,Furniture,Bookcases,"Sauder Corner Shelving, Mobile",1457
FUR-BO-10001537,Furniture,Bookcases,"Ikea Corner Shelving, Metal",1513
FUR-BO-10002812,Furniture,Bookcases,"Sauder 3-Shelf Cabinet, Pine",1514
FUR-BO-10004547,Furniture,Bookcases,"Bush Stackable Bookrack, Traditional",1515
FUR-BO-10003706,Furniture,Bookcases,"Sauder Stackable Bookrack, Pine",1527
FUR-BO-10002968,Furniture,Bookcases,"Bush Library with Doors, Metal",1532
FUR-BO-10001387,Furniture,Bookcases,"Safco Floating Shelf Set, Traditional",1534
FUR-BO-10001714,Furniture,Bookcases,"Dania Floating Shelf Set, Mobile",1541
FUR-BO-10004441,Furniture,Bookcases,"Ikea Library with Doors, Metal",1607
FUR-BO-10002740,Furniture,Bookcases,"Ikea Classic Bookcase, Metal",1613
FUR-BO-10002679,Furniture,Bookcases,"Ikea Stackable Bookrack, Mobile",1619
FUR-BO-10003291,Furniture,Bookcases,"Dania Corner Shelving, Metal",1620
FUR-BO-10002613,Furniture,Bookcases,"Atlantic Metals Mobile 4-Shelf Bookcases, Custom Colors",1648
FUR-BO-10003438,Furniture,Bookcases,"Dania Corner Shelving, Pine",1672
FUR-BO-10002992,Furniture,Bookcases,"Dania Library with Doors, Traditional",1673
FUR-BO-10002766,Furniture,Bookcases,"Bush Classic Bookcase, Traditional",1678
FUR-BO-10000378,Furniture,Bookcases,"Bush Floating Shelf Set, Pine",1680
FUR-BUS-10004336,Furniture,Bookcases,"Bush Corner Shelving, Traditional",1685
FUR-BO-10003530,Furniture,Bookcases,"Safco Classic Bookcase, Metal",1696
FUR-BO-10003880,Furniture,Bookcases,"Dania Corner Shelving, Pine",1698
FUR-BO-10004725,Furniture,Bookcases,"Sauder Library with Doors, Metal",1715
FUR-BO-10002235,Furniture,Bookcases,"Bush 3-Shelf Cabinet, Pine",1717
FUR-SAU-10003188,Furniture,Bookcases,"Sauder Stackable Bookrack, Pine",1738
FUR-BO-10001436,Furniture,Bookcases,"Bush Corner Shelving, Traditional",1782
FUR-BO-10004824,Furniture,Bookcases,"Safco Stackable Bookrack, Traditional",1805
FUR-BO-10003433,Furniture,Bookcases,Sauder Cornerstone Collection Library,1829
FUR-BO-10004015,Furniture,Bookcases,"Bush Andora Bookcase, Maple/Graphite Gray Finish",1836
FUR-BO-10000279,Furniture,Bookcases,"Dania Classic Bookcase, Pine",1875
FUR-BO-10004459,Furniture,Bookcases,"Safco 3-Shelf Cabinet, Traditional",1883
FUR-BO-10002471,Furniture,Bookcases,"Safco 3-Shelf Cabinet, Metal",1902
FUR-BO-10003734,Furniture,Bookcases,"Dania Classic Bookcase, Metal",1906
FUR-BO-10000155,Furniture,Bookcases,"Dania Corner Shelving, Metal",1908
FUR-BUS-10002138,Furniture,Bookcases,"Bush Stackable Bookrack, Pine",1947
FUR-IKE-10002894,Furniture,Bookcases,"Ikea Library with Doors, Traditional",1959
FUR-IKE-10002509,Furniture,Bookcases,"Ikea 3-Shelf Cabinet, Metal",1979
FUR-SAU-10002255,Furniture,Bookcases,"Sauder Classic Bookcase, Pine",1989
FUR-BO-10001779,Furniture,Bookcases,"Safco Stackable Bookrack, Pine",1991
FUR-BO-10003878,Furniture,Bookcases,"Safco Corner Shelving, Mobile",2008
FUR-BO-10004695,Furniture,Bookcases,O'Sullivan 2-Door Barrister Bookcase in Odessa Pine,2043
FUR-BO-10004191,Furniture,Bookcases,"Safco Corner Shelving, Traditional",2064
FUR-BO-10001558,Furniture,Bookcases,"Safco 3-Shelf Cabinet, Pine",2093
FUR-BO-10000807,Furniture,Bookcases,"Sauder Floating Shelf Set, Mobile",2106
FUR-BO-10001872,Furniture,Bookcases,"Bush Stackable Bookrack, Pine",2150
FUR-BO-10003985,Furniture,Bookcases,"Sauder Classic Bookcase, Traditional",2151
FUR-BO-10004806,Furniture,Bookcases,"Sauder Classic Bookcase, Metal",2159
FUR-BO-10002268,Furniture,Bookcases,Sauder Barrister Bookcases,2257
FUR-BO-10001372,Furniture,Bookcases,"Safco Classic Bookcase, Pine",2338
FUR-BO-10001155,Furniture,Bookcases,"Ikea 3-Shelf Cabinet, Metal",2359
FUR-BO-10004082,Furniture,Bookcases,"Sauder Classic Bookcase, Metal",2368
FUR-IKE-10000619,Furniture,Bookcases,"Ikea Corner Shelving, Pine",2400
FUR-SAF-10002940,Furniture,Bookcases,"Safco Corner Shelving, Mobile",2409
FUR-BO-10001155,Furniture,Bookcases,"Dania 3-Shelf Cabinet, Traditional",2434
FUR-BO-10003828,Furniture,Bookcases,"Bush 3-Shelf Cabinet, Metal",2445
FUR-BO-10003738,Furniture,Bookcases,"Dania Library with Doors, Mobile",2446
FUR-IKE-10002719,Furniture,Bookcases,"Ikea Library with Doors, Metal",2524
FUR-SAU-10002540,Furniture,Bookcases,"Sauder Stackable Bookrack, Traditional",2525
FUR-SAF-10004173,Furniture,Bookcases,"Safco Corner Shelving, Traditional",2536
FUR-BUS-10004854,Furniture,Bookcases,"Bush Floating Shelf Set, Pine",2539
FUR-DAN-10001557,Furniture,Bookcases,"Dania Floating Shelf Set, Pine",2540
FUR-BUS-10004121,Furniture,Bookcases,"Bush 3-Shelf Cabinet, Mobile",2541
FUR-SAF-10002495,Furniture,Bookcases,"Safco Library with Doors, Mobile",2542
FUR-BO-10002318,Furniture,Bookcases,"Dania Classic Bookcase, Mobile",2560
FUR-BO-10001501,Furniture,Bookcases,"Bush Classic Bookcase, Metal",2567
FUR-BO-10003783,Furniture,Bookcases,"Dania Library with Doors, Pine",2572
FUR-BO-10003159,Furniture,Bookcases,"Sauder Camden County Collection Libraries, Planked Cherry Finish",2599
FUR-BO-10002736,Furniture,Bookcases,"Sauder Stackable Bookrack, Mobile",2645
FUR-IKE-10002268,Furniture,Bookcases,"Ikea Floating Shelf Set, Metal",2705
FUR-SAU-10003933,Furniture,Bookcases,"Sauder Classic Bookcase, Mobile",2720
FUR-BO-10000668,Furniture,Bookcases,"Sauder Classic Bookcase, Mobile",2738
FUR-BO-10001541,Furniture,Bookcases,"Bush Stackable Bookrack, Traditional",2743
FUR-BO-10000980,Furniture,Bookcases,"Bush Library with Doors, Traditional",2759
FUR-BO-10000175,Furniture,Bookcases,"Ikea Stackable Bookrack, Metal",2775
FUR-BO-10004665,Furniture,Bookcases,"Bush Classic Bookcase, Mobile",2801
FUR-BO-10001874,Furniture,Bookcases,"Sauder Corner Shelving, Pine",2836
FUR-BO-10003945,Furniture,Bookcases,"Sauder 3-Shelf Cabinet, Metal",2918
FUR-BO-10004507,Furniture,Bookcases,"Ikea Corner Shelving, Metal",2922
FUR-BO-10000883,Furniture,Bookcases,"Dania Corner Shelving, Mobile",2952
FUR-BO-10001073,Furniture,Bookcases,"Safco Classic Bookcase, Metal",2955
FUR-BO-10004404,Furniture,Bookcases,"Ikea 3-Shelf Cabinet, Pine",2958
FUR-BO-10003029,Furniture,Bookcases,"Sauder Library with Doors, Traditional",2988
FUR-BO-10002964,Furniture,Bookcases,"Dania Floating Shelf Set, Pine",3014
FUR-BO-10001393,Furniture,Bookcases,"Safco 3-Shelf Cabinet, Pine",3018
FUR-BO-10004679,Furniture,Bookcases,"Safco Library with Doors, Pine",3028
FUR-BO-10000243,Furniture,Bookcases,"Safco Floating Shelf Set, Pine",3033
FUR-BO-10002308,Furniture,Bookcases,"Safco Floating Shelf Set, Metal",3068
FUR-BO-10001822,Furniture,Bookcases,"Dania Library with Doors, Metal",3069
FUR-BO-10004999,Furniture,Bookcases,"Safco Classic Bookcase, Metal",3075
FUR-BO-10004043,Furniture,Bookcases,"Dania Classic Bookcase, Metal",3079
FUR-BO-10001555,Furniture,Bookcases,"Bush Corner Shelving, Metal",3108
FUR-BO-10004119,Furniture,Bookcases,"Ikea Floating Shelf Set, Traditional",3109
FUR-BO-10004053,Furniture,Bookcases,"Dania Library with Doors, Metal",3113
FUR-BO-10001553,Furniture,Bookcases,"Sauder Library with Doors, Traditional",3114
FUR-BO-10003126,Furniture,Bookcases,"Dania Library with Doors, Traditional",3116
FUR-BO-10000967,Furniture,Bookcases,"Ikea Library with Doors, Pine",3117
FUR-SAU-10003795,Furniture,Bookcases,"Sauder Corner Shelving, Traditional",3161
FUR-BO-10003463,Furniture,Bookcases,"Ikea Stackable Bookrack, Metal",3172
FUR-BO-10000891,Furniture,Bookcases,"Ikea Classic Bookcase, Pine",3196
FUR-BO-10001276,Furniture,Bookcases,"Safco Floating Shelf Set, Mobile",3198
FUR-BO-10000517,Furniture,Bookcases,"Ikea Stackable Bookrack, Metal",3199
FUR-BO-10003968,Furniture,Bookcases,"Sauder Library with Doors, Mobile",3219
FUR-SAF-10002400,Furniture,Bookcases,"Safco Corner Shelving, Metal",3253
FUR-SAU-10004053,Furniture,Bookcases,"Sauder Floating Shelf Set, Mobile",3254
FUR-SAU-10003694,Furniture,Bookcases,"Sauder Library with Doors, Mobile",3270
FUR-SAU-10004221,Furniture,Bookcases,"Sauder Corner Shelving, Mobile",3277
FUR-BO-10001324,Furniture,Bookcases,"Sauder Floating Shelf Set, Pine",3332
FUR-BO-10003185,Furniture,Bookcases,"Ikea Floating Shelf Set, Metal",3382
FUR-BO-10002390,Furniture,Bookcases,"Ikea Library with Doors, Metal",3389
FUR-BO-10003206,Furniture,Bookcases,"Sauder Floating Shelf Set, Pine",3454
FUR-BO-10004113,Furniture,Bookcases,"Sauder Classic Bookcase, Pine",3478
FUR-BO-10001498,Furniture,Bookcases,"Dania Classic Bookcase, Pine",3479
FUR-BO-10001781,Furniture,Bookcases,"Bush Library with Doors, Traditional",3486
FUR-BO-10000321,Furniture,Bookcases,"Dania Floating Shelf Set, Mobile",3492
FUR-BO-10003384,Furniture,Bookcases,"Ikea Corner Shelving, Traditional",3499
FUR-SAU-10003203,Furniture,Bookcases,"Sauder 3-Shelf Cabinet, Mobile",3541
FUR-SAF-10000508,Furniture,Bookcases,"Safco Library with Doors, Traditional",3548
FUR-BO-10002708,Furniture,Bookcases,"Dania Library with Doors, Pine",3550
FUR-BUS-10000984,Furniture,Bookcases,"Bush 3-Shelf Cabinet, Traditional",3553
FUR-SAF-10001322,Furniture,Bookcases,"Safco Stackable Bookrack, Traditional",3564
FUR-BO-10004704,Furniture,Bookcases,"Bush Corner Shelving, Pine",3636
FUR-BO-10001133,Furniture,Bookcases,"Ikea Classic Bookcase, Mobile",3637
FUR-BO-10004316,Furniture,Bookcases,"Bush 3-Shelf Cabinet, Pine",3726
FUR-BO-10004409,Furniture,Bookcases,"Safco Value Mate Series Steel Bookcases, Baked Enamel Finish on Steel, Gray",3733
FUR-BO-10001867,Furniture,Bookcases,"Dania Corner Shelving, Mobile",3744
FUR-BO-10003793,Furniture,Bookcases,"Bush 3-Shelf Cabinet, Metal",3786
FUR-BO-10000035,Furniture,Bookcases,"Dania Classic Bookcase, Pine",3787
FUR-BO-10004408,Furniture,Bookcases,"Dania Stackable Bookrack, Pine",3825
FUR-IKE-10000649,Furniture,Bookcases,"Ikea Library with Doors, Pine",3831
FUR-BO-10004537,Furniture,Bookcases,"Dania Floating Shelf Set, Mobile",3836
FUR-BO-10003022,Furniture,Bookcases,"Dania 3-Shelf Cabinet, Metal",3840
FUR-BO-10004312,Furniture,Bookcases,"Bush Floating Shelf Set, Traditional",3871
FUR-BO-10000034,Furniture,Bookcases,"Safco Classic Bookcase, Pine",3883
FUR-BO-10000120,Furniture,Bookcases,"Sauder Stackable Bookrack, Mobile",3903
FUR-BO-10001892,Furniture,Bookcases,"Sauder Library with Doors, Pine",3912
FUR-IKE-10003796,Furniture,Bookcases,"Ikea Stackable Bookrack, Metal",3918
FUR-BUS-10003055,Furniture,Bookcases,"Bush Stackable Bookrack, Pine",3927
FUR-DAN-10002314,Furniture,Bookcases,"Dania Stackable Bookrack, Traditional",3928
FUR-BUS-10001243,Furniture,Bookcases,"Bush Classic Bookcase, Pine",3942
FUR-BO-10002133,Furniture,Bookcases,"Bush Corner Shelving, Mobile",4000
FUR-BO-10003991,Furniture,Bookcases,"Bush Classic Bookcase, Traditional",4003
FUR-BO-10004844,Furniture,Bookcases,"Sauder Corner Shelving, Mobile",4004
FUR-BO-10001405,Furniture,Bookcases,"Bush Stackable Bookrack, Pine",4010
FUR-BO-10004161,Furniture,Bookcases,"Bush Corner Shelving, Mobile",4011
FUR-BO-10002819,Furniture,Bookcases,"Ikea Stackable Bookrack, Traditional",4013
FUR-BO-10004648,Furniture,Bookcases,"Sauder Library with Doors, Pine",4024
FUR-BO-10004075,Furniture,Bookcases,"Safco Floating Shelf Set, Metal",4077
FUR-BO-10003106,Furniture,Bookcases,"Sauder Corner Shelving, Metal",4078
FUR-BO-10001067,Furniture,Bookcases,"Bush Stackable Bookrack, Pine",4089
FUR-BO-10003543,Furniture,Bookcases,"Safco Floating Shelf Set, Mobile",4090
FUR-BO-10003323,Furniture,Bookcases,"Safco 3-Shelf Cabinet, Mobile",4092
FUR-BO-10004199,Furniture,Bookcases,"Ikea 3-Shelf Cabinet, Pine",4143
FUR-BO-10001287,Furniture,Bookcases,"Dania Floating Shelf Set, Metal",4144
FUR-BO-10003905,Furniture,Bookcases,"Ikea Stackable Bookrack, Mobile",4146
FUR-BO-10004032,Furniture,Bookcases,"Bush Corner Shelving, Pine",4162
FUR-BO-10003779,Furniture,Bookcases,"Ikea Library with Doors, Traditional",4182
FUR-BO-10003903,Furniture,Bookcases,"Dania 3-Shelf Cabinet, Pine",4197
FUR-BO-10004254,Furniture,Bookcases,"Ikea Classic Bookcase, Traditional",4203
FUR-BO-10000002,Furniture,Bookcases,"Bush Classic Bookcase, Mobile",4204
FUR-BO-10000170,Furniture,Bookcases,"Safco Library with Doors, Mobile",4243
FUR-BO-10003297,Furniture,Bookcases,"Ikea 3-Shelf Cabinet, Metal",4330
FUR-BO-10003028,Furniture,Bookcases,"Sauder 3-Shelf Cabinet, Mobile",4346
FUR-BO-10000514,Furniture,Bookcases,"Bush Library with Doors, Traditional",4350
FUR-BO-10002889,Furniture,Bookcases,"Dania Stackable Bookrack, Pine",4375
FUR-BO-10002277,Furniture,Bookcases,"Bush Floating Shelf Set, Mobile",4454
FUR-BO-10000288,Furniture,Bookcases,"Safco Classic Bookcase, Traditional",4459
FUR-BO-10001255,Furniture,Bookcases,"Ikea Library with Doors, Mobile",4465
FUR-BO-10000203,Furniture,Bookcases,"Sauder Library with Doors, Metal",4473
FUR-BO-10004529,Furniture,Bookcases,"Sauder 3-Shelf Cabinet, Pine",4476
FUR-BO-10001342,Furniture,Bookcases,"Safco Corner Shelving, Metal",4482
FUR-BO-10001598,Furniture,Bookcases,"Bush Corner Shelving, Pine",4488
FUR-BO-10001471,Furniture,Bookcases,"Sauder Classic Bookcase, Metal",4492
FUR-BO-10002202,Furniture,Bookcases,"Atlantic Metals Mobile 2-Shelf Bookcases, Custom Colors",4542
FUR-BO-10003174,Furniture,Bookcases,"Dania Floating Shelf Set, Pine",4554
FUR-BO-10003530,Furniture,Bookcases,"Safco 3-Shelf Cabinet, Pine",4581
FUR-BO-10001946,Furniture,Bookcases,"Sauder 3-Shelf Cabinet, Metal",4616
FUR-BO-10000734,Furniture,Bookcases,"Bush Corner Shelving, Pine",4619
FUR-BO-10000567,Furniture,Bookcases,"Sauder Classic Bookcase, Traditional",4626
FUR-BO-10002383,Furniture,Bookcases,"Sauder Floating Shelf Set, Pine",4667
FUR-BO-10001969,Furniture,Bookcases,"Sauder 3-Shelf Cabinet, Pine",4669
FUR-BO-10004504,Furniture,Bookcases,"Sauder 3-Shelf Cabinet, Mobile",4705
FUR-BO-10003287,Furniture,Bookcases,"Dania Corner Shelving, Traditional",4720
FUR-BO-10002213,Furniture,Bookcases,DMI Eclipse Executive Suite Bookcases,4734
FUR-BO-10001233,Furniture,Bookcases,"Ikea 3-Shelf Cabinet, Mobile",4753
FUR-BO-10003103,Furniture,Bookcases,"Ikea Classic Bookcase, Metal",4792
FUR-BO-10004834,Furniture,Bookcases,"Riverside Palais Royal Lawyers Bookcase, Royale Cherry Finish",4800
FUR-IKE-10003015,Furniture,Bookcases,"Ikea Library with Doors, Mobile",4834
FUR-DAN-10000597,Furniture,Bookcases,"Dania Floating Shelf Set, Traditional",4844
FUR-BO-10000746,Furniture,Bookcases,"Ikea Corner Shelving, Mobile",4854
FUR-BO-10003554,Furniture,Bookcases,"Dania 3-Shelf Cabinet, Mobile",4873
FUR-BO-10001196,Furniture,Bookcases,"Bush Library with Doors, Pine",4888
FUR-BO-10004707,Furniture,Bookcases,"Ikea Library with Doors, Traditional",4890
FUR-DAN-10002167,Furniture,Bookcases,"Dania Library with Doors, Mobile",4962
FUR-DAN-10001875,Furniture,Bookcases,"Dania Floating Shelf Set, Metal",4963
FUR-SAF-10001956,Furniture,Bookcases,"Safco Classic Bookcase, Metal",4973
FUR-BUS-10002989,Furniture,Bookcases,"Bush Classic Bookcase, Traditional",4980
FUR-IKE-10003682,Furniture,Bookcases,"Ikea Corner Shelving, Metal",4982
FUR-SAF-10003540,Furniture,Bookcases,"Safco Floating Shelf Set, Metal",5015
FUR-BO-10001753,Furniture,Bookcases,"Dania Stackable Bookrack, Traditional",5033
FUR-BO-10002032,Furniture,Bookcases,"Ikea Stackable Bookrack, Pine",5034
FUR-BO-10001708,Furniture,Bookcases,"Safco Stackable Bookrack, Pine",5053
FUR-BO-10002300,Furniture,Bookcases,"Dania Classic Bookcase, Traditional",5097
FUR-BO-10001966,Furniture,Bookcases,"Ikea Corner Shelving, Metal",5100
FUR-BO-10002580,Furniture,Bookcases,"Safco Classic Bookcase, Pine",5101
FUR-BO-10000684,Furniture,Bookcases,"Sauder Corner Shelving, Traditional",5116
FUR-BO-10001356,Furniture,Bookcases,"Ikea Library with Doors, Mobile",5133
FUR-BO-10003713,Furniture,Bookcases,"Sauder Corner Shelving, Mobile",5154
FUR-BO-10001835,Furniture,Bookcases,"Safco Library with Doors, Traditional",5156
FUR-BO-10001679,Furniture,Bookcases,"Ikea 3-Shelf Cabinet, Traditional",5177
FUR-BO-10003913,Furniture,Bookcases,"Safco Stackable Bookrack, Pine",5181
FUR-BO-10000112,Furniture,Bookcases,"Dania Corner Shelving, Pine",5204
FUR-BO-10000636,Furniture,Bookcases,"Dania Floating Shelf Set, Metal",5219
FUR-BO-10003199,Furniture,Bookcases,"Bush Classic Bookcase, Mobile",5223
FUR-BO-10004660,Furniture,Bookcases,"Sauder Library with Doors, Metal",5228
FUR-SAU-10001776,Furniture,Bookcases,"Sauder Stackable Bookrack, Pine",5250
FUR-BO-10000268,Furniture,Bookcases,"Bush Library with Doors, Pine",5260
FUR-BO-10003499,Furniture,Bookcases,"Ikea Library with Doors, Pine",5267
FUR-BO-10002084,Furniture,Bookcases,"Dania Library with Doors, Metal",5271
FUR-BO-10002352,Furniture,Bookcases,"Ikea 3-Shelf Cabinet, Mobile",5277
FUR-BO-10002378,Furniture,Bookcases,"Dania 3-Shelf Cabinet, Metal",5295
FUR-BO-10000728,Furniture,Bookcases,"Ikea Classic Bookcase, Mobile",5296
FUR-BO-10004771,Furniture,Bookcases,"Safco Library with Doors, Traditional",5331
FUR-BO-10004423,Furniture,Bookcases,"Ikea Corner Shelving, Pine",5336
FUR-BO-10003103,Furniture,Bookcases,"Dania Floating Shelf Set, Pine",5355
FUR-BO-10003688,Furniture,Bookcases,"Bush Stackable Bookrack, Pine",5361
FUR-BO-10004407,Furniture,Bookcases,"Ikea Floating Shelf Set, Metal",5390
FUR-BO-10002182,Furniture,Bookcases,"Safco Floating Shelf Set, Pine",5391
FUR-BO-10003221,Furniture,Bookcases,"Safco Corner Shelving, Mobile",5392
FUR-SAU-10003872,Furniture,Bookcases,"Sauder Floating Shelf Set, Pine",5425
FUR-DAN-10002967,Furniture,Bookcases,"Dania 3-Shelf Cabinet, Metal",5430
FUR-BO-10003873,Furniture,Bookcases,"Safco Library with Doors, Mobile",5438
FUR-BO-10002926,Furniture,Bookcases,"Bush Stackable Bookrack, Mobile",5442
FUR-BO-10003043,Furniture,Bookcases,"Dania 3-Shelf Cabinet, Mobile",5454
FUR-BO-10003112,Furniture,Bookcases,"Sauder Floating Shelf Set, Traditional",5467
FUR-BO-10002214,Furniture,Bookcases,"Dania Floating Shelf Set, Traditional",5481
FUR-BO-10001646,Furniture,Bookcases,"Safco Corner Shelving, Metal",5483
FUR-BO-10003301,Furniture,Bookcases,"Dania Floating Shelf Set, Metal",5534
FUR-BO-10001641,Furniture,Bookcases,"Bush 3-Shelf Cabinet, Traditional",5546
FUR-BO-10001201,Furniture,Bookcases,"Bush Stackable Bookrack, Mobile",5561
FUR-DAN-10003065,Furniture,Bookcases,"Dania Library with Doors, Traditional",5625
FUR-DAN-10002348,Furniture,Bookcases,"Dania Classic Bookcase, Pine",5628
FUR-BO-10001216,Furniture,Bookcases,"Sauder 3-Shelf Cabinet, Mobile",5640
FUR-BO-10002204,Furniture,Bookcases,"Bush Corner Shelving, Traditional",5641
FUR-BO-10000259,Furniture,Bookcases,"Safco Classic Bookcase, Traditional",5681
FUR-BO-10001646,Furniture,Bookcases,"Safco Library with Doors, Pine",5695
FUR-BO-10004218,Furniture,Bookcases,"Bush Heritage Pine Collection 5-Shelf Bookcase, Albany Pine Finish, *Special Order",5700
FUR-BO-10003441,Furniture,Bookcases,"Bush Westfield Collection Bookcases, Fully Assembled",5717
FUR-BO-10003034,Furniture,Bookcases,"O'Sullivan Elevations Bookcase, Cherry Finish",5725
FUR-BO-10000112,Furniture,Bookcases,"Bush Birmingham Collection Bookcase, Dark Cherry",5726
FUR-BO-10003966,Furniture,Bookcases,"Sauder Facets Collection Library, Sky Alder Finish",5744
FUR-BO-10003894,Furniture,Bookcases,"Safco Value Mate Steel Bookcase, Baked Enamel Finish on Steel, Black",5759
FUR-BO-10000038,Furniture,Bookcases,"Bush Library with Doors, Pine",5927
FUR-BO-10004340,Furniture,Bookcases,"Safco Classic Bookcase, Mobile",5938
FUR-BO-10001369,Furniture,Bookcases,"Sauder Stackable Bookrack, Mobile",5963
FUR-BO-10001483,Furniture,Bookcases,"Bush Corner Shelving, Metal",5964
FUR-BO-10000268,Furniture,Bookcases,"Ikea 3-Shelf Cabinet, Traditional",5965
FUR-BO-10002325,Furniture,Bookcases,"Bush Classic Bookcase, Metal",5967
FUR-BO-10004142,Furniture,Bookcases,"Safco Classic Bookcase, Traditional",5980
FUR-BO-10002682,Furniture,Bookcases,"Safco Stackable Bookrack, Mobile",6013
FUR-BO-10001042,Furniture,Bookcases,"Dania 3-Shelf Cabinet, Pine",6054
FUR-BO-10001749,Furniture,Bookcases,"Bush Classic Bookcase, Traditional",6077
FUR-BO-10004681,Furniture,Bookcases,"Ikea Stackable Bookrack, Metal",6115
FUR-BO-10002852,Furniture,Bookcases,"Bush Stackable Bookrack, Pine",6116
FUR-BO-10002250,Furniture,Bookcases,"Dania Floating Shelf Set, Mobile",6154
FUR-BO-10001972,Furniture,Bookcases,O'Sullivan 4-Shelf Bookcase in Odessa Pine,6177
FUR-BO-10004357,Furniture,Bookcases,O'Sullivan Living Dimensions 3-Shelf Bookcases,6184
FUR-BO-10004709,Furniture,Bookcases,"Bush Westfield Collection Bookcases, Medium Cherry Finish",6185
FUR-BO-10000265,Furniture,Bookcases,"Bush Floating Shelf Set, Pine",6210
FUR-BO-10002906,Furniture,Bookcases,"Ikea Corner Shelving, Traditional",6239
FUR-BO-10002462,Furniture,Bookcases,"Ikea Classic Bookcase, Pine",6250
FUR-BO-10003631,Furniture,Bookcases,"Safco Stackable Bookrack, Mobile",6267
FUR-BO-10003450,Furniture,Bookcases,"Bush Westfield Collection Bookcases, Dark Cherry Finish",6314
FUR-BO-10001337,Furniture,Bookcases,O'Sullivan Living Dimensions 2-Shelf Bookcases,6340
FUR-BO-10001608,Furniture,Bookcases,"Hon Metal Bookcases, Black",6399
FUR-BO-10000311,Furniture,Bookcases,"Safco Floating Shelf Set, Metal",6459
FUR-BO-10001798,Furniture,Bookcases,Bush Somerset Collection Bookcase,6514
FUR-BO-10004327,Furniture,Bookcases,"Bush 3-Shelf Cabinet, Mobile",6533
FUR-BO-10001621,Furniture,Bookcases,"Dania Stackable Bookrack, Traditional",6540
FUR-BO-10004483,Furniture,Bookcases,"Ikea Floating Shelf Set, Pine",6561
FUR-BO-10004452,Furniture,Bookcases,"Bush Classic Bookcase, Pine",6592
FUR-BO-10000411,Furniture,Bookcases,"Sauder Floating Shelf Set, Metal",6630
FUR-BO-10001585,Furniture,Bookcases,"Ikea Floating Shelf Set, Traditional",6631
FUR-BO-10001390,Furniture,Bookcases,"Bush Floating Shelf Set, Traditional",6661
FUR-BO-10002985,Furniture,Bookcases,"Sauder Corner Shelving, Mobile",6662
FUR-BO-10001860,Furniture,Bookcases,"Sauder Corner Shelving, Traditional",6689
FUR-SAF-10000545,Furniture,Bookcases,"Safco 3-Shelf Cabinet, Pine",6716
FUR-BO-10003272,Furniture,Bookcases,O'Sullivan Living Dimensions 5-Shelf Bookcases,6726
FUR-BO-10001811,Furniture,Bookcases,"Atlantic Metals Mobile 5-Shelf Bookcases, Custom Colors",6730
FUR-BO-10000780,Furniture,Bookcases,O'Sullivan Plantations 2-Door Library in Landvery Oak,6731
FUR-BO-10000670,Furniture,Bookcases,"Dania Corner Shelving, Metal",6810
FUR-BO-10001596,Furniture,Bookcases,"Dania Library with Doors, Mobile",6840
FUR-BO-10004914,Furniture,Bookcases,"Bush 3-Shelf Cabinet, Traditional",6862
FUR-BO-10004219,Furniture,Bookcases,"Safco 3-Shelf Cabinet, Metal",6889
FUR-BO-10002510,Furniture,Bookcases,"Bush 3-Shelf Cabinet, Mobile",6896
FUR-BO-10001567,Furniture,Bookcases,"Bush Westfield Collection Bookcases, Dark Cherry Finish, Fully Assembled",6901
FUR-BO-10003546,Furniture,Bookcases,Hon 4-Shelf Metal Bookcases,6902
FUR-BO-10004842,Furniture,Bookcases,"Dania 3-Shelf Cabinet, Pine",6922
FUR-BO-10002000,Furniture,Bookcases,"Ikea Classic Bookcase, Metal",6953
FUR-BO-10003559,Furniture,Bookcases,"Sauder Stackable Bookrack, Pine",6956
FUR-BO-10001831,Furniture,Bookcases,"Sauder Floating Shelf Set, Metal",6957
FUR-BO-10000711,Furniture,Bookcases,"Hon Metal Bookcases, Gray",6986
FUR-BO-10004360,Furniture,Bookcases,Rush Hierlooms Collection Rich Wood Bookcases,6992
FUR-BO-10004670,Furniture,Bookcases,"Dania Library with Doors, Mobile",7006
FUR-BO-10000208,Furniture,Bookcases,"Bush Stackable Bookrack, Mobile",7040
FUR-BO-10004917,Furniture,Bookcases,"Dania Stackable Bookrack, Mobile",7041
FUR-BO-10000160,Furniture,Bookcases,"Safco Library with Doors, Pine",7049
FUR-BO-10000502,Furniture,Bookcases,"Sauder Classic Bookcase, Mobile",7060
FUR-DAN-10004745,Furniture,Bookcases,"Dania Corner Shelving, Traditional",7065
FUR-DAN-10002741,Furniture,Bookcases,"Dania Corner Shelving, Pine",7070
FUR-DAN-10001340,Furniture,Bookcases,"Dania Corner Shelving, Mobile",7087
FUR-BO-10003904,Furniture,Bookcases,"Ikea Corner Shelving, Traditional",7112
FUR-BO-10000728,Furniture,Bookcases,"Dania Corner Shelving, Traditional",7117
FUR-BO-10000936,Furniture,Bookcases,"Bush Floating Shelf Set, Traditional",7187
FUR-BO-10003697,Furniture,Bookcases,"Safco Floating Shelf Set, Mobile",7189
FUR-BO-10002793,Furniture,Bookcases,"Safco Floating Shelf Set, Traditional",7209
FUR-BO-10000087,Furniture,Bookcases,"Sauder Corner Shelving, Pine",7229
FUR-BO-10000022,Furniture,Bookcases,"Dania Floating Shelf Set, Traditional",7256
FUR-BO-10004585,Furniture,Bookcases,"Ikea 3-Shelf Cabinet, Traditional",7267
FUR-BO-10000269,Furniture,Bookcases,"Dania Stackable Bookrack, Pine",7288
FUR-BO-10002109,Furniture,Bookcases,"Safco Stackable Bookrack, Pine",7306
FUR-BO-10000847,Furniture,Bookcases,"Dania Stackable Bookrack, Mobile",7313
FUR-BO-10002206,Furniture,Bookcases,"Bush Saratoga Collection 5-Shelf Bookcase, Hanover Cherry, *Special Order",7322
FUR-BO-10001943,Furniture,Bookcases,"Safco Library with Doors, Traditional",7340
FUR-BO-10001003,Furniture,Bookcases,"Dania 3-Shelf Cabinet, Traditional",7361
FUR-BO-10000895,Furniture,Bookcases,"Sauder Corner Shelving, Metal",7362
FUR-BO-10002981,Furniture,Bookcases,"Bush Floating Shelf Set, Metal",7364
FUR-BO-10001295,Furniture,Bookcases,"Safco Floating Shelf Set, Traditional",7381
FUR-BO-10002916,Furniture,Bookcases,"Rush Hierlooms Collection 1"" Thick Stackable Bookcases",7395
FUR-BO-10002545,Furniture,Bookcases,"Atlantic Metals Mobile 3-Shelf Bookcases, Custom Colors",7397
FUR-BO-10000797,Furniture,Bookcases,"Safco 3-Shelf Cabinet, Pine",7401
FUR-BO-10002213,Furniture,Bookcases,"Sauder Forest Hills Library, Woodland Oak Finish",7442
FUR-BO-10003007,Furniture,Bookcases,"Ikea Stackable Bookrack, Metal",7450
FUR-BO-10003965,Furniture,Bookcases,O'Sullivan Manor Hill 2-Door Library in Brianna Oak,7495
FUR-BO-10001601,Furniture,Bookcases,"Sauder Mission Library with Doors, Fruitwood Finish",7499
FUR-BO-10004924,Furniture,Bookcases,"Sauder Library with Doors, Traditional",7503
FUR-BO-10004560,Furniture,Bookcases,"Bush Floating Shelf Set, Mobile",7526
FUR-BO-10001392,Furniture,Bookcases,"Sauder Classic Bookcase, Traditional",7527
FUR-BO-10002853,Furniture,Bookcases,O'Sullivan 5-Shelf Heavy-Duty Bookcases,7531
FUR-BO-10004926,Furniture,Bookcases,"Safco 3-Shelf Cabinet, Traditional",7548
FUR-BO-10004467,Furniture,Bookcases,Bestar Classic Bookcase,7559
FUR-BO-10004430,Furniture,Bookcases,"Bush Floating Shelf Set, Metal",7591
FUR-BO-10004541,Furniture,Bookcases,"Dania Library with Doors, Mobile",7612
FUR-DAN-10004940,Furniture,Bookcases,"Dania Classic Bookcase, Metal",7619
FUR-BO-10000623,Furniture,Bookcases,"Safco Library with Doors, Metal",7622
FUR-BO-10004055,Furniture,Bookcases,"Safco Corner Shelving, Metal",7663
FUR-BO-10000402,Furniture,Bookcases,"Sauder Stackable Bookrack, Traditional",7674
FUR-BO-10001967,Furniture,Bookcases,"Safco Corner Shelving, Mobile",7675
FUR-BO-10001370,Furniture,Bookcases,"Sauder Classic Bookcase, Mobile",7717
FUR-BO-10002866,Furniture,Bookcases,"Safco Classic Bookcase, Pine",7722
FUR-BO-10000889,Furniture,Bookcases,"Safco 3-Shelf Cabinet, Mobile",7748
FUR-BO-10002300,Furniture,Bookcases,"Safco 3-Shelf Cabinet, Mobile",7769
FUR-BO-10004771,Furniture,Bookcases,"Ikea Classic Bookcase, Traditional",7773
FUR-BO-10002423,Furniture,Bookcases,"Safco Floating Shelf Set, Mobile",7781
FUR-BO-10000490,Furniture,Bookcases,"Bush Library with Doors, Metal",7799
FUR-BO-10000610,Furniture,Bookcases,"Ikea Stackable Bookrack, Mobile",7805
FUR-BO-10001888,Furniture,Bookcases,"Dania Floating Shelf Set, Pine",7836
FUR-BO-10000655,Furniture,Bookcases,"Dania Classic Bookcase, Traditional",7859
FUR-BO-10002008,Furniture,Bookcases,"Bush Stackable Bookrack, Traditional",7882
FUR-BO-10002782,Furniture,Bookcases,"Safco Corner Shelving, Traditional",7883
FUR-BO-10004899,Furniture,Bookcases,"Safco Floating Shelf Set, Pine",7887
FUR-BO-10004821,Furniture,Bookcases,"Dania Corner Shelving, Traditional",7907
FUR-BO-10004472,Furniture,Bookcases,"Dania Library with Doors, Pine",7915
FUR-BO-10002334,Furniture,Bookcases,"Ikea 3-Shelf Cabinet, Pine",7927
FUR-BO-10002204,Furniture,Bookcases,"Bush Classic Bookcase, Pine",7951
FUR-SAU-10002642,Furniture,Bookcases,"Sauder 3-Shelf Cabinet, Traditional",7985
FUR-SAF-10000607,Furniture,Bookcases,"Safco Stackable Bookrack, Mobile",7986
FUR-BO-10001165,Furniture,Bookcases,"Bush Library with Doors, Mobile",7998
FUR-BO-10001385,Furniture,Bookcases,"Sauder Corner Shelving, Metal",8034
FUR-BO-10004445,Furniture,Bookcases,"Bush Stackable Bookrack, Pine",8044
FUR-IKE-10003262,Furniture,Bookcases,"Ikea Floating Shelf Set, Traditional",8052
FUR-BO-10004129,Furniture,Bookcases,"Sauder Classic Bookcase, Pine",8061
FUR-BO-10000712,Furniture,Bookcases,"Bush Corner Shelving, Pine",8073
FUR-BO-10002346,Furniture,Bookcases,"Dania Stackable Bookrack, Mobile",8124
FUR-BO-10001619,Furniture,Bookcases,O'Sullivan Cherrywood Estates Traditional Bookcase,8133
FUR-BO-10004690,Furniture,Bookcases,O'Sullivan Cherrywood Estates Traditional Barrister Bookcase,8141
FUR-BO-10004834,Furniture,Bookcases,"Safco 3-Shelf Cabinet, Mobile",8142
FUR-BO-10004399,Furniture,Bookcases,"Bush Floating Shelf Set, Pine",8151
FUR-BO-10001580,Furniture,Bookcases,"Dania Stackable Bookrack, Pine",8156
FUR-BO-10001934,Furniture,Bookcases,"Bush Library with Doors, Metal",8170
FUR-BO-10003383,Furniture,Bookcases,"Safco Floating Shelf Set, Mobile",8176
FUR-BO-10001358,Furniture,Bookcases,"Bush 3-Shelf Cabinet, Traditional",8191
FUR-BO-10004630,Furniture,Bookcases,"Ikea Library with Doors, Mobile",8214
FUR-BO-10003893,Furniture,Bookcases,Sauder Camden County Collection Library,8246
FUR-BO-10000210,Furniture,Bookcases,"Ikea Library with Doors, Pine",8341
FUR-DAN-10001462,Furniture,Bookcases,"Dania Stackable Bookrack, Pine",8349
FUR-BO-10003768,Furniture,Bookcases,"Sauder 3-Shelf Cabinet, Traditional",8360
FUR-BO-10000624,Furniture,Bookcases,"Safco Classic Bookcase, Metal",8367
FUR-BO-10003326,Furniture,Bookcases,"Safco Stackable Bookrack, Traditional",8368
FUR-BO-10004162,Furniture,Bookcases,"Ikea Floating Shelf Set, Pine",8386
FUR-BO-10001699,Furniture,Bookcases,"Ikea 3-Shelf Cabinet, Mobile",8407
FUR-BO-10001271,Furniture,Bookcases,"Sauder Classic Bookcase, Pine",8414
FUR-BO-10001326,Furniture,Bookcases,"Bush 3-Shelf Cabinet, Pine",8424
FUR-BO-10001875,Furniture,Bookcases,"Bush Library with Doors, Mobile",8438
FUR-BO-10001461,Furniture,Bookcases,"Safco Floating Shelf Set, Traditional",8444
FUR-SAF-10002253,Furniture,Bookcases,"Safco Stackable Bookrack, Pine",8456
FUR-SAU-10002167,Furniture,Bookcases,"Sauder 3-Shelf Cabinet, Metal",8468
FUR-DAN-10002017,Furniture,Bookcases,"Dania Classic Bookcase, Traditional",8506
FUR-IKE-10003771,Furniture,Bookcases,"Ikea Corner Shelving, Traditional",8508
FUR-BO-10000148,Furniture,Bookcases,"Bush 3-Shelf Cabinet, Metal",8515
FUR-BO-10004947,Furniture,Bookcases,"Safco Stackable Bookrack, Pine",8521
FUR-BO-10002309,Furniture,Bookcases,"Dania 3-Shelf Cabinet, Traditional",8523
FUR-BO-10000468,Furniture,Bookcases,O'Sullivan 2-Shelf Heavy-Duty Bookcases,8573
FUR-BO-10002444,Furniture,Bookcases,"Sauder Library with Doors, Mobile",8591
FUR-BO-10003086,Furniture,Bookcases,"Safco Library with Doors, Traditional",8648
FUR-BUS-10001781,Furniture,Bookcases,"Bush Library with Doors, Metal",8683
FUR-BO-10004425,Furniture,Bookcases,"Sauder Library with Doors, Mobile",8707
FUR-BO-10004565,Furniture,Bookcases,"Sauder Corner Shelving, Traditional",8711
FUR-BO-10001721,Furniture,Bookcases,"Bush Corner Shelving, Mobile",8717
FUR-IKE-10002147,Furniture,Bookcases,"Ikea 3-Shelf Cabinet, Traditional",8744
FUR-BUS-10004475,Furniture,Bookcases,"Bush Floating Shelf Set, Traditional",8751
FUR-BO-10004230,Furniture,Bookcases,"Bush Corner Shelving, Metal",8756
FUR-IKE-10001312,Furniture,Bookcases,"Ikea Classic Bookcase, Traditional",8765
FUR-BO-10004620,Furniture,Bookcases,"Safco Stackable Bookrack, Mobile",8770
FUR-BUS-10003724,Furniture,Bookcases,"Bush Corner Shelving, Metal",8795
FUR-SAF-10000678,Furniture,Bookcases,"Safco Floating Shelf Set, Mobile",8806
FUR-IKE-10003053,Furniture,Bookcases,"Ikea 3-Shelf Cabinet, Mobile",8821
FUR-IKE-10004853,Furniture,Bookcases,"Ikea Corner Shelving, Mobile",8829
FUR-BO-10004773,Furniture,Bookcases,"Ikea Floating Shelf Set, Mobile",8849
FUR-DAN-10003334,Furniture,Bookcases,"Dania 3-Shelf Cabinet, Traditional",8850
FUR-BO-10002632,Furniture,Bookcases,"Sauder Corner Shelving, Pine",8860
FUR-BO-10000666,Furniture,Bookcases,"Ikea 3-Shelf Cabinet, Mobile",8869
FUR-BO-10003668,Furniture,Bookcases,"Sauder Floating Shelf Set, Pine",8881
FUR-BO-10002142,Furniture,Bookcases,"Ikea Classic Bookcase, Traditional",8917
FUR-BO-10000330,Furniture,Bookcases,"Sauder Camden County Barrister Bookcase, Planked Cherry Finish",8923
FUR-BUS-10004820,Furniture,Bookcases,"Bush Classic Bookcase, Mobile",8934
FUR-BUS-10001876,Furniture,Bookcases,"Bush 3-Shelf Cabinet, Pine",8946
FUR-BO-10003404,Furniture,Bookcases,"Global Adaptabilites Bookcase, Cherry/Storm Gray Finish",8972
FUR-BO-10002598,Furniture,Bookcases,"Hon Metal Bookcases, Putty",9004
FUR-SAF-10002846,Furniture,Bookcases,"Safco Classic Bookcase, Pine",9080
FUR-BO-10003034,Furniture,Bookcases,"Sauder Stackable Bookrack, Pine",9083
FUR-BO-10003159,Furniture,Bookcases,"Dania Stackable Bookrack, Pine",9090
FUR-BO-10000214,Furniture,Bookcases,"Ikea Library with Doors, Pine",9101
FUR-BO-10004080,Furniture,Bookcases,"Ikea Stackable Bookrack, Traditional",9130
FUR-BO-10000362,Furniture,Bookcases,Sauder Inglewood Library Bookcases,9204
FUR-SAU-10003928,Furniture,Bookcases,"Sauder Classic Bookcase, Metal",9278
FUR-BO-10002387,Furniture,Bookcases,"Safco Library with Doors, Metal",9295
FUR-BO-10004633,Furniture,Bookcases,"Safco Stackable Bookrack, Traditional",9332
FUR-BO-10004508,Furniture,Bookcases,"Ikea Floating Shelf Set, Mobile",9366
FUR-BO-10003320,Furniture,Bookcases,"Dania Classic Bookcase, Metal",9367
FUR-BO-10004135,Furniture,Bookcases,"Ikea Stackable Bookrack, Traditional",9368
FUR-BO-10003563,Furniture,Bookcases,"Bush 3-Shelf Cabinet, Mobile",9369
FUR-BO-10000195,Furniture,Bookcases,"Dania Stackable Bookrack, Pine",9399
FUR-BO-10000676,Furniture,Bookcases,"Bush Stackable Bookrack, Pine",9407
FUR-BO-10002285,Furniture,Bookcases,"Safco Corner Shelving, Pine",9414
FUR-BO-10000895,Furniture,Bookcases,"Sauder Stackable Bookrack, Pine",9417
FUR-BO-10001362,Furniture,Bookcases,"Ikea Classic Bookcase, Metal",9436
FUR-BO-10000425,Furniture,Bookcases,"Bush Floating Shelf Set, Traditional",9465
FUR-BO-10000700,Furniture,Bookcases,"Sauder Floating Shelf Set, Metal",9493
FUR-BO-10003589,Furniture,Bookcases,"Dania Floating Shelf Set, Traditional",9495
FUR-BO-10000786,Furniture,Bookcases,"Sauder Stackable Bookrack, Pine",9508
FUR-BUS-10004644,Furniture,Bookcases,"Bush Library with Doors, Pine",9531
FUR-SAF-10001428,Furniture,Bookcases,"Safco Corner Shelving, Pine",9539
FUR-IKE-10000521,Furniture,Bookcases,"Ikea Classic Bookcase, Mobile",9542
FUR-BO-10001256,Furniture,Bookcases,"Ikea Corner Shelving, Pine",9550
FUR-BO-10002204,Furniture,Bookcases,"Dania Floating Shelf Set, Traditional",9553
FUR-BO-10002324,Furniture,Bookcases,"Sauder Stackable Bookrack, Pine",9573
FUR-BO-10001099,Furniture,Bookcases,"Bush Corner Shelving, Traditional",9639
FUR-BO-10004980,Furniture,Bookcases,"Bush Library with Doors, Mobile",9641
FUR-BO-10002975,Furniture,Bookcases,"Dania Stackable Bookrack, Traditional",9645
FUR-BO-10004558,Furniture,Bookcases,"Sauder Library with Doors, Pine",9684
FUR-BO-10001507,Furniture,Bookcases,"Ikea Library with Doors, Traditional",9685
FUR-BO-10002289,Furniture,Bookcases,"Ikea Corner Shelving, Pine",9770
FUR-BO-10003078,Furniture,Bookcases,"Safco Corner Shelving, Traditional",9800
FUR-BO-10004878,Furniture,Bookcases,"Ikea 3-Shelf Cabinet, Traditional",9809
FUR-BO-10003386,Furniture,Bookcases,"Sauder 3-Shelf Cabinet, Mobile",9827
FUR-BO-10001519,Furniture,Bookcases,O'Sullivan 3-Shelf Heavy-Duty Bookcases,9883
FUR-BO-10001918,Furniture,Bookcases,"Sauder Forest Hills Library with Doors, Woodland Oak Finish",9884
FUR-BO-10003660,Furniture,Bookcases,"Bush Cubix Collection Bookcases, Fully Assembled",9893
FUR-BO-10001476,Furniture,Bookcases,"Safco Corner Shelving, Pine",9924
FUR-BO-10003333,Furniture,Bookcases,"Sauder Stackable Bookrack, Traditional",9957
FUR-IKE-10003251,Furniture,Bookcases,"Ikea Floating Shelf Set, Mobile",9962
FUR-BO-10000533,Furniture,Bookcases,"Dania Corner Shelving, Pine",9966
FUR-BO-10003647,Furniture,Bookcases,"Ikea Classic Bookcase, Pine",9968
FUR-BO-10003284,Furniture,Bookcases,"Sauder Floating Shelf Set, Mobile",9990
FUR-BO-10001876,Furniture,Bookcases,"Safco Corner Shelving, Pine",10021
FUR-IKE-10003576,Furniture,Bookcases,"Ikea Floating Shelf Set, Pine",10066
FUR-BO-10004935,Furniture,Bookcases,"Ikea Stackable Bookrack, Mobile",10067
FUR-BO-10000087,Furniture,Bookcases,"Dania Classic Bookcase, Mobile",10079
FUR-BO-10002574,Furniture,Bookcases,"Bush Corner Shelving, Traditional",10080
FUR-BO-10000791,Furniture,Bookcases,"Dania Library with Doors, Traditional",10092
FUR-BO-10001452,Furniture,Bookcases,"Dania Stackable Bookrack, Pine",10131
FUR-BO-10001309,Furniture,Bookcases,"Ikea Classic Bookcase, Traditional",10134
FUR-IKE-10002147,Furniture,Bookcases,"Ikea Classic Bookcase, Metal",10143
FUR-BO-10001318,Furniture,Bookcases,"Safco Library with Doors, Mobile",10155
FUR-BO-10004103,Furniture,Bookcases,"Dania Library with Doors, Pine",10164
FUR-BO-10002003,Furniture,Bookcases,"Sauder Classic Bookcase, Metal",10179
FUR-BUS-10002192,Furniture,Bookcases,"Bush 3-Shelf Cabinet, Metal",10183
FUR-BO-10002042,Furniture,Bookcases,"Bush Classic Bookcase, Metal",10217
FUR-BO-10000021,Furniture,Bookcases,"Dania Corner Shelving, Metal",10272
FUR-BO-10000820,Furniture,Bookcases,"Sauder 3-Shelf Cabinet, Metal",10284
FUR-BO-10002981,Furniture,Bookcases,"Sauder Stackable Bookrack, Traditional",10342
FUR-BO-10002592,Furniture,Bookcases,"Safco Stackable Bookrack, Traditional",10365
FUR-BO-10000184,Furniture,Bookcases,"Sauder Floating Shelf Set, Mobile",10366
FUR-BUS-10003368,Furniture,Bookcases,"Bush Floating Shelf Set, Mobile",10409
FUR-BO-10003604,Furniture,Bookcases,"Ikea Corner Shelving, Mobile",10449
FUR-BO-10003282,Furniture,Bookcases,"Ikea Classic Bookcase, Mobile",10465
FUR-BO-10004371,Furniture,Bookcases,"Dania Classic Bookcase, Pine",10468
FUR-BUS-10003708,Furniture,Bookcases,"Bush Stackable Bookrack, Traditional",10489
FUR-SAF-10000204,Furniture,Bookcases,"Safco Library with Doors, Metal",10502
FUR-BO-10001585,Furniture,Bookcases,"Sauder Floating Shelf Set, Mobile",10505
FUR-BO-10000668,Furniture,Bookcases,"Ikea Corner Shelving, Traditional",10510
FUR-BO-10003661,Furniture,Bookcases,"Sauder Floating Shelf Set, Traditional",10542
FUR-BO-10000008,Furniture,Bookcases,"Sauder Library with Doors, Traditional",10569
FUR-BO-10001873,Furniture,Bookcases,"Ikea Floating Shelf Set, Mobile",10572
FUR-BO-10003181,Furniture,Bookcases,"Safco Corner Shelving, Metal",10575
FUR-BO-10001746,Furniture,Bookcases,"Dania 3-Shelf Cabinet, Pine",10578
FUR-DAN-10001622,Furniture,Bookcases,"Dania Library with Doors, Pine",10593
FUR-BO-10001524,Furniture,Bookcases,"Bush Stackable Bookrack, Pine",10610
FUR-BO-10004238,Furniture,Bookcases,"Ikea Corner Shelving, Pine",10625
FUR-BO-10004098,Furniture,Bookcases,"Ikea Stackable Bookrack, Pine",10641
FUR-BO-10002529,Furniture,Bookcases,"Safco Library with Doors, Metal",10642
FUR-BO-10000616,Furniture,Bookcases,"Dania Corner Shelving, Pine",10672
FUR-SAU-10002043,Furniture,Bookcases,"Sauder Floating Shelf Set, Metal",10679
FUR-BO-10000892,Furniture,Bookcases,"Bush Corner Shelving, Mobile",10709
FUR-BO-10001254,Furniture,Bookcases,"Dania 3-Shelf Cabinet, Mobile",10730
FUR-BO-10004434,Furniture,Bookcases,"Ikea Library with Doors, Traditional",10752
FUR-LES-10002852,Furniture,Tables,"Lesro Computer Table, Adjustable Height",86
FUR-TA-10004937,Furniture,Tables,"Chromcraft Conference Table, Rectangular",159
FUR-BAR-10004553,Furniture,Tables,"Barricks Training Table, Rectangular",226
FUR-TA-10003887,Furniture,Tables,"Hon Conference Table, Adjustable Height",259
FUR-TA-10003568,Furniture,Tables,"Chromcraft Conference Table, Rectangular",264
FUR-TA-10000073,Furniture,Tables,"Lesro Coffee Table, Adjustable Height",337
FUR-TA-10001531,Furniture,Tables,"Lesro Training Table, Adjustable Height",338
FUR-TA-10003893,Furniture,Tables,"Lesro Wood Table, with Bottom Storage",616
FUR-TA-10001539,Furniture,Tables,Chromcraft Rectangular Conference Tables,635
FUR-CHR-10001570,Furniture,Tables,"Chromcraft Conference Table, Rectangular",680
FUR-TA-10000649,Furniture,Tables,"Barricks Computer Table, with Bottom Storage",736
FUR-HON-10004987,Furniture,Tables,"Hon Training Table, Adjustable Height",880
FUR-TA-10001095,Furniture,Tables,Chromcraft Round Conference Tables,984
FUR-TA-10000665,Furniture,Tables,"Bevis Computer Table, Fully Assembled",1118
FUR-TA-10003273,Furniture,Tables,"Lesro Training Table, Rectangular",1166
FUR-TA-10001771,Furniture,Tables,"Bush Cubix Conference Tables, Fully Assembled",1202
FUR-TA-10004619,Furniture,Tables,Hon Non-Folding Utility Tables,1204
FUR-TA-10004840,Furniture,Tables,"Hon Conference Table, Adjustable Height",1216
FUR-BEV-10002193,Furniture,Tables,"Bevis Round Table, Adjustable Height",1264
FUR-BAR-10000831,Furniture,Tables,"Barricks Training Table, Fully Assembled",1343
FUR-TA-10002827,Furniture,Tables,"Hon Computer Table, Fully Assembled",1451
FUR-TA-10003497,Furniture,Tables,"Bevis Training Table, Adjustable Height",1452
FUR-TA-10004468,Furniture,Tables,"Lesro Training Table, Fully Assembled",1519
FUR-TA-10004308,Furniture,Tables,"Lesro Wood Table, Adjustable Height",1634
FUR-TA-10001192,Furniture,Tables,"Hon Training Table, Fully Assembled",1635
FUR-CHR-10001018,Furniture,Tables,"Chromcraft Round Table, Rectangular",1739
FUR-TA-10000577,Furniture,Tables,Bretford CR4500 Series Slim Rectangular Table,1838
FUR-TA-10001768,Furniture,Tables,Hon Racetrack Conference Tables,1839
FUR-TA-10004531,Furniture,Tables,"Chromcraft Coffee Table, Rectangular",1917
FUR-TA-10002065,Furniture,Tables,"Bevis Round Table, Rectangular",2055
FUR-TA-10003690,Furniture,Tables,"Hon Computer Table, Fully Assembled",2062
FUR-TA-10001980,Furniture,Tables,"Hon Wood Table, Rectangular",2063
FUR-TA-10003006,Furniture,Tables,"Hon Wood Table, Rectangular",2100
FUR-TA-10003583,Furniture,Tables,"Lesro Computer Table, with Bottom Storage",2110
FUR-TA-10004667,Furniture,Tables,"Bevis Wood Table, Adjustable Height",2141
FUR-TA-10001833,Furniture,Tables,"Bevis Round Table, Fully Assembled",2165
FUR-TA-10004722,Furniture,Tables,"Barricks Computer Table, Adjustable Height",2212
FUR-TA-10004748,Furniture,Tables,"Bevis Coffee Table, Fully Assembled",2213
FUR-TA-10002041,Furniture,Tables,"Bevis Round Conference Table Top, X-Base",2239
FUR-TA-10002645,Furniture,Tables,Hon Rectangular Conference Tables,2242
FUR-TA-10003469,Furniture,Tables,Balt Split Level Computer Training Table,2248
FUR-TA-10002958,Furniture,Tables,"Bevis Oval Conference Table, Walnut",2251
FUR-TA-10001676,Furniture,Tables,Hon 61000 Series Interactive Training Tables,2252
FUR-TA-10004575,Furniture,Tables,Hon 5100 Series Wood Tables,2256
FUR-TA-10002979,Furniture,Tables,"Bevis Coffee Table, Rectangular",2393
FUR-CHR-10001784,Furniture,Tables,"Chromcraft Coffee Table, with Bottom Storage",2538
FUR-TA-10002571,Furniture,Tables,"Chromcraft Coffee Table, Adjustable Height",2566
FUR-TA-10003855,Furniture,Tables,"Lesro Round Table, with Bottom Storage",2583
FUR-TA-10001086,Furniture,Tables,"SAFCO PlanMaster Boards, 60w x 37-1/2d, White Melamine",2602
FUR-BAR-10004434,Furniture,Tables,"Barricks Wood Table, Rectangular",2615
FUR-TA-10002172,Furniture,Tables,"Hon Conference Table, Rectangular",2634
FUR-TA-10002622,Furniture,Tables,"Bush Andora Conference Table, Maple/Graphite Gray Finish",2699
FUR-TA-10000222,Furniture,Tables,"Bevis Training Table, Adjustable Height",2728
FUR-TA-10001889,Furniture,Tables,"Bevis Conference Table, Fully Assembled",2734
FUR-TA-10002797,Furniture,Tables,"Chromcraft Round Table, Adjustable Height",2735
FUR-TA-10004383,Furniture,Tables,"Bevis Coffee Table, Adjustable Height",2740
FUR-TA-10003518,Furniture,Tables,"Chromcraft Training Table, Fully Assembled",2758
FUR-TA-10002095,Furniture,Tables,"Lesro Training Table, Fully Assembled",2776
FUR-TA-10002972,Furniture,Tables,"Barricks Computer Table, Fully Assembled",2852
FUR-TA-10000299,Furniture,Tables,"Lesro Round Table, Adjustable Height",2925
FUR-TA-10004757,Furniture,Tables,"Barricks Training Table, with Bottom Storage",2959
FUR-TA-10000304,Furniture,Tables,"Barricks Training Table, with Bottom Storage",3119
FUR-TA-10004054,Furniture,Tables,"Lesro Conference Table, with Bottom Storage",3134
FUR-TA-10003157,Furniture,Tables,"Hon Coffee Table, with Bottom Storage",3392
FUR-TA-10000989,Furniture,Tables,"Lesro Conference Table, Rectangular",3441
FUR-TA-10000052,Furniture,Tables,"Hon Training Table, Adjustable Height",3450
FUR-TA-10003954,Furniture,Tables,Hon 94000 Series Round Tables,3473
FUR-TA-10003790,Furniture,Tables,"Bevis Computer Table, Fully Assembled",3596
FUR-TA-10001228,Furniture,Tables,"Bevis Training Table, Rectangular",3673
FUR-LES-10002613,Furniture,Tables,"Lesro Wood Table, Rectangular",3731
FUR-TA-10001100,Furniture,Tables,"Barricks Computer Table, Fully Assembled",3753
FUR-TA-10004744,Furniture,Tables,"Lesro Conference Table, with Bottom Storage",3790
FUR-TA-10002467,Furniture,Tables,"Lesro Conference Table, Adjustable Height",3824
FUR-TA-10002497,Furniture,Tables,"Chromcraft Computer Table, Adjustable Height",3935
FUR-TA-10004534,Furniture,Tables,Bevis 44 x 96 Conference Tables,3957
FUR-TA-10003371,Furniture,Tables,"Chromcraft Training Table, Adjustable Height",3969
FUR-TA-10002868,Furniture,Tables,"Barricks Coffee Table, Adjustable Height",4136
FUR-TA-10003323,Furniture,Tables,"Bevis Round Table, Adjustable Height",4185
FUR-TA-10003527,Furniture,Tables,"Chromcraft Wood Table, with Bottom Storage",4196
FUR-TA-10001664,Furniture,Tables,"Chromcraft Conference Table, with Bottom Storage",4285
FUR-TA-10004406,Furniture,Tables,"Bevis Computer Table, Fully Assembled",4417
FUR-TA-10004801,Furniture,Tables,"Hon Conference Table, Rectangular",4418
FUR-TA-10001494,Furniture,Tables,"Lesro Wood Table, Adjustable Height",4433
FUR-TA-10004152,Furniture,Tables,"Barricks 18"" x 48"" Non-Folding Utility Table with Bottom Storage Shelf",4525
FUR-TA-10000617,Furniture,Tables,"Hon Practical Foundations 30 x 60 Training Table, Light Gray/Charcoal",4533
FUR-TA-10000136,Furniture,Tables,"Chromcraft Conference Table, Adjustable Height",4608
FUR-TA-10000750,Furniture,Tables,"Hon Round Table, Fully Assembled",4671
FUR-TA-10002088,Furniture,Tables,"Barricks Coffee Table, Adjustable Height",4686
FUR-TA-10001090,Furniture,Tables,"Chromcraft Round Table, Rectangular",4689
FUR-TA-10000637,Furniture,Tables,"Bevis Conference Table, Rectangular",4691
FUR-TA-10003926,Furniture,Tables,"Lesro Conference Table, Adjustable Height",4704
FUR-TA-10000226,Furniture,Tables,"Chromcraft Conference Table, with Bottom Storage",4764
FUR-TA-10001889,Furniture,Tables,Bush Advantage Collection Racetrack Conference Table,4805
FUR-HON-10000224,Furniture,Tables,"Hon Computer Table, with Bottom Storage",4849
FUR-TA-10004005,Furniture,Tables,"Bevis Coffee Table, Rectangular",4875
FUR-TA-10000360,Furniture,Tables,"Chromcraft Wood Table, Fully Assembled",4880
FUR-CHR-10004803,Furniture,Tables,"Chromcraft Wood Table, Fully Assembled",4981
FUR-TA-10004820,Furniture,Tables,"Barricks Wood Table, Fully Assembled",5099
FUR-TA-10001276,Furniture,Tables,"Lesro Coffee Table, with Bottom Storage",5158
FUR-TA-10000075,Furniture,Tables,"Bevis Coffee Table, Fully Assembled",5162
FUR-TA-10004342,Furniture,Tables,"Chromcraft Round Table, with Bottom Storage",5163
FUR-HON-10003412,Furniture,Tables,"Hon Wood Table, Fully Assembled",5249
FUR-TA-10002482,Furniture,Tables,"Bevis Wood Table, Fully Assembled",5265
FUR-TA-10004972,Furniture,Tables,"Chromcraft Wood Table, Rectangular",5272
FUR-TA-10004249,Furniture,Tables,"Lesro Wood Table, Fully Assembled",5275
FUR-TA-10000323,Furniture,Tables,"Lesro Round Table, Fully Assembled",5316
FUR-TA-10001276,Furniture,Tables,"Lesro Training Table, Fully Assembled",5327
FUR-TA-10004504,Furniture,Tables,"Lesro Computer Table, with Bottom Storage",5372
FUR-BAR-10000946,Furniture,Tables,"Barricks Computer Table, with Bottom Storage",5427
FUR-CHR-10000585,Furniture,Tables,"Chromcraft Coffee Table, Adjustable Height",5428
FUR-CHR-10003806,Furniture,Tables,"Chromcraft Conference Table, with Bottom Storage",5429
FUR-TA-10002789,Furniture,Tables,"Hon Coffee Table, with Bottom Storage",5451
FUR-TA-10002544,Furniture,Tables,"Barricks Training Table, Fully Assembled",5460
FUR-TA-10002611,Furniture,Tables,"Barricks Computer Table, with Bottom Storage",5484
FUR-TA-10004607,Furniture,Tables,Hon 2111 Invitation Series Straight Table,5523
FUR-TA-10002533,Furniture,Tables,BPI Conference Tables,5568
FUR-TA-10001039,Furniture,Tables,KI Adjustable-Height Table,5569
FUR-BAR-10003532,Furniture,Tables,"Barricks Conference Table, Rectangular",5624
FUR-HON-10003950,Furniture,Tables,"Hon Coffee Table, Adjustable Height",5627
FUR-TA-10002256,Furniture,Tables,"Hon Wood Table, Fully Assembled",5653
FUR-TA-10003715,Furniture,Tables,Hon 2111 Invitation Series Corner Table,5670
FUR-TA-10003238,Furniture,Tables,"Chromcraft Bull-Nose Wood 48"" x 96"" Rectangular Conference Tables",5675
FUR-TA-10002523,Furniture,Tables,"Barricks Training Table, Rectangular",5680
FUR-TA-10002607,Furniture,Tables,KI Conference Tables,5713
FUR-TA-10004289,Furniture,Tables,BoxOffice By Design Rectangular and Half-Moon Meeting Room Tables,5727
FUR-TA-10004086,Furniture,Tables,KI Adjustable-Height Table,5734
FUR-TA-10000849,Furniture,Tables,Bevis Rectangular Conference Tables,5748
FUR-TA-10001932,Furniture,Tables,"Chromcraft 48"" x 96"" Racetrack Double Pedestal Table",5765
FUR-TA-10000688,Furniture,Tables,"Chromcraft Bull-Nose Wood Round Conference Table Top, Wood Base",5769
FUR-TA-10003008,Furniture,Tables,"Lesro Round Back Collection Coffee Table, End Table",5777
FUR-TA-10004810,Furniture,Tables,"Barricks Computer Table, Adjustable Height",5919
FUR-TA-10003597,Furniture,Tables,"Bevis Wood Table, with Bottom Storage",5984
FUR-TA-10000317,Furniture,Tables,"Barricks Computer Table, Fully Assembled",6047
FUR-TA-10004353,Furniture,Tables,"Chromcraft Wood Table, with Bottom Storage",6063
FUR-TA-10001740,Furniture,Tables,"Barricks Conference Table, Adjustable Height",6136
FUR-TA-10000805,Furniture,Tables,"Bevis Wood Table, Adjustable Height",6138
FUR-TA-10002356,Furniture,Tables,Bevis Boat-Shaped Conference Table,6228
FUR-TA-10001950,Furniture,Tables,Balt Solid Wood Round Tables,6352
FUR-TA-10002530,Furniture,Tables,"Iceberg OfficeWorks 42"" Round Tables",6406
FUR-TA-10000198,Furniture,Tables,Chromcraft Bull-Nose Wood Oval Conference Tables & Bases,6468
FUR-TA-10003748,Furniture,Tables,Bevis 36 x 72 Conference Tables,6476
FUR-TA-10003663,Furniture,Tables,"Bevis Computer Table, Adjustable Height",6487
FUR-TA-10002519,Furniture,Tables,"Lesro Conference Table, with Bottom Storage",6488
FUR-BEV-10000326,Furniture,Tables,"Bevis Wood Table, Rectangular",6491
FUR-TA-10001602,Furniture,Tables,"Barricks Round Table, Adjustable Height",6529
FUR-TA-10000593,Furniture,Tables,"Chromcraft Training Table, Fully Assembled",6532
FUR-TA-10001726,Furniture,Tables,"Bevis Conference Table, with Bottom Storage",6559
FUR-TA-10003030,Furniture,Tables,"Lesro Training Table, Adjustable Height",6567
FUR-TA-10001930,Furniture,Tables,"Bevis Computer Table, with Bottom Storage",6594
FUR-TA-10004915,Furniture,Tables,"Office Impressions End Table, 20-1/2""H x 24""W x 20""D",6601
FUR-TA-10000310,Furniture,Tables,"Barricks Training Table, Rectangular",6620
FUR-CHR-10002686,Furniture,Tables,"Chromcraft Computer Table, Adjustable Height",6692
FUR-TA-10004050,Furniture,Tables,"Lesro Coffee Table, Fully Assembled",6695
FUR-TA-10001113,Furniture,Tables,"Barricks Training Table, Fully Assembled",6697
FUR-TA-10002228,Furniture,Tables,"Bevis Traditional Conference Table Top, Plinth Base",6729
FUR-TA-10002855,Furniture,Tables,Bevis Round Conference Table Top & Single Column Base,6732
FUR-TA-10004767,Furniture,Tables,Safco Drafting Table,6733
FUR-TA-10001237,Furniture,Tables,"Barricks Coffee Table, Fully Assembled",6816
FUR-TA-10004484,Furniture,Tables,"Barricks Wood Table, Adjustable Height",6817
FUR-TA-10001786,Furniture,Tables,"Chromcraft Computer Table, with Bottom Storage",6879
FUR-TA-10000434,Furniture,Tables,"Chromcraft Coffee Table, with Bottom Storage",6920
FUR-TA-10002957,Furniture,Tables,"Bevis Training Table, Fully Assembled",6921
FUR-TA-10004147,Furniture,Tables,Hon 4060 Series Tables,6995
FUR-TA-10001857,Furniture,Tables,Balt Solid Wood Rectangular Table,7000
FUR-LES-10004420,Furniture,Tables,"Lesro Coffee Table, with Bottom Storage",7067
FUR-BAR-10002449,Furniture,Tables,"Barricks Training Table, Adjustable Height",7077
FUR-TA-10002951,Furniture,Tables,"Barricks Round Table, Adjustable Height",7111
FUR-TA-10002041,Furniture,Tables,"Lesro Computer Table, Fully Assembled",7114
FUR-TA-10003473,Furniture,Tables,Bretford Rectangular Conference Table Tops,7127
FUR-TA-10004680,Furniture,Tables,"Lesro Wood Table, Fully Assembled",7132
FUR-TA-10001307,Furniture,Tables,"SAFCO PlanMaster Heigh-Adjustable Drafting Table Base, 43w x 30d x 30-37h, Black",7175
FUR-TA-10000355,Furniture,Tables,"Bevis Wood Table, with Bottom Storage",7207
FUR-TA-10003591,Furniture,Tables,"Bevis Wood Table, Rectangular",7265
FUR-TA-10003268,Furniture,Tables,"Lesro Round Table, Rectangular",7266
FUR-TA-10002903,Furniture,Tables,"Bevis Round Bullnose 29"" High Table Top",7273
FUR-TA-10000403,Furniture,Tables,"Barricks Wood Table, Adjustable Height",7284
FUR-TA-10001100,Furniture,Tables,"Lesro Training Table, Adjustable Height",7327
FUR-TA-10001386,Furniture,Tables,"Lesro Conference Table, Fully Assembled",7422
FUR-TA-10004817,Furniture,Tables,"Lesro Coffee Table, with Bottom Storage",7474
FUR-TA-10002568,Furniture,Tables,"Chromcraft Coffee Table, Rectangular",7475
FUR-TA-10004524,Furniture,Tables,"Bevis Round Table, with Bottom Storage",7483
FUR-TA-10002433,Furniture,Tables,"Chromcraft Computer Table, with Bottom Storage",7508
FUR-TA-10004219,Furniture,Tables,"Bevis Computer Table, with Bottom Storage",7565
FUR-BEV-10002369,Furniture,Tables,"Bevis Training Table, Fully Assembled",7580
FUR-TA-10001360,Furniture,Tables,"Bevis Round Table, Rectangular",7586
FUR-TA-10001633,Furniture,Tables,"Bevis Wood Table, with Bottom Storage",7621
FUR-BEV-10004805,Furniture,Tables,"Bevis Conference Table, Rectangular",7665
FUR-TA-10000207,Furniture,Tables,"Chromcraft Round Table, Fully Assembled",7716
FUR-TA-10001289,Furniture,Tables,"Lesro Conference Table, Fully Assembled",7819
FUR-TA-10003522,Furniture,Tables,"Chromcraft Conference Table, with Bottom Storage",7863
FUR-TA-10000695,Furniture,Tables,"Lesro Wood Table, Rectangular",7886
FUR-HON-10001343,Furniture,Tables,"Hon Coffee Table, Fully Assembled",7972
FUR-TA-10000164,Furniture,Tables,"Lesro Training Table, Fully Assembled",8017
FUR-TA-10002958,Furniture,Tables,"Chromcraft Conference Table, Fully Assembled",8021
FUR-TA-10001549,Furniture,Tables,"Barricks Coffee Table, Rectangular",8036
FUR-TA-10000962,Furniture,Tables,"Hon Conference Table, Adjustable Height",8038
FUR-TA-10003963,Furniture,Tables,"Bevis Conference Table, Fully Assembled",8043
FUR-TA-10004544,Furniture,Tables,"Chromcraft Coffee Table, Fully Assembled",8046
FUR-BAR-10003465,Furniture,Tables,"Barricks Computer Table, Adjustable Height",8054
FUR-TA-10000115,Furniture,Tables,"Barricks Coffee Table, Fully Assembled",8060
FUR-TA-10000971,Furniture,Tables,"Bevis Training Table, Rectangular",8072
FUR-TA-10003786,Furniture,Tables,"Hon Training Table, Fully Assembled",8080
FUR-TA-10003392,Furniture,Tables,Global Adaptabilities Conference Tables,8101
FUR-TA-10004957,Furniture,Tables,"Bevis Wood Table, Fully Assembled",8152
FUR-TA-10002650,Furniture,Tables,"Hon Wood Table, with Bottom Storage",8175
FUR-TA-10002487,Furniture,Tables,"Bevis Training Table, with Bottom Storage",8178
FUR-TA-10001866,Furniture,Tables,Bevis Round Conference Room Tables and Bases,8227
FUR-TA-10001705,Furniture,Tables,Bush Advantage Collection Round Conference Table,8228
FUR-TA-10004442,Furniture,Tables,Riverside Furniture Stanwyck Manor Table Series,8229
FUR-TA-10004154,Furniture,Tables,"Riverside Furniture Oval Coffee Table, Oval End Table, End Table with Drawer",8232
FUR-TA-10002774,Furniture,Tables,Laminate Occasional Tables,8245
FUR-TA-10002860,Furniture,Tables,"Hon Training Table, with Bottom Storage",8319
FUR-TA-10000486,Furniture,Tables,"Barricks Wood Table, Adjustable Height",8327
FUR-TA-10004711,Furniture,Tables,"Lesro Conference Table, Adjustable Height",8394
FUR-TA-10000927,Furniture,Tables,"Bevis Conference Table, Fully Assembled",8398
FUR-TA-10003594,Furniture,Tables,"Hon Conference Table, with Bottom Storage",8399
FUR-LES-10003538,Furniture,Tables,"Lesro Coffee Table, Fully Assembled",8472
FUR-BAR-10001039,Furniture,Tables,"Barricks Coffee Table, Fully Assembled",8476
FUR-BEV-10003414,Furniture,Tables,"Bevis Computer Table, Fully Assembled",8490
FUR-TA-10003569,Furniture,Tables,Bretford CR8500 Series Meeting Room Furniture,8552
FUR-TA-10002527,Furniture,Tables,"Barricks Round Table, Fully Assembled",8594
FUR-TA-10004653,Furniture,Tables,"Chromcraft Training Table, Rectangular",8600
FUR-TA-10001327,Furniture,Tables,"Barricks Training Table, Rectangular",8602
FUR-TA-10002638,Furniture,Tables,"Barricks Wood Table, Rectangular",8603
FUR-TA-10001359,Furniture,Tables,"Chromcraft Training Table, with Bottom Storage",8604
FUR-TA-10000490,Furniture,Tables,"Lesro Training Table, with Bottom Storage",8606
FUR-TA-10001205,Furniture,Tables,"Chromcraft Wood Table, Rectangular",8616
FUR-TA-10004745,Furniture,Tables,"Chromcraft Conference Table, Rectangular",8662
FUR-HON-10001015,Furniture,Tables,"Hon Training Table, Rectangular",8682
FUR-HON-10001960,Furniture,Tables,"Hon Wood Table, Rectangular",8685
FUR-TA-10003641,Furniture,Tables,"Barricks Wood Table, with Bottom Storage",8709
FUR-TA-10000478,Furniture,Tables,"Bevis Round Table, Fully Assembled",8712
FUR-TA-10002982,Furniture,Tables,"Lesro Coffee Table, Adjustable Height",8713
FUR-TA-10004892,Furniture,Tables,"Chromcraft Wood Table, with Bottom Storage",8724
FUR-TA-10000147,Furniture,Tables,"Lesro Coffee Table, Rectangular",8733
FUR-LES-10002026,Furniture,Tables,"Lesro Conference Table, Rectangular",8791
FUR-CHR-10002165,Furniture,Tables,"Chromcraft Wood Table, Adjustable Height",8820
FUR-BEV-10004919,Furniture,Tables,"Bevis Wood Table, with Bottom Storage",8832
FUR-TA-10004584,Furniture,Tables,"Hon Training Table, Rectangular",8892
FUR-TA-10003405,Furniture,Tables,"Lesro Computer Table, Adjustable Height",8901
FUR-HON-10004932,Furniture,Tables,"Hon Conference Table, with Bottom Storage",8949
FUR-TA-10003354,Furniture,Tables,"Barricks Conference Table, Adjustable Height",9043
FUR-TA-10000963,Furniture,Tables,"Chromcraft Round Table, with Bottom Storage",9061
FUR-TA-10001726,Furniture,Tables,"Bevis Coffee Table, Fully Assembled",9063
FUR-TA-10003451,Furniture,Tables,"Hon Coffee Table, Adjustable Height",9097
FUR-TA-10003079,Furniture,Tables,"Hon Training Table, Rectangular",9110
FUR-TA-10004634,Furniture,Tables,"Bevis Training Table, Adjustable Height",9118
FUR-TA-10004256,Furniture,Tables,Bretford ?Just In Time? Height-Adjustable Multi-Task Work Tables,9213
FUR-TA-10001691,Furniture,Tables,"Barricks Non-Folding Utility Table with Steel Legs, Laminate Tops",9215
FUR-TA-10001520,Furniture,Tables,"Lesro Sheffield Collection Coffee Table, End Table, Center Table, Corner Table",9216
FUR-CHR-10002278,Furniture,Tables,"Chromcraft Round Table, Adjustable Height",9258
FUR-BEV-10001217,Furniture,Tables,"Bevis Wood Table, Fully Assembled",9267
FUR-TA-10000283,Furniture,Tables,"Hon Wood Table, with Bottom Storage",9271
FUR-TA-10002153,Furniture,Tables,"Lesro Round Table, with Bottom Storage",9273
FUR-TA-10002931,Furniture,Tables,"Hon Round Table, with Bottom Storage",9274
FUR-TA-10001306,Furniture,Tables,"Hon Wood Table, Adjustable Height",9284
FUR-TA-10003171,Furniture,Tables,"Bevis Training Table, Fully Assembled",9288
FUR-TA-10003152,Furniture,Tables,"Lesro Round Table, Adjustable Height",9290
FUR-HON-10003871,Furniture,Tables,"Hon Conference Table, Fully Assembled",9335
FUR-TA-10001285,Furniture,Tables,"Chromcraft Conference Table, Fully Assembled",9380
FUR-TA-10000789,Furniture,Tables,"Lesro Training Table, with Bottom Storage",9382
FUR-TA-10003003,Furniture,Tables,"Lesro Wood Table, Rectangular",9396
FUR-TA-10003747,Furniture,Tables,"Lesro Round Table, Rectangular",9416
FUR-TA-10003055,Furniture,Tables,"Lesro Round Table, Fully Assembled",9418
FUR-CHR-10000888,Furniture,Tables,"Chromcraft Computer Table, Fully Assembled",9421
FUR-TA-10000649,Furniture,Tables,"Bevis Computer Table, Adjustable Height",9482
FUR-TA-10002146,Furniture,Tables,"Hon Coffee Table, with Bottom Storage",9503
FUR-LES-10000904,Furniture,Tables,"Lesro Training Table, with Bottom Storage",9514
FUR-TA-10003179,Furniture,Tables,"Chromcraft Round Table, Adjustable Height",9524
FUR-LES-10000488,Furniture,Tables,"Lesro Coffee Table, Adjustable Height",9528
FUR-BEV-10001853,Furniture,Tables,"Bevis Computer Table, Adjustable Height",9543
FUR-TA-10003179,Furniture,Tables,"Lesro Wood Table, Fully Assembled",9551
FUR-TA-10002833,Furniture,Tables,"Lesro Training Table, Rectangular",9552
FUR-TA-10003222,Furniture,Tables,"Barricks Wood Table, with Bottom Storage",9560
FUR-TA-10001433,Furniture,Tables,"Bevis Round Table, with Bottom Storage",9561
FUR-TA-10003926,Furniture,Tables,"Hon Wood Table, with Bottom Storage",9576
FUR-TA-10003254,Furniture,Tables,"Bevis Round Table, Adjustable Height",9577
FUR-TA-10003596,Furniture,Tables,"Lesro Computer Table, Adjustable Height",9578
FUR-TA-10001433,Furniture,Tables,"Barricks Coffee Table, Adjustable Height",9579
FUR-TA-10000991,Furniture,Tables,"Lesro Computer Table, Adjustable Height",9637
FUR-TA-10004154,Furniture,Tables,"Lesro Round Table, Adjustable Height",9638
FUR-TA-10002235,Furniture,Tables,"Chromcraft Round Table, Adjustable Height",9644
FUR-TA-10003899,Furniture,Tables,"Barricks Round Table, with Bottom Storage",9661
FUR-TA-10004336,Furniture,Tables,"Hon Wood Table, Fully Assembled",9689
FUR-TA-10001600,Furniture,Tables,"Lesro Coffee Table, Fully Assembled",9690
FUR-TA-10001642,Furniture,Tables,"Lesro Round Table, Rectangular",9692
FUR-TA-10000671,Furniture,Tables,"Barricks Conference Table, with Bottom Storage",9693
FUR-TA-10002411,Furniture,Tables,"Hon Round Table, with Bottom Storage",9701
FUR-TA-10003785,Furniture,Tables,"Hon Round Table, Adjustable Height",9708
FUR-TA-10001496,Furniture,Tables,"Barricks Computer Table, Fully Assembled",9711
FUR-TA-10003319,Furniture,Tables,"Barricks Coffee Table, with Bottom Storage",9727
FUR-TA-10001226,Furniture,Tables,"Hon Conference Table, Rectangular",9739
FUR-TA-10004416,Furniture,Tables,"Bevis Wood Table, Adjustable Height",9744
FUR-TA-10001693,Furniture,Tables,"Bevis Training Table, with Bottom Storage",9753
FUR-TA-10001116,Furniture,Tables,"Barricks Conference Table, Fully Assembled",9757
FUR-TA-10002935,Furniture,Tables,"Bevis Coffee Table, Adjustable Height",9785
FUR-TA-10000184,Furniture,Tables,"Barricks Conference Table, Fully Assembled",9789
FUR-TA-10002912,Furniture,Tables,"Lesro Conference Table, Fully Assembled",9790
FUR-TA-10001968,Furniture,Tables,"Bevis Computer Table, with Bottom Storage",9801
FUR-TA-10004175,Furniture,Tables,"Hon 30"" x 60"" Table with Locking Drawer",9879
FUR-TA-10003837,Furniture,Tables,Anderson Hickey Conga Table Tops & Accessories,9880
FUR-TA-10003627,Furniture,Tables,"Bevis Conference Table, with Bottom Storage",9911
FUR-TA-10001089,Furniture,Tables,"Hon Computer Table, with Bottom Storage",9929
FUR-LES-10004098,Furniture,Tables,"Lesro Round Table, Rectangular",9937
FUR-TA-10000245,Furniture,Tables,"Chromcraft Computer Table, Adjustable Height",9959
FUR-TA-10000687,Furniture,Tables,"Bevis Conference Table, with Bottom Storage",9964
FUR-TA-10001622,Furniture,Tables,"Lesro Coffee Table, with Bottom Storage",9970
FUR-TA-10002341,Furniture,Tables,"Barricks Computer Table, Fully Assembled",10011
FUR-TA-10000558,Furniture,Tables,"Hon Wood Table, Rectangular",10014
FUR-TA-10004730,Furniture,Tables,"Barricks Training Table, Adjustable Height",10027
FUR-TA-10003164,Furniture,Tables,"Bevis Wood Table, Rectangular",10035
FUR-TA-10001935,Furniture,Tables,"Hon Coffee Table, Fully Assembled",10042
FUR-TA-10003358,Furniture,Tables,"Hon Round Table, Rectangular",10044
FUR-TA-10003078,Furniture,Tables,"Hon Training Table, Fully Assembled",10064
FUR-TA-10003449,Furniture,Tables,"Chromcraft Coffee Table, Rectangular",10068
FUR-TA-10003539,Furniture,Tables,"Bevis Wood Table, Fully Assembled",10114
FUR-BAR-10002710,Furniture,Tables,"Barricks Coffee Table, Adjustable Height",10144
FUR-HON-10002837,Furniture,Tables,"Hon Round Table, with Bottom Storage",10154
FUR-TA-10001371,Furniture,Tables,"Chromcraft Coffee Table, Fully Assembled",10193
FUR-TA-10004132,Furniture,Tables,"Bevis Coffee Table, with Bottom Storage",10198
FUR-TA-10003386,Furniture,Tables,"Hon Round Table, with Bottom Storage",10211
FUR-TA-10001595,Furniture,Tables,"Chromcraft Coffee Table, Adjustable Height",10216
FUR-BAR-10003576,Furniture,Tables,"Barricks Training Table, with Bottom Storage",10226
FUR-LES-10004886,Furniture,Tables,"Lesro Conference Table, Fully Assembled",10227
FUR-BAR-10004561,Furniture,Tables,"Barricks Wood Table, Fully Assembled",10256
FUR-TA-10000861,Furniture,Tables,"Barricks Conference Table, with Bottom Storage",10268
FUR-TA-10002557,Furniture,Tables,"Barricks Conference Table, Rectangular",10275
FUR-BEV-10001048,Furniture,Tables,"Bevis Conference Table, with Bottom Storage",10278
FUR-BEV-10000388,Furniture,Tables,"Bevis Coffee Table, Rectangular",10279
FUR-BEV-10002803,Furniture,Tables,"Bevis Conference Table, Fully Assembled",10286
FUR-TA-10002786,Furniture,Tables,"Lesro Computer Table, Fully Assembled",10287
FUR-TA-10004440,Furniture,Tables,"Chromcraft Wood Table, Fully Assembled",10311
FUR-TA-10002912,Furniture,Tables,"Lesro Conference Table, Rectangular",10314
FUR-TA-10002582,Furniture,Tables,"Barricks Coffee Table, Rectangular",10321
FUR-TA-10000855,Furniture,Tables,"Chromcraft Training Table, Rectangular",10324
FUR-TA-10002885,Furniture,Tables,"Lesro Computer Table, Fully Assembled",10325
FUR-TA-10000518,Furniture,Tables,"Chromcraft Round Table, Fully Assembled",10333
FUR-TA-10003485,Furniture,Tables,"Bevis Training Table, Rectangular",10334
FUR-TA-10004306,Furniture,Tables,"Barricks Round Table, Fully Assembled",10335
FUR-TA-10000945,Furniture,Tables,"Bevis Coffee Table, Adjustable Height",10346
FUR-TA-10002966,Furniture,Tables,"Chromcraft Computer Table, Fully Assembled",10347
FUR-TA-10000519,Furniture,Tables,"Bevis Computer Table, Fully Assembled",10349
FUR-TA-10001229,Furniture,Tables,"Chromcraft Computer Table, Rectangular",10351
FUR-TA-10003782,Furniture,Tables,"Lesro Training Table, Rectangular",10353
FUR-TA-10002093,Furniture,Tables,"Chromcraft Wood Table, Adjustable Height",10360
FUR-TA-10001272,Furniture,Tables,"Barricks Training Table, Fully Assembled",10361
FUR-BAR-10000560,Furniture,Tables,"Barricks Round Table, with Bottom Storage",10388
FUR-TA-10004649,Furniture,Tables,"Barricks Round Table, Rectangular",10390
FUR-TA-10003748,Furniture,Tables,"Bevis Round Table, Adjustable Height",10402
FUR-TA-10003307,Furniture,Tables,"Barricks Conference Table, Fully Assembled",10406
FUR-TA-10003954,Furniture,Tables,"Barricks Conference Table, with Bottom Storage",10413
FUR-TA-10000591,Furniture,Tables,"Chromcraft Training Table, with Bottom Storage",10416
FUR-TA-10000038,Furniture,Tables,"Chromcraft Conference Table, Adjustable Height",10419
FUR-TA-10003576,Furniture,Tables,"Hon Coffee Table, Adjustable Height",10421
FUR-TA-10002101,Furniture,Tables,"Bevis Conference Table, Fully Assembled",10434
FUR-TA-10004832,Furniture,Tables,"Hon Conference Table, with Bottom Storage",10435
FUR-LES-10003082,Furniture,Tables,"Lesro Coffee Table, Rectangular",10437
FUR-TA-10003929,Furniture,Tables,"Hon Computer Table, Fully Assembled",10446
FUR-TA-10004371,Furniture,Tables,"Lesro Round Table, Adjustable Height",10450
FUR-TA-10003637,Furniture,Tables,"Lesro Coffee Table, with Bottom Storage",10481
FUR-BAR-10004682,Furniture,Tables,"Barricks Round Table, Fully Assembled",10488
FUR-LES-10000874,Furniture,Tables,"Lesro Computer Table, Fully Assembled",10490
FUR-TA-10002699,Furniture,Tables,"Hon Round Table, Rectangular",10493
FUR-TA-10000347,Furniture,Tables,"Hon Computer Table, Adjustable Height",10495
FUR-LES-10002616,Furniture,Tables,"Lesro Conference Table, with Bottom Storage",10504
FUR-HON-10003080,Furniture,Tables,"Hon Computer Table, Adjustable Height",10532
FUR-TA-10004134,Furniture,Tables,"Barricks Training Table, with Bottom Storage",10544
FUR-TA-10002351,Furniture,Tables,"Hon Training Table, Adjustable Height",10554
FUR-TA-10000403,Furniture,Tables,"Barricks Computer Table, Fully Assembled",10555
FUR-TA-10003228,Furniture,Tables,"Hon Computer Table, Fully Assembled",10557
FUR-TA-10001558,Furniture,Tables,"Barricks Training Table, Rectangular",10563
FUR-TA-10001572,Furniture,Tables,"Hon Wood Table, Rectangular",10570
FUR-TA-10004826,Furniture,Tables,"Bevis Training Table, Rectangular",10638
FUR-TA-10001744,Furniture,Tables,"Lesro Coffee Table, Adjustable Height",10674
FUR-TA-10000670,Furniture,Tables,"Chromcraft Coffee Table, Adjustable Height",10707
FUR-TA-10000022,Furniture,Tables,"Hon Conference Table, Adjustable Height",10708
FUR-TA-10003510,Furniture,Tables,"Hon Computer Table, Fully Assembled",10755
FUR-TA-10003771,Furniture,Tables,"Hon Computer Table, Adjustable Height",10759
FUR-TA-10003291,Furniture,Tables,"Bevis Computer Table, Fully Assembled",10760
FUR-TA-10003185,Furniture,Tables,"Chromcraft Computer Table, Fully Assembled",10761
FUR-TA-10001056,Furniture,Tables,"Barricks Conference Table, Adjustable Height",10762
